scan_mid_utc,sat,cf10,n10,cf20,n20,cf50,n50,file_key
2022-10-22T02:05:05,G16,0.0,58,0.0,243,0.0345,1509,ABI-L2-ACMF/2022/295/02/OR_ABI-L2-ACMF-M6_G16_s20222950200205_e20222950209513_c20222950211011.nc
2022-10-22T04:05:05,G16,0.0,58,0.0,243,0.0404,1509,ABI-L2-ACMF/2022/295/04/OR_ABI-L2-ACMF-M6_G16_s20222950400205_e20222950409513_c20222950411017.nc
2022-10-22T05:05:06,G16,0.0,58,0.0,243,0.0378,1509,ABI-L2-ACMF/2022/295/05/OR_ABI-L2-ACMF-M6_G16_s20222950500207_e20222950509515_c20222950511011.nc
2022-10-22T03:05:05,G16,0.0,58,0.0,243,0.0384,1509,ABI-L2-ACMF/2022/295/03/OR_ABI-L2-ACMF-M6_G16_s20222950300205_e20222950309513_c20222950311150.nc
2022-10-22T00:05:05,G16,0.0,58,0.0,243,0.0391,1509,ABI-L2-ACMF/2022/295/00/OR_ABI-L2-ACMF-M6_G16_s20222950000205_e20222950009513_c20222950011048.nc
2022-10-22T01:05:05,G16,0.0,58,0.0,243,0.0245,1509,ABI-L2-ACMF/2022/295/01/OR_ABI-L2-ACMF-M6_G16_s20222950100205_e20222950109513_c20222950111129.nc
2022-10-22T06:05:06,G16,0.0,58,0.0,243,0.0497,1509,ABI-L2-ACMF/2022/295/06/OR_ABI-L2-ACMF-M6_G16_s20222950600207_e20222950609515_c20222950611074.nc
2022-10-22T10:05:06,G16,0.0,58,0.0,243,0.0484,1509,ABI-L2-ACMF/2022/295/10/OR_ABI-L2-ACMF-M6_G16_s20222951000207_e20222951009515_c20222951011053.nc
2022-10-22T07:05:06,G16,0.0,58,0.0,243,0.0524,1509,ABI-L2-ACMF/2022/295/07/OR_ABI-L2-ACMF-M6_G16_s20222950700207_e20222950709515_c20222950711118.nc
2022-10-22T08:05:06,G16,0.0,58,0.0,243,0.0596,1509,ABI-L2-ACMF/2022/295/08/OR_ABI-L2-ACMF-M6_G16_s20222950800207_e20222950809515_c20222950811064.nc
2022-10-22T09:05:06,G16,0.0,58,0.0,243,0.0603,1509,ABI-L2-ACMF/2022/295/09/OR_ABI-L2-ACMF-M6_G16_s20222950900207_e20222950909515_c20222950911101.nc
2022-10-22T11:05:06,G16,0.0,58,0.0,243,0.0663,1509,ABI-L2-ACMF/2022/295/11/OR_ABI-L2-ACMF-M6_G16_s20222951100207_e20222951109515_c20222951111029.nc
2022-10-22T22:05:05,G16,0.0,58,0.0,243,0.0484,1509,ABI-L2-ACMF/2022/295/22/OR_ABI-L2-ACMF-M6_G16_s20222952200205_e20222952209513_c20222952211059.nc
2022-10-22T23:05:05,G16,0.0172,58,0.0041,243,0.0331,1509,ABI-L2-ACMF/2022/295/23/OR_ABI-L2-ACMF-M6_G16_s20222952300205_e20222952309513_c20222952311120.nc
2022-10-01T05:05:06,G16,0.0172,58,0.0165,243,0.051,1509,ABI-L2-ACMF/2022/274/05/OR_ABI-L2-ACMF-M6_G16_s20222740500210_e20222740509518_c20222740511017.nc
2022-10-01T02:05:06,G16,0.0,58,0.0082,243,0.0736,1509,ABI-L2-ACMF/2022/274/02/OR_ABI-L2-ACMF-M6_G16_s20222740200207_e20222740209515_c20222740211001.nc
2022-10-01T06:05:06,G16,0.0,58,0.0041,243,0.0477,1509,ABI-L2-ACMF/2022/274/06/OR_ABI-L2-ACMF-M6_G16_s20222740600210_e20222740609518_c20222740611026.nc
2022-10-01T01:05:06,G16,0.0,58,0.0082,243,0.0702,1509,ABI-L2-ACMF/2022/274/01/OR_ABI-L2-ACMF-M6_G16_s20222740100207_e20222740109515_c20222740111010.nc
2022-10-01T04:05:06,G16,0.0,58,0.0082,243,0.053,1509,ABI-L2-ACMF/2022/274/04/OR_ABI-L2-ACMF-M6_G16_s20222740400207_e20222740409515_c20222740411062.nc
2022-10-01T08:05:06,G16,0.0,58,0.0,243,0.053,1509,ABI-L2-ACMF/2022/274/08/OR_ABI-L2-ACMF-M6_G16_s20222740800210_e20222740809518_c20222740811097.nc
2022-10-01T03:05:06,G16,0.0,58,0.0041,243,0.0596,1509,ABI-L2-ACMF/2022/274/03/OR_ABI-L2-ACMF-M6_G16_s20222740300207_e20222740309515_c20222740311091.nc
2022-10-01T22:05:05,G16,0.0,58,0.0,243,0.0053,1509,ABI-L2-ACMF/2022/274/22/OR_ABI-L2-ACMF-M6_G16_s20222742200202_e20222742209510_c20222742211010.nc
2022-10-01T00:05:06,G16,0.0,58,0.0206,243,0.0848,1509,ABI-L2-ACMF/2022/274/00/OR_ABI-L2-ACMF-M6_G16_s20222740000207_e20222740009515_c20222740011025.nc
2022-10-02T03:05:05,G16,0.0,58,0.0,243,0.0437,1509,ABI-L2-ACMF/2022/275/03/OR_ABI-L2-ACMF-M6_G16_s20222750300202_e20222750309510_c20222750311041.nc
2022-10-01T07:05:06,G16,0.0,58,0.0,243,0.051,1509,ABI-L2-ACMF/2022/274/07/OR_ABI-L2-ACMF-M6_G16_s20222740700210_e20222740709518_c20222740710545.nc
2022-10-01T09:05:06,G16,0.0,58,0.0,243,0.0504,1509,ABI-L2-ACMF/2022/274/09/OR_ABI-L2-ACMF-M6_G16_s20222740900210_e20222740909518_c20222740911077.nc
2022-10-02T01:05:05,G16,0.0,58,0.0,243,0.0398,1509,ABI-L2-ACMF/2022/275/01/OR_ABI-L2-ACMF-M6_G16_s20222750100202_e20222750109510_c20222750111039.nc
2022-10-02T00:05:05,G16,0.0,58,0.0,243,0.0411,1509,ABI-L2-ACMF/2022/275/00/OR_ABI-L2-ACMF-M6_G16_s20222750000202_e20222750009510_c20222750010598.nc
2022-10-01T23:05:05,G16,0.0,58,0.0,243,0.0272,1509,ABI-L2-ACMF/2022/274/23/OR_ABI-L2-ACMF-M6_G16_s20222742300202_e20222742309510_c20222742311003.nc
2022-10-01T10:05:06,G16,0.0,58,0.0,243,0.051,1509,ABI-L2-ACMF/2022/274/10/OR_ABI-L2-ACMF-M6_G16_s20222741000210_e20222741009518_c20222741010575.nc
2022-10-01T11:05:07,G16,0.0,58,0.0,243,0.0166,1509,ABI-L2-ACMF/2022/274/11/OR_ABI-L2-ACMF-M6_G16_s20222741100224_e20222741109532_c20222741111014.nc
2022-10-02T02:05:05,G16,0.0,58,0.0,243,0.0378,1509,ABI-L2-ACMF/2022/275/02/OR_ABI-L2-ACMF-M6_G16_s20222750200202_e20222750209510_c20222750211009.nc
2022-10-02T06:05:05,G16,0.0,58,0.0,243,0.0557,1509,ABI-L2-ACMF/2022/275/06/OR_ABI-L2-ACMF-M6_G16_s20222750600204_e20222750609512_c20222750611069.nc
2022-10-02T04:05:05,G16,0.0,58,0.0,243,0.0484,1509,ABI-L2-ACMF/2022/275/04/OR_ABI-L2-ACMF-M6_G16_s20222750400202_e20222750409510_c20222750410572.nc
2022-10-02T09:05:05,G16,0.0,58,0.0,243,0.0557,1509,ABI-L2-ACMF/2022/275/09/OR_ABI-L2-ACMF-M6_G16_s20222750900204_e20222750909512_c20222750911112.nc
2022-10-02T10:05:05,G16,0.0,58,0.0,243,0.0351,1509,ABI-L2-ACMF/2022/275/10/OR_ABI-L2-ACMF-M6_G16_s20222751000205_e20222751009513_c20222751011036.nc
2022-10-02T05:05:05,G16,0.0,58,0.0,243,0.0504,1509,ABI-L2-ACMF/2022/275/05/OR_ABI-L2-ACMF-M6_G16_s20222750500204_e20222750509513_c20222750511007.nc
2022-10-02T08:05:05,G16,0.0,58,0.0,243,0.0583,1509,ABI-L2-ACMF/2022/275/08/OR_ABI-L2-ACMF-M6_G16_s20222750800204_e20222750809512_c20222750810548.nc
2022-10-03T01:05:05,G16,0.0,58,0.0,243,0.0391,1509,ABI-L2-ACMF/2022/276/01/OR_ABI-L2-ACMF-M6_G16_s20222760100203_e20222760109510_c20222760111059.nc
2022-10-02T23:05:05,G16,0.0,58,0.0,243,0.0331,1509,ABI-L2-ACMF/2022/275/23/OR_ABI-L2-ACMF-M6_G16_s20222752300203_e20222752309511_c20222752311051.nc
2022-10-02T07:05:05,G16,0.0,58,0.0,243,0.0517,1509,ABI-L2-ACMF/2022/275/07/OR_ABI-L2-ACMF-M6_G16_s20222750700204_e20222750709512_c20222750711052.nc
2022-10-02T11:05:05,G16,0.0,58,0.0,243,0.0119,1509,ABI-L2-ACMF/2022/275/11/OR_ABI-L2-ACMF-M6_G16_s20222751100205_e20222751109513_c20222751111066.nc
2022-10-03T00:05:05,G16,0.0,58,0.0,243,0.0398,1509,ABI-L2-ACMF/2022/276/00/OR_ABI-L2-ACMF-M6_G16_s20222760000203_e20222760009511_c20222760011119.nc
2022-10-03T03:05:05,G16,0.0,58,0.0,243,0.0543,1509,ABI-L2-ACMF/2022/276/03/OR_ABI-L2-ACMF-M6_G16_s20222760300203_e20222760309510_c20222760311080.nc
2022-10-03T02:05:05,G16,0.0,58,0.0,243,0.0437,1509,ABI-L2-ACMF/2022/276/02/OR_ABI-L2-ACMF-M6_G16_s20222760200203_e20222760209510_c20222760211062.nc
2022-10-03T04:05:05,G16,0.0,58,0.0041,243,0.0636,1509,ABI-L2-ACMF/2022/276/04/OR_ABI-L2-ACMF-M6_G16_s20222760400203_e20222760409510_c20222760410579.nc
2022-10-03T06:05:05,G16,0.0,58,0.0,243,0.0649,1509,ABI-L2-ACMF/2022/276/06/OR_ABI-L2-ACMF-M6_G16_s20222760600205_e20222760609513_c20222760610595.nc
2022-10-03T05:05:05,G16,0.0,58,0.0041,243,0.0643,1509,ABI-L2-ACMF/2022/276/05/OR_ABI-L2-ACMF-M6_G16_s20222760500205_e20222760509513_c20222760510589.nc
2022-10-03T08:05:05,G16,0.0,58,0.0082,243,0.0484,1509,ABI-L2-ACMF/2022/276/08/OR_ABI-L2-ACMF-M6_G16_s20222760800205_e20222760809513_c20222760811009.nc
2022-10-03T11:05:05,G16,0.0,58,0.0329,243,0.1001,1509,ABI-L2-ACMF/2022/276/11/OR_ABI-L2-ACMF-M6_G16_s20222761100205_e20222761109513_c20222761111088.nc
2022-10-03T07:05:05,G16,0.0,58,0.0123,243,0.061,1509,ABI-L2-ACMF/2022/276/07/OR_ABI-L2-ACMF-M6_G16_s20222760700205_e20222760709513_c20222760710575.nc
2022-10-03T22:05:05,G16,0.0,58,0.0,243,0.1445,1509,ABI-L2-ACMF/2022/276/22/OR_ABI-L2-ACMF-M6_G16_s20222762200203_e20222762209511_c20222762211027.nc
2022-10-03T10:05:05,G16,0.0,58,0.0206,243,0.0842,1509,ABI-L2-ACMF/2022/276/10/OR_ABI-L2-ACMF-M6_G16_s20222761000205_e20222761009513_c20222761011107.nc
2022-10-03T09:05:05,G16,0.0,58,0.0,243,0.0543,1509,ABI-L2-ACMF/2022/276/09/OR_ABI-L2-ACMF-M6_G16_s20222760900205_e20222760909513_c20222760910599.nc
2022-10-04T00:05:05,G16,0.0,58,0.0041,243,0.1001,1509,ABI-L2-ACMF/2022/277/00/OR_ABI-L2-ACMF-M6_G16_s20222770000203_e20222770009511_c20222770010563.nc
2022-10-04T01:05:05,G16,0.0,58,0.0,243,0.0908,1509,ABI-L2-ACMF/2022/277/01/OR_ABI-L2-ACMF-M6_G16_s20222770100203_e20222770109511_c20222770110590.nc
2022-10-03T23:05:05,G16,0.0,58,0.0247,243,0.1292,1509,ABI-L2-ACMF/2022/276/23/OR_ABI-L2-ACMF-M6_G16_s20222762300203_e20222762309511_c20222762311013.nc
2022-10-04T04:05:05,G16,0.0,58,0.0,243,0.1047,1509,ABI-L2-ACMF/2022/277/04/OR_ABI-L2-ACMF-M6_G16_s20222770400203_e20222770409511_c20222770411098.nc
2022-10-04T03:05:05,G16,0.0,58,0.0,243,0.0895,1509,ABI-L2-ACMF/2022/277/03/OR_ABI-L2-ACMF-M6_G16_s20222770300203_e20222770309511_c20222770311029.nc
2022-10-04T02:05:05,G16,0.0,58,0.0,243,0.0915,1509,ABI-L2-ACMF/2022/277/02/OR_ABI-L2-ACMF-M6_G16_s20222770200203_e20222770209511_c20222770211046.nc
2022-10-04T06:05:05,G16,0.0,58,0.0165,243,0.1378,1509,ABI-L2-ACMF/2022/277/06/OR_ABI-L2-ACMF-M6_G16_s20222770600205_e20222770609513_c20222770611088.nc
2022-10-04T05:05:05,G16,0.0,58,0.0,243,0.1173,1509,ABI-L2-ACMF/2022/277/05/OR_ABI-L2-ACMF-M6_G16_s20222770500205_e20222770509513_c20222770511014.nc
2022-10-04T09:05:05,G16,0.0,58,0.0123,243,0.1405,1509,ABI-L2-ACMF/2022/277/09/OR_ABI-L2-ACMF-M6_G16_s20222770900205_e20222770909513_c20222770911135.nc
2022-10-04T08:05:05,G16,0.0,58,0.0247,243,0.1352,1509,ABI-L2-ACMF/2022/277/08/OR_ABI-L2-ACMF-M6_G16_s20222770800205_e20222770809513_c20222770811032.nc
2022-10-04T07:05:05,G16,0.0,58,0.037,243,0.1405,1509,ABI-L2-ACMF/2022/277/07/OR_ABI-L2-ACMF-M6_G16_s20222770700205_e20222770709513_c20222770710579.nc
2022-10-04T11:05:05,G16,0.0,58,0.0329,243,0.2247,1509,ABI-L2-ACMF/2022/277/11/OR_ABI-L2-ACMF-M6_G16_s20222771100205_e20222771109513_c20222771111025.nc
2022-10-04T10:05:05,G16,0.0,58,0.0329,243,0.1736,1509,ABI-L2-ACMF/2022/277/10/OR_ABI-L2-ACMF-M6_G16_s20222771000205_e20222771009513_c20222771010559.nc
2022-10-02T22:05:05,G16,0.0,58,0.0,243,0.0046,1509,ABI-L2-ACMF/2022/275/22/OR_ABI-L2-ACMF-M6_G16_s20222752200203_e20222752209511_c20222752211009.nc
2022-10-05T06:05:06,G16,1.0,58,0.9959,243,0.9616,1509,ABI-L2-ACMF/2022/278/06/OR_ABI-L2-ACMF-M6_G16_s20222780600206_e20222780609514_c20222780611105.nc
2022-10-05T00:05:05,G16,0.0,58,0.0576,243,0.2253,1509,ABI-L2-ACMF/2022/278/00/OR_ABI-L2-ACMF-M6_G16_s20222780000203_e20222780009511_c20222780011004.nc
2022-10-05T02:05:05,G16,0.0172,58,0.07,243,0.2869,1509,ABI-L2-ACMF/2022/278/02/OR_ABI-L2-ACMF-M6_G16_s20222780200203_e20222780209511_c20222780211052.nc
2022-10-05T04:05:05,G16,1.0,58,1.0,243,0.9649,1509,ABI-L2-ACMF/2022/278/04/OR_ABI-L2-ACMF-M6_G16_s20222780400203_e20222780409511_c20222780411023.nc
2022-10-05T09:05:06,G16,1.0,58,1.0,243,0.9993,1509,ABI-L2-ACMF/2022/278/09/OR_ABI-L2-ACMF-M6_G16_s20222780900206_e20222780909514_c20222780910597.nc
2022-10-05T03:05:05,G16,1.0,58,0.8971,243,0.6892,1509,ABI-L2-ACMF/2022/278/03/OR_ABI-L2-ACMF-M6_G16_s20222780300203_e20222780309511_c20222780310575.nc
2022-10-04T23:05:05,G16,0.0,58,0.0,243,0.3347,1509,ABI-L2-ACMF/2022/277/23/OR_ABI-L2-ACMF-M6_G16_s20222772300203_e20222772309511_c20222772311020.nc
2022-10-05T01:05:05,G16,0.0,58,0.0741,243,0.2107,1509,ABI-L2-ACMF/2022/278/01/OR_ABI-L2-ACMF-M6_G16_s20222780100203_e20222780109511_c20222780111007.nc
2022-10-04T22:05:05,G16,0.3621,58,0.4609,243,0.67,1509,ABI-L2-ACMF/2022/277/22/OR_ABI-L2-ACMF-M6_G16_s20222772200203_e20222772209511_c20222772211059.nc
2022-10-05T08:05:05,G16,0.9828,58,0.9547,243,0.9828,1509,ABI-L2-ACMF/2022/278/08/OR_ABI-L2-ACMF-M6_G16_s20222780800206_e20222780809513_c20222780811020.nc
2022-10-05T07:05:06,G16,0.6724,58,0.8519,243,0.9576,1509,ABI-L2-ACMF/2022/278/07/OR_ABI-L2-ACMF-M6_G16_s20222780700206_e20222780709514_c20222780711007.nc
2022-10-05T05:05:06,G16,1.0,58,1.0,243,0.996,1509,ABI-L2-ACMF/2022/278/05/OR_ABI-L2-ACMF-M6_G16_s20222780500206_e20222780509514_c20222780511011.nc
2022-10-05T22:05:05,G16,0.3621,58,0.5967,243,0.5772,1509,ABI-L2-ACMF/2022/278/22/OR_ABI-L2-ACMF-M6_G16_s20222782200204_e20222782209512_c20222782211006.nc
2022-10-05T11:05:06,G16,1.0,58,0.9712,243,0.9437,1509,ABI-L2-ACMF/2022/278/11/OR_ABI-L2-ACMF-M6_G16_s20222781100206_e20222781109514_c20222781111012.nc
2022-10-05T10:05:06,G16,1.0,58,1.0,243,0.998,1509,ABI-L2-ACMF/2022/278/10/OR_ABI-L2-ACMF-M6_G16_s20222781000206_e20222781009514_c20222781011065.nc
2022-10-06T04:05:05,G16,0.0,58,0.0082,243,0.1272,1509,ABI-L2-ACMF/2022/279/04/OR_ABI-L2-ACMF-M6_G16_s20222790400204_e20222790409512_c20222790410571.nc
2022-10-06T02:05:05,G16,0.0,58,0.0206,243,0.1405,1509,ABI-L2-ACMF/2022/279/02/OR_ABI-L2-ACMF-M6_G16_s20222790200204_e20222790209512_c20222790211077.nc
2022-10-06T06:05:06,G16,0.0,58,0.0123,243,0.1339,1509,ABI-L2-ACMF/2022/279/06/OR_ABI-L2-ACMF-M6_G16_s20222790600206_e20222790609514_c20222790610577.nc
2022-10-06T01:05:05,G16,0.0,58,0.0123,243,0.1359,1509,ABI-L2-ACMF/2022/279/01/OR_ABI-L2-ACMF-M6_G16_s20222790100204_e20222790109512_c20222790111010.nc
2022-10-06T03:05:05,G16,0.0,58,0.0041,243,0.1233,1509,ABI-L2-ACMF/2022/279/03/OR_ABI-L2-ACMF-M6_G16_s20222790300204_e20222790309511_c20222790311067.nc
2022-10-05T23:05:05,G16,0.3793,58,0.3909,243,0.4076,1509,ABI-L2-ACMF/2022/278/23/OR_ABI-L2-ACMF-M6_G16_s20222782300204_e20222782309512_c20222782311011.nc
2022-10-06T07:05:06,G16,0.0,58,0.0165,243,0.1226,1509,ABI-L2-ACMF/2022/279/07/OR_ABI-L2-ACMF-M6_G16_s20222790700206_e20222790709514_c20222790710590.nc
2022-10-06T00:05:05,G16,0.0,58,0.0165,243,0.1518,1509,ABI-L2-ACMF/2022/279/00/OR_ABI-L2-ACMF-M6_G16_s20222790000204_e20222790009512_c20222790011097.nc
2022-10-06T05:05:06,G16,0.0,58,0.0082,243,0.1252,1509,ABI-L2-ACMF/2022/279/05/OR_ABI-L2-ACMF-M6_G16_s20222790500206_e20222790509514_c20222790511031.nc
2022-10-06T08:05:06,G16,0.0,58,0.0082,243,0.1127,1509,ABI-L2-ACMF/2022/279/08/OR_ABI-L2-ACMF-M6_G16_s20222790800206_e20222790809514_c20222790811026.nc
2022-10-06T22:05:05,G16,0.0,58,0.0,243,0.0285,1509,ABI-L2-ACMF/2022/279/22/OR_ABI-L2-ACMF-M6_G16_s20222792200204_e20222792209512_c20222792211110.nc
2022-10-06T23:05:05,G16,0.0,58,0.0,243,0.0311,1509,ABI-L2-ACMF/2022/279/23/OR_ABI-L2-ACMF-M6_G16_s20222792300204_e20222792309512_c20222792311020.nc
2022-10-06T10:05:06,G16,0.0,58,0.0123,243,0.1153,1509,ABI-L2-ACMF/2022/279/10/OR_ABI-L2-ACMF-M6_G16_s20222791000206_e20222791009514_c20222791011031.nc
2022-10-07T00:05:05,G16,0.0,58,0.0041,243,0.0497,1509,ABI-L2-ACMF/2022/280/00/OR_ABI-L2-ACMF-M6_G16_s20222800000204_e20222800009512_c20222800011111.nc
2022-10-07T01:05:05,G16,0.0,58,0.0,243,0.0444,1509,ABI-L2-ACMF/2022/280/01/OR_ABI-L2-ACMF-M6_G16_s20222800100204_e20222800109512_c20222800110589.nc
2022-10-06T11:05:06,G16,0.0,58,0.0165,243,0.061,1509,ABI-L2-ACMF/2022/279/11/OR_ABI-L2-ACMF-M6_G16_s20222791100206_e20222791109514_c20222791111076.nc
2022-10-07T05:05:05,G16,0.0,58,0.0041,243,0.0543,1509,ABI-L2-ACMF/2022/280/05/OR_ABI-L2-ACMF-M6_G16_s20222800500206_e20222800509513_c20222800511081.nc
2022-10-07T04:05:05,G16,0.0,58,0.0041,243,0.163,1509,ABI-L2-ACMF/2022/280/04/OR_ABI-L2-ACMF-M6_G16_s20222800400204_e20222800409512_c20222800411038.nc
2022-10-07T03:05:05,G16,0.0345,58,0.1193,243,0.1624,1509,ABI-L2-ACMF/2022/280/03/OR_ABI-L2-ACMF-M6_G16_s20222800300204_e20222800309512_c20222800311029.nc
2022-10-07T02:05:05,G16,0.0,58,0.0617,243,0.0915,1509,ABI-L2-ACMF/2022/280/02/OR_ABI-L2-ACMF-M6_G16_s20222800200204_e20222800209512_c20222800210544.nc
2022-10-06T09:05:06,G16,0.0,58,0.0041,243,0.1034,1509,ABI-L2-ACMF/2022/279/09/OR_ABI-L2-ACMF-M6_G16_s20222790900206_e20222790909514_c20222790911100.nc
2022-10-07T06:05:06,G16,0.2241,58,0.1975,243,0.1445,1509,ABI-L2-ACMF/2022/280/06/OR_ABI-L2-ACMF-M6_G16_s20222800600206_e20222800609514_c20222800611097.nc
2022-10-07T07:05:06,G16,0.0,58,0.0,243,0.0517,1509,ABI-L2-ACMF/2022/280/07/OR_ABI-L2-ACMF-M6_G16_s20222800700206_e20222800709514_c20222800711003.nc
2022-10-08T01:05:05,G16,0.0,58,0.0,243,0.0875,1509,ABI-L2-ACMF/2022/281/01/OR_ABI-L2-ACMF-M6_G16_s20222810100204_e20222810109512_c20222810111062.nc
2022-10-07T10:05:06,G16,0.0,58,0.1276,243,0.1597,1509,ABI-L2-ACMF/2022/280/10/OR_ABI-L2-ACMF-M6_G16_s20222801000206_e20222801009514_c20222801010581.nc
2022-10-07T09:05:06,G16,0.0,58,0.0041,243,0.0583,1509,ABI-L2-ACMF/2022/280/09/OR_ABI-L2-ACMF-M6_G16_s20222800900206_e20222800909514_c20222800911020.nc
2022-10-07T08:05:06,G16,0.0,58,0.0041,243,0.0563,1509,ABI-L2-ACMF/2022/280/08/OR_ABI-L2-ACMF-M6_G16_s20222800800206_e20222800809514_c20222800811054.nc
2022-10-07T22:05:05,G16,0.0345,58,0.1235,243,0.2578,1509,ABI-L2-ACMF/2022/280/22/OR_ABI-L2-ACMF-M6_G16_s20222802200204_e20222802209512_c20222802211046.nc
2022-10-07T11:05:06,G16,0.0,58,0.0,243,0.0278,1509,ABI-L2-ACMF/2022/280/11/OR_ABI-L2-ACMF-M6_G16_s20222801100206_e20222801109514_c20222801111023.nc
2022-10-08T00:05:05,G16,0.069,58,0.0165,243,0.2591,1509,ABI-L2-ACMF/2022/281/00/OR_ABI-L2-ACMF-M6_G16_s20222810000204_e20222810009512_c20222810011067.nc
2022-10-08T08:05:06,G16,0.0,58,0.0,243,0.049,1509,ABI-L2-ACMF/2022/281/08/OR_ABI-L2-ACMF-M6_G16_s20222810800207_e20222810809515_c20222810810550.nc
2022-10-08T02:05:05,G16,0.0,58,0.0,243,0.0431,1509,ABI-L2-ACMF/2022/281/02/OR_ABI-L2-ACMF-M6_G16_s20222810200204_e20222810209512_c20222810210593.nc
2022-10-07T23:05:05,G16,0.3621,58,0.4774,243,0.4778,1509,ABI-L2-ACMF/2022/280/23/OR_ABI-L2-ACMF-M6_G16_s20222802300204_e20222802309512_c20222802311097.nc
2022-10-08T22:05:05,G16,0.3793,58,0.5761,243,0.6362,1509,ABI-L2-ACMF/2022/281/22/OR_ABI-L2-ACMF-M6_G16_s20222812200205_e20222812209513_c20222812211067.nc
2022-10-09T05:05:05,G16,0.0,58,0.0082,243,0.1153,1509,ABI-L2-ACMF/2022/282/05/OR_ABI-L2-ACMF-M6_G16_s20222820500207_e20222820509505_c20222820510550.nc
2022-10-08T09:05:06,G16,0.0,58,0.0041,243,0.051,1509,ABI-L2-ACMF/2022/281/09/OR_ABI-L2-ACMF-M6_G16_s20222810900207_e20222810909515_c20222810910542.nc
2022-10-09T03:05:05,G16,0.0,58,0.0,243,0.0292,1509,ABI-L2-ACMF/2022/282/03/OR_ABI-L2-ACMF-M6_G16_s20222820300205_e20222820309513_c20222820311017.nc
2022-10-08T11:05:06,G16,0.3103,58,0.5432,243,0.5898,1509,ABI-L2-ACMF/2022/281/11/OR_ABI-L2-ACMF-M6_G16_s20222811100207_e20222811109515_c20222811110486.nc
2022-10-09T04:05:05,G16,0.0,58,0.1276,243,0.1617,1509,ABI-L2-ACMF/2022/282/04/OR_ABI-L2-ACMF-M6_G16_s20222820400205_e20222820409513_c20222820410593.nc
2022-10-08T10:05:06,G16,0.0,58,0.0,243,0.1001,1509,ABI-L2-ACMF/2022/281/10/OR_ABI-L2-ACMF-M6_G16_s20222811000207_e20222811009515_c20222811010479.nc
2022-10-08T23:05:05,G16,1.0,58,0.9671,243,0.5646,1509,ABI-L2-ACMF/2022/281/23/OR_ABI-L2-ACMF-M6_G16_s20222812300205_e20222812309513_c20222812311034.nc
2022-10-09T06:05:06,G16,0.0,58,0.0,243,0.0417,1509,ABI-L2-ACMF/2022/282/06/OR_ABI-L2-ACMF-M6_G16_s20222820600207_e20222820609515_c20222820610590.nc
2022-10-09T02:05:05,G16,0.0,58,0.0,243,0.0775,1509,ABI-L2-ACMF/2022/282/02/OR_ABI-L2-ACMF-M6_G16_s20222820200205_e20222820209513_c20222820211051.nc
2022-10-09T01:05:05,G16,0.0,58,0.0,243,0.0272,1509,ABI-L2-ACMF/2022/282/01/OR_ABI-L2-ACMF-M6_G16_s20222820100205_e20222820109513_c20222820111047.nc
2022-10-09T00:05:05,G16,0.0,58,0.0,243,0.0722,1509,ABI-L2-ACMF/2022/282/00/OR_ABI-L2-ACMF-M6_G16_s20222820000205_e20222820009513_c20222820011054.nc
2022-10-09T07:05:06,G16,0.0,58,0.0,243,0.0444,1509,ABI-L2-ACMF/2022/282/07/OR_ABI-L2-ACMF-M6_G16_s20222820700207_e20222820709515_c20222820711067.nc
2022-10-09T09:05:06,G16,0.0,58,0.0206,243,0.1107,1509,ABI-L2-ACMF/2022/282/09/OR_ABI-L2-ACMF-M6_G16_s20222820900207_e20222820909515_c20222820911009.nc
2022-10-09T08:05:06,G16,0.0,58,0.0041,243,0.0676,1509,ABI-L2-ACMF/2022/282/08/OR_ABI-L2-ACMF-M6_G16_s20222820800207_e20222820809515_c20222820810563.nc
2022-10-09T10:05:06,G16,0.2241,58,0.07,243,0.0881,1509,ABI-L2-ACMF/2022/282/10/OR_ABI-L2-ACMF-M6_G16_s20222821000207_e20222821009515_c20222821011048.nc
2022-10-09T11:05:06,G16,0.0,58,0.0,243,0.1034,1509,ABI-L2-ACMF/2022/282/11/OR_ABI-L2-ACMF-M6_G16_s20222821100207_e20222821109515_c20222821111096.nc
2022-10-09T23:05:05,G16,0.0,58,0.0,243,0.0577,1509,ABI-L2-ACMF/2022/282/23/OR_ABI-L2-ACMF-M6_G16_s20222822300205_e20222822309513_c20222822310588.nc
2022-10-10T03:05:05,G16,0.0,58,0.0,243,0.0702,1509,ABI-L2-ACMF/2022/283/03/OR_ABI-L2-ACMF-M6_G16_s20222830300205_e20222830309513_c20222830310571.nc
2022-10-09T22:05:05,G16,0.0,58,0.0,243,0.0656,1509,ABI-L2-ACMF/2022/282/22/OR_ABI-L2-ACMF-M6_G16_s20222822200205_e20222822209513_c20222822210581.nc
2022-10-10T02:05:05,G16,0.0,58,0.0,243,0.0643,1509,ABI-L2-ACMF/2022/283/02/OR_ABI-L2-ACMF-M6_G16_s20222830200205_e20222830209513_c20222830211104.nc
2022-10-10T04:05:05,G16,0.0,58,0.0,243,0.0689,1509,ABI-L2-ACMF/2022/283/04/OR_ABI-L2-ACMF-M6_G16_s20222830400205_e20222830409513_c20222830410557.nc
2022-10-10T01:05:05,G16,0.0,58,0.0,243,0.057,1509,ABI-L2-ACMF/2022/283/01/OR_ABI-L2-ACMF-M6_G16_s20222830100205_e20222830109513_c20222830110554.nc
2022-10-10T00:05:05,G16,0.0,58,0.0,243,0.057,1509,ABI-L2-ACMF/2022/283/00/OR_ABI-L2-ACMF-M6_G16_s20222830000205_e20222830009513_c20222830011052.nc
2022-10-10T05:05:05,G16,0.0,58,0.0082,243,0.0696,1509,ABI-L2-ACMF/2022/283/05/OR_ABI-L2-ACMF-M6_G16_s20222830500207_e20222830509503_c20222830511086.nc
2022-10-10T08:05:06,G16,0.0,58,0.0,243,0.055,1509,ABI-L2-ACMF/2022/283/08/OR_ABI-L2-ACMF-M6_G16_s20222830800207_e20222830809515_c20222830811009.nc
2022-10-10T22:05:05,G16,0.0,58,0.0041,243,0.0179,1509,ABI-L2-ACMF/2022/283/22/OR_ABI-L2-ACMF-M6_G16_s20222832200205_e20222832209513_c20222832211087.nc
2022-10-10T07:05:06,G16,0.0,58,0.0041,243,0.061,1509,ABI-L2-ACMF/2022/283/07/OR_ABI-L2-ACMF-M6_G16_s20222830700207_e20222830709515_c20222830711056.nc
2022-10-10T06:05:06,G16,0.0,58,0.0041,243,0.0649,1509,ABI-L2-ACMF/2022/283/06/OR_ABI-L2-ACMF-M6_G16_s20222830600207_e20222830609515_c20222830610541.nc
2022-10-10T09:05:06,G16,0.0,58,0.0,243,0.0656,1509,ABI-L2-ACMF/2022/283/09/OR_ABI-L2-ACMF-M6_G16_s20222830900207_e20222830909515_c20222830911092.nc
2022-10-10T11:05:06,G16,0.0,58,0.0123,243,0.0749,1509,ABI-L2-ACMF/2022/283/11/OR_ABI-L2-ACMF-M6_G16_s20222831100207_e20222831109515_c20222831110575.nc
2022-10-10T10:05:06,G16,0.0,58,0.0247,243,0.118,1509,ABI-L2-ACMF/2022/283/10/OR_ABI-L2-ACMF-M6_G16_s20222831000207_e20222831009515_c20222831011065.nc
2022-10-10T23:05:05,G16,0.0,58,0.0,243,0.0417,1509,ABI-L2-ACMF/2022/283/23/OR_ABI-L2-ACMF-M6_G16_s20222832300205_e20222832309513_c20222832310563.nc
2022-10-11T00:05:05,G16,0.0,58,0.0,243,0.0437,1509,ABI-L2-ACMF/2022/284/00/OR_ABI-L2-ACMF-M6_G16_s20222840000205_e20222840009513_c20222840011061.nc
2022-10-11T01:05:05,G16,0.0,58,0.0,243,0.0464,1509,ABI-L2-ACMF/2022/284/01/OR_ABI-L2-ACMF-M6_G16_s20222840100205_e20222840109513_c20222840111086.nc
2022-10-11T05:05:05,G16,0.0,58,0.0,243,0.0451,1509,ABI-L2-ACMF/2022/284/05/OR_ABI-L2-ACMF-M6_G16_s20222840500208_e20222840509502_c20222840511028.nc
2022-10-11T06:05:06,G16,0.0,58,0.0,243,0.055,1509,ABI-L2-ACMF/2022/284/06/OR_ABI-L2-ACMF-M6_G16_s20222840600208_e20222840609516_c20222840610584.nc
2022-10-11T03:05:05,G16,0.0,58,0.0,243,0.051,1509,ABI-L2-ACMF/2022/284/03/OR_ABI-L2-ACMF-M6_G16_s20222840300205_e20222840309513_c20222840311018.nc
2022-10-11T07:05:06,G16,0.0,58,0.0,243,0.0457,1509,ABI-L2-ACMF/2022/284/07/OR_ABI-L2-ACMF-M6_G16_s20222840700208_e20222840709516_c20222840710567.nc
2022-10-11T09:05:06,G16,0.0,58,0.0123,243,0.0583,1509,ABI-L2-ACMF/2022/284/09/OR_ABI-L2-ACMF-M6_G16_s20222840900208_e20222840909516_c20222840911046.nc
2022-10-11T04:05:05,G16,0.0,58,0.0,243,0.0431,1509,ABI-L2-ACMF/2022/284/04/OR_ABI-L2-ACMF-M6_G16_s20222840400205_e20222840409513_c20222840411061.nc
2022-10-11T08:05:06,G16,0.0,58,0.0082,243,0.055,1509,ABI-L2-ACMF/2022/284/08/OR_ABI-L2-ACMF-M6_G16_s20222840800208_e20222840809516_c20222840811050.nc
2022-10-11T10:05:06,G16,0.0,58,0.0041,243,0.0656,1509,ABI-L2-ACMF/2022/284/10/OR_ABI-L2-ACMF-M6_G16_s20222841000208_e20222841009516_c20222841010560.nc
2022-10-11T23:05:06,G16,0.0,58,0.0,243,0.0404,1509,ABI-L2-ACMF/2022/284/23/OR_ABI-L2-ACMF-M6_G16_s20222842300206_e20222842309514_c20222842311183.nc
2022-10-11T11:05:06,G16,0.0,58,0.0,243,0.0146,1509,ABI-L2-ACMF/2022/284/11/OR_ABI-L2-ACMF-M6_G16_s20222841100208_e20222841109516_c20222841111072.nc
2022-10-11T22:05:06,G16,0.0,58,0.0,243,0.0152,1509,ABI-L2-ACMF/2022/284/22/OR_ABI-L2-ACMF-M6_G16_s20222842200206_e20222842209514_c20222842211085.nc
2022-10-11T02:05:05,G16,0.0,58,0.0,243,0.0471,1509,ABI-L2-ACMF/2022/284/02/OR_ABI-L2-ACMF-M6_G16_s20222840200205_e20222840209513_c20222840211075.nc
2022-10-12T00:05:06,G16,0.0,58,0.0,243,0.049,1509,ABI-L2-ACMF/2022/285/00/OR_ABI-L2-ACMF-M6_G16_s20222850000206_e20222850009514_c20222850011090.nc
2022-10-12T07:05:06,G16,0.0172,58,0.1523,243,0.2618,1509,ABI-L2-ACMF/2022/285/07/OR_ABI-L2-ACMF-M6_G16_s20222850700208_e20222850709516_c20222850711113.nc
2022-10-12T09:05:06,G16,0.0,58,0.0,243,0.0537,1509,ABI-L2-ACMF/2022/285/09/OR_ABI-L2-ACMF-M6_G16_s20222850900208_e20222850909516_c20222850911103.nc
2022-10-12T03:05:06,G16,0.0,58,0.0,243,0.108,1509,ABI-L2-ACMF/2022/285/03/OR_ABI-L2-ACMF-M6_G16_s20222850300206_e20222850309514_c20222850311150.nc
2022-10-12T04:05:06,G16,0.2586,58,0.5267,243,0.442,1509,ABI-L2-ACMF/2022/285/04/OR_ABI-L2-ACMF-M6_G16_s20222850400206_e20222850409514_c20222850411150.nc
2022-10-12T02:05:06,G16,0.0,58,0.0,243,0.0557,1509,ABI-L2-ACMF/2022/285/02/OR_ABI-L2-ACMF-M6_G16_s20222850200206_e20222850209514_c20222850211093.nc
2022-10-12T22:05:06,G16,0.0,58,0.0041,243,0.0152,1509,ABI-L2-ACMF/2022/285/22/OR_ABI-L2-ACMF-M6_G16_s20222852200206_e20222852209514_c20222852210557.nc
2022-10-12T08:05:06,G16,0.0,58,0.0,243,0.1524,1509,ABI-L2-ACMF/2022/285/08/OR_ABI-L2-ACMF-M6_G16_s20222850800208_e20222850809516_c20222850811086.nc
2022-10-12T01:05:06,G16,0.0,58,0.0,243,0.0563,1509,ABI-L2-ACMF/2022/285/01/OR_ABI-L2-ACMF-M6_G16_s20222850100206_e20222850109514_c20222850111070.nc
2022-10-12T11:05:06,G16,0.0,58,0.0,243,0.006,1509,ABI-L2-ACMF/2022/285/11/OR_ABI-L2-ACMF-M6_G16_s20222851100208_e20222851109516_c20222851111025.nc
2022-10-12T05:05:05,G16,0.2931,58,0.3992,243,0.493,1509,ABI-L2-ACMF/2022/285/05/OR_ABI-L2-ACMF-M6_G16_s20222850500208_e20222850509502_c20222850511101.nc
2022-10-12T10:05:06,G16,0.0,58,0.0,243,0.0583,1509,ABI-L2-ACMF/2022/285/10/OR_ABI-L2-ACMF-M6_G16_s20222851000208_e20222851009516_c20222851011129.nc
2022-10-13T00:05:06,G16,0.0,58,0.0,243,0.0358,1509,ABI-L2-ACMF/2022/286/00/OR_ABI-L2-ACMF-M6_G16_s20222860000206_e20222860009514_c20222860011002.nc
2022-10-13T02:05:06,G16,0.0,58,0.0,243,0.0371,1509,ABI-L2-ACMF/2022/286/02/OR_ABI-L2-ACMF-M6_G16_s20222860200206_e20222860209514_c20222860211061.nc
2022-10-13T05:05:05,G16,0.0,58,0.0,243,0.059,1509,ABI-L2-ACMF/2022/286/05/OR_ABI-L2-ACMF-M6_G16_s20222860500208_e20222860509502_c20222860511009.nc
2022-10-13T04:05:06,G16,0.0,58,0.0,243,0.0524,1509,ABI-L2-ACMF/2022/286/04/OR_ABI-L2-ACMF-M6_G16_s20222860400206_e20222860409514_c20222860411010.nc
2022-10-12T23:05:06,G16,0.0,58,0.0,243,0.0292,1509,ABI-L2-ACMF/2022/285/23/OR_ABI-L2-ACMF-M6_G16_s20222852300206_e20222852309514_c20222852311062.nc
2022-10-13T03:05:06,G16,0.0,58,0.0,243,0.0404,1509,ABI-L2-ACMF/2022/286/03/OR_ABI-L2-ACMF-M6_G16_s20222860300206_e20222860309514_c20222860311096.nc
2022-10-13T08:05:06,G16,0.0,58,0.0,243,0.0543,1509,ABI-L2-ACMF/2022/286/08/OR_ABI-L2-ACMF-M6_G16_s20222860800208_e20222860809516_c20222860811100.nc
2022-10-13T06:05:06,G16,0.0,58,0.0,243,0.0563,1509,ABI-L2-ACMF/2022/286/06/OR_ABI-L2-ACMF-M6_G16_s20222860600208_e20222860609516_c20222860610567.nc
2022-10-13T01:05:06,G16,0.0,58,0.0,243,0.0431,1509,ABI-L2-ACMF/2022/286/01/OR_ABI-L2-ACMF-M6_G16_s20222860100206_e20222860109514_c20222860110595.nc
2022-10-13T07:05:06,G16,0.0,58,0.0,243,0.059,1509,ABI-L2-ACMF/2022/286/07/OR_ABI-L2-ACMF-M6_G16_s20222860700208_e20222860709516_c20222860711056.nc
2022-10-13T09:05:06,G16,0.0,58,0.0,243,0.051,1509,ABI-L2-ACMF/2022/286/09/OR_ABI-L2-ACMF-M6_G16_s20222860900208_e20222860909516_c20222860911040.nc
2022-10-13T22:05:06,G16,0.0,58,0.0,243,0.0119,1509,ABI-L2-ACMF/2022/286/22/OR_ABI-L2-ACMF-M6_G16_s20222862200206_e20222862209515_c20222862211024.nc
2022-10-14T01:05:06,G16,0.0,58,0.0,243,0.0411,1509,ABI-L2-ACMF/2022/287/01/OR_ABI-L2-ACMF-M6_G16_s20222870100206_e20222870109514_c20222870111042.nc
2022-10-14T00:05:06,G16,0.0,58,0.0,243,0.0391,1509,ABI-L2-ACMF/2022/287/00/OR_ABI-L2-ACMF-M6_G16_s20222870000206_e20222870009514_c20222870011151.nc
2022-10-13T10:05:06,G16,0.0,58,0.0,243,0.0696,1509,ABI-L2-ACMF/2022/286/10/OR_ABI-L2-ACMF-M6_G16_s20222861000208_e20222861009516_c20222861011039.nc
2022-10-14T03:05:06,G16,0.0,58,0.0,243,0.0411,1509,ABI-L2-ACMF/2022/287/03/OR_ABI-L2-ACMF-M6_G16_s20222870300206_e20222870309514_c20222870311122.nc
2022-10-14T02:05:06,G16,0.0,58,0.0,243,0.0391,1509,ABI-L2-ACMF/2022/287/02/OR_ABI-L2-ACMF-M6_G16_s20222870200206_e20222870209514_c20222870211118.nc
2022-10-13T23:05:06,G16,0.0,58,0.0,243,0.0252,1509,ABI-L2-ACMF/2022/286/23/OR_ABI-L2-ACMF-M6_G16_s20222862300206_e20222862309515_c20222862311016.nc
2022-10-14T05:05:05,G16,0.0,58,0.0,243,0.0517,1509,ABI-L2-ACMF/2022/287/05/OR_ABI-L2-ACMF-M6_G16_s20222870500209_e20222870509502_c20222870511108.nc
2022-10-14T04:05:06,G16,0.0,58,0.0,243,0.0437,1509,ABI-L2-ACMF/2022/287/04/OR_ABI-L2-ACMF-M6_G16_s20222870400206_e20222870409514_c20222870411041.nc
2022-10-14T06:05:06,G16,0.0,58,0.0,243,0.0543,1509,ABI-L2-ACMF/2022/287/06/OR_ABI-L2-ACMF-M6_G16_s20222870600209_e20222870609517_c20222870611142.nc
2022-10-13T11:05:06,G16,0.0,58,0.0,243,0.0351,1509,ABI-L2-ACMF/2022/286/11/OR_ABI-L2-ACMF-M6_G16_s20222861100208_e20222861109517_c20222861111059.nc
2022-10-12T06:05:06,G16,0.0,58,0.0617,243,0.3201,1509,ABI-L2-ACMF/2022/285/06/OR_ABI-L2-ACMF-M6_G16_s20222850600208_e20222850609516_c20222850611102.nc
2022-10-14T07:05:06,G16,0.0,58,0.0,243,0.0517,1509,ABI-L2-ACMF/2022/287/07/OR_ABI-L2-ACMF-M6_G16_s20222870700209_e20222870709517_c20222870711021.nc
2022-10-14T09:05:06,G16,0.0,58,0.0,243,0.0596,1509,ABI-L2-ACMF/2022/287/09/OR_ABI-L2-ACMF-M6_G16_s20222870900209_e20222870909517_c20222870911040.nc
2022-10-15T02:05:06,G16,0.0,58,0.0,243,0.0358,1509,ABI-L2-ACMF/2022/288/02/OR_ABI-L2-ACMF-M6_G16_s20222880200207_e20222880209515_c20222880211127.nc
2022-10-15T00:05:06,G16,0.0172,58,0.0041,243,0.0292,1509,ABI-L2-ACMF/2022/288/00/OR_ABI-L2-ACMF-M6_G16_s20222880000207_e20222880009515_c20222880011165.nc
2022-10-14T22:05:06,G16,0.0,58,0.0,243,0.0066,1509,ABI-L2-ACMF/2022/287/22/OR_ABI-L2-ACMF-M6_G16_s20222872200207_e20222872209515_c20222872211125.nc
2022-10-14T23:05:06,G16,0.0,58,0.0,243,0.0139,1509,ABI-L2-ACMF/2022/287/23/OR_ABI-L2-ACMF-M6_G16_s20222872300207_e20222872309515_c20222872311068.nc
2022-10-14T11:05:06,G16,0.0,58,0.0,243,0.0186,1509,ABI-L2-ACMF/2022/287/11/OR_ABI-L2-ACMF-M6_G16_s20222871100209_e20222871109517_c20222871111125.nc
2022-10-15T03:05:06,G16,0.0,58,0.0,243,0.0404,1509,ABI-L2-ACMF/2022/288/03/OR_ABI-L2-ACMF-M6_G16_s20222880300207_e20222880309515_c20222880311142.nc
2022-10-15T01:05:06,G16,0.0,58,0.0082,243,0.0305,1509,ABI-L2-ACMF/2022/288/01/OR_ABI-L2-ACMF-M6_G16_s20222880100207_e20222880109515_c20222880111036.nc
2022-10-14T10:05:06,G16,0.0,58,0.0,243,0.0451,1509,ABI-L2-ACMF/2022/287/10/OR_ABI-L2-ACMF-M6_G16_s20222871000209_e20222871009517_c20222871011027.nc
2022-10-15T04:05:06,G16,0.0,58,0.0,243,0.0384,1509,ABI-L2-ACMF/2022/288/04/OR_ABI-L2-ACMF-M6_G16_s20222880400207_e20222880409515_c20222880411082.nc
2022-10-14T08:05:06,G16,0.0,58,0.0,243,0.0603,1509,ABI-L2-ACMF/2022/287/08/OR_ABI-L2-ACMF-M6_G16_s20222870800209_e20222870809517_c20222870811027.nc
2022-10-15T05:05:05,G16,0.0,58,0.0,243,0.0437,1509,ABI-L2-ACMF/2022/288/05/OR_ABI-L2-ACMF-M6_G16_s20222880500209_e20222880509502_c20222880511099.nc
2022-10-15T06:05:06,G16,0.0,58,0.0,243,0.0477,1509,ABI-L2-ACMF/2022/288/06/OR_ABI-L2-ACMF-M6_G16_s20222880600209_e20222880609517_c20222880611097.nc
2022-10-16T04:05:05,G16,0.0,58,0.0,243,0.0351,1509,ABI-L2-ACMF/2022/289/04/OR_ABI-L2-ACMF-M6_G16_s20222890400202_e20222890409510_c20222890411006.nc
2022-10-16T00:05:05,G16,0.0,58,0.0,243,0.0179,1509,ABI-L2-ACMF/2022/289/00/OR_ABI-L2-ACMF-M6_G16_s20222890000202_e20222890009510_c20222890011048.nc
2022-10-15T22:05:05,G16,0.0,58,0.0,243,0.0073,1509,ABI-L2-ACMF/2022/288/22/OR_ABI-L2-ACMF-M6_G16_s20222882200202_e20222882209510_c20222882211093.nc
2022-10-15T09:05:06,G16,0.0,58,0.0,243,0.0517,1509,ABI-L2-ACMF/2022/288/09/OR_ABI-L2-ACMF-M6_G16_s20222880900209_e20222880909517_c20222880911176.nc
2022-10-15T07:05:06,G16,0.0,58,0.0041,243,0.053,1509,ABI-L2-ACMF/2022/288/07/OR_ABI-L2-ACMF-M6_G16_s20222880700209_e20222880709517_c20222880711121.nc
2022-10-16T03:05:05,G16,0.0,58,0.0,243,0.0278,1509,ABI-L2-ACMF/2022/289/03/OR_ABI-L2-ACMF-M6_G16_s20222890300202_e20222890309510_c20222890311175.nc
2022-10-16T02:05:05,G16,0.0,58,0.0,243,0.0232,1509,ABI-L2-ACMF/2022/289/02/OR_ABI-L2-ACMF-M6_G16_s20222890200202_e20222890209510_c20222890210597.nc
2022-10-15T23:05:05,G16,0.0,58,0.0,243,0.0099,1509,ABI-L2-ACMF/2022/288/23/OR_ABI-L2-ACMF-M6_G16_s20222882300202_e20222882309510_c20222882311196.nc
2022-10-16T01:05:05,G16,0.0,58,0.0,243,0.0159,1509,ABI-L2-ACMF/2022/289/01/OR_ABI-L2-ACMF-M6_G16_s20222890100202_e20222890109510_c20222890111040.nc
2022-10-15T11:05:07,G16,0.0,58,0.0041,243,0.0331,1509,ABI-L2-ACMF/2022/288/11/OR_ABI-L2-ACMF-M6_G16_s20222881100224_e20222881109532_c20222881111091.nc
2022-10-15T10:05:06,G16,0.0,58,0.0,243,0.0696,1509,ABI-L2-ACMF/2022/288/10/OR_ABI-L2-ACMF-M6_G16_s20222881000209_e20222881009517_c20222881011088.nc
2022-10-15T08:05:06,G16,0.0,58,0.0,243,0.0504,1509,ABI-L2-ACMF/2022/288/08/OR_ABI-L2-ACMF-M6_G16_s20222880800209_e20222880809517_c20222880811030.nc
2022-10-16T06:05:05,G16,0.0,58,0.0041,243,0.0437,1509,ABI-L2-ACMF/2022/289/06/OR_ABI-L2-ACMF-M6_G16_s20222890600205_e20222890609512_c20222890611081.nc
2022-10-16T22:05:05,G16,0.0,58,0.0,243,0.0331,1509,ABI-L2-ACMF/2022/289/22/OR_ABI-L2-ACMF-M6_G16_s20222892200203_e20222892209510_c20222892211046.nc
2022-10-16T09:05:05,G16,0.0,58,0.0,243,0.0451,1509,ABI-L2-ACMF/2022/289/09/OR_ABI-L2-ACMF-M6_G16_s20222890900205_e20222890909513_c20222890911180.nc
2022-10-16T08:05:05,G16,0.0,58,0.0,243,0.0457,1509,ABI-L2-ACMF/2022/289/08/OR_ABI-L2-ACMF-M6_G16_s20222890800205_e20222890809512_c20222890810583.nc
2022-10-16T05:05:05,G16,0.0,58,0.0,243,0.0371,1509,ABI-L2-ACMF/2022/289/05/OR_ABI-L2-ACMF-M6_G16_s20222890500205_e20222890509498_c20222890511120.nc
2022-10-16T23:05:05,G16,0.0,58,0.0,243,0.0265,1509,ABI-L2-ACMF/2022/289/23/OR_ABI-L2-ACMF-M6_G16_s20222892300203_e20222892309511_c20222892311149.nc
2022-10-16T10:05:05,G16,0.0,58,0.0,243,0.0411,1509,ABI-L2-ACMF/2022/289/10/OR_ABI-L2-ACMF-M6_G16_s20222891000205_e20222891009513_c20222891011080.nc
2022-10-16T07:05:05,G16,0.0,58,0.0,243,0.0431,1509,ABI-L2-ACMF/2022/289/07/OR_ABI-L2-ACMF-M6_G16_s20222890700205_e20222890709512_c20222890711012.nc
2022-10-16T11:05:05,G16,0.0,58,0.0,243,0.0172,1509,ABI-L2-ACMF/2022/289/11/OR_ABI-L2-ACMF-M6_G16_s20222891100205_e20222891109513_c20222891111076.nc
2022-10-17T00:05:05,G16,0.0,58,0.0,243,0.0318,1509,ABI-L2-ACMF/2022/290/00/OR_ABI-L2-ACMF-M6_G16_s20222900000203_e20222900009511_c20222900011060.nc
2022-10-17T01:05:05,G16,0.0,58,0.0,243,0.0437,1509,ABI-L2-ACMF/2022/290/01/OR_ABI-L2-ACMF-M6_G16_s20222900100203_e20222900109511_c20222900111042.nc
2022-10-17T02:05:05,G16,0.0,58,0.0,243,0.0557,1509,ABI-L2-ACMF/2022/290/02/OR_ABI-L2-ACMF-M6_G16_s20222900200203_e20222900209511_c20222900211042.nc
2022-10-17T08:05:05,G16,0.0,58,0.0,243,0.0318,1509,ABI-L2-ACMF/2022/290/08/OR_ABI-L2-ACMF-M6_G16_s20222900800205_e20222900809513_c20222900811013.nc
2022-10-17T03:05:05,G16,0.0,58,0.0,243,0.0484,1509,ABI-L2-ACMF/2022/290/03/OR_ABI-L2-ACMF-M6_G16_s20222900300203_e20222900309511_c20222900310582.nc
2022-10-17T06:05:05,G16,0.0,58,0.0,243,0.0298,1509,ABI-L2-ACMF/2022/290/06/OR_ABI-L2-ACMF-M6_G16_s20222900600205_e20222900609513_c20222900611083.nc
2022-10-17T05:05:05,G16,0.0,58,0.0,243,0.0278,1509,ABI-L2-ACMF/2022/290/05/OR_ABI-L2-ACMF-M6_G16_s20222900500205_e20222900509499_c20222900511102.nc
2022-10-17T04:05:05,G16,0.0,58,0.0,243,0.0451,1509,ABI-L2-ACMF/2022/290/04/OR_ABI-L2-ACMF-M6_G16_s20222900400203_e20222900409511_c20222900411022.nc
2022-10-17T07:05:05,G16,0.0,58,0.0,243,0.0345,1509,ABI-L2-ACMF/2022/290/07/OR_ABI-L2-ACMF-M6_G16_s20222900700205_e20222900709513_c20222900711001.nc
2022-10-17T22:05:05,G16,0.0,58,0.0,243,0.0212,1509,ABI-L2-ACMF/2022/290/22/OR_ABI-L2-ACMF-M6_G16_s20222902200203_e20222902209511_c20222902211052.nc
2022-10-17T09:05:05,G16,0.0,58,0.0,243,0.0364,1509,ABI-L2-ACMF/2022/290/09/OR_ABI-L2-ACMF-M6_G16_s20222900900205_e20222900909513_c20222900911106.nc
2022-10-17T10:05:05,G16,0.0,58,0.0,243,0.063,1509,ABI-L2-ACMF/2022/290/10/OR_ABI-L2-ACMF-M6_G16_s20222901000205_e20222901009513_c20222901011010.nc
2022-10-17T11:05:05,G16,0.0,58,0.0041,243,0.1166,1509,ABI-L2-ACMF/2022/290/11/OR_ABI-L2-ACMF-M6_G16_s20222901100205_e20222901109513_c20222901111008.nc
2022-10-18T00:05:05,G16,0.0,58,0.0,243,0.0186,1509,ABI-L2-ACMF/2022/291/00/OR_ABI-L2-ACMF-M6_G16_s20222910000203_e20222910009511_c20222910011132.nc
2022-10-17T23:05:05,G16,0.0,58,0.0,243,0.0239,1509,ABI-L2-ACMF/2022/290/23/OR_ABI-L2-ACMF-M6_G16_s20222902300203_e20222902309511_c20222902311077.nc
2022-10-18T04:05:05,G16,0.0,58,0.0,243,0.0245,1509,ABI-L2-ACMF/2022/291/04/OR_ABI-L2-ACMF-M6_G16_s20222910400203_e20222910409511_c20222910411075.nc
2022-10-18T02:05:05,G16,0.0,58,0.0,243,0.0172,1509,ABI-L2-ACMF/2022/291/02/OR_ABI-L2-ACMF-M6_G16_s20222910200203_e20222910209511_c20222910210595.nc
2022-10-18T01:05:05,G16,0.0,58,0.0,243,0.0212,1509,ABI-L2-ACMF/2022/291/01/OR_ABI-L2-ACMF-M6_G16_s20222910100203_e20222910109511_c20222910111120.nc
2022-10-18T07:05:05,G16,0.0,58,0.0,243,0.0292,1509,ABI-L2-ACMF/2022/291/07/OR_ABI-L2-ACMF-M6_G16_s20222910700205_e20222910709513_c20222910711003.nc
2022-10-18T06:05:05,G16,0.0,58,0.0041,243,0.0285,1509,ABI-L2-ACMF/2022/291/06/OR_ABI-L2-ACMF-M6_G16_s20222910600205_e20222910609513_c20222910611081.nc
2022-10-18T08:05:05,G16,0.0,58,0.0,243,0.0205,1509,ABI-L2-ACMF/2022/291/08/OR_ABI-L2-ACMF-M6_G16_s20222910800205_e20222910809513_c20222910811024.nc
2022-10-18T09:05:05,G16,0.0,58,0.0,243,0.0199,1509,ABI-L2-ACMF/2022/291/09/OR_ABI-L2-ACMF-M6_G16_s20222910900205_e20222910909513_c20222910910598.nc
2022-10-18T05:05:05,G16,0.0,58,0.0,243,0.0305,1509,ABI-L2-ACMF/2022/291/05/OR_ABI-L2-ACMF-M6_G16_s20222910500205_e20222910509501_c20222910511077.nc
2022-10-18T03:05:05,G16,0.0,58,0.0,243,0.0199,1509,ABI-L2-ACMF/2022/291/03/OR_ABI-L2-ACMF-M6_G16_s20222910300203_e20222910309511_c20222910311075.nc
2022-10-18T10:05:05,G16,0.0,58,0.0,243,0.0444,1509,ABI-L2-ACMF/2022/291/10/OR_ABI-L2-ACMF-M6_G16_s20222911000205_e20222911009513_c20222911011081.nc
2022-10-18T11:05:05,G16,0.0,58,0.0,243,0.0351,1509,ABI-L2-ACMF/2022/291/11/OR_ABI-L2-ACMF-M6_G16_s20222911100205_e20222911109513_c20222911111115.nc
2022-10-18T22:05:05,G16,0.0,58,0.0,243,0.0252,1509,ABI-L2-ACMF/2022/291/22/OR_ABI-L2-ACMF-M6_G16_s20222912200203_e20222912209511_c20222912211087.nc
2022-10-19T07:05:06,G16,0.0,58,0.0,243,0.0225,1509,ABI-L2-ACMF/2022/292/07/OR_ABI-L2-ACMF-M6_G16_s20222920700206_e20222920709514_c20222920711081.nc
2022-10-19T05:05:05,G16,0.0,58,0.0,243,0.0186,1509,ABI-L2-ACMF/2022/292/05/OR_ABI-L2-ACMF-M6_G16_s20222920500206_e20222920509503_c20222920510593.nc
2022-10-19T09:05:06,G16,0.0,58,0.0,243,0.0179,1509,ABI-L2-ACMF/2022/292/09/OR_ABI-L2-ACMF-M6_G16_s20222920900206_e20222920909514_c20222920911101.nc
2022-10-19T08:05:06,G16,0.0,58,0.0,243,0.0186,1509,ABI-L2-ACMF/2022/292/08/OR_ABI-L2-ACMF-M6_G16_s20222920800206_e20222920809514_c20222920811016.nc
2022-10-19T01:05:05,G16,0.0,58,0.0,243,0.0205,1509,ABI-L2-ACMF/2022/292/01/OR_ABI-L2-ACMF-M6_G16_s20222920100203_e20222920109511_c20222920111024.nc
2022-10-19T06:05:06,G16,0.0,58,0.0,243,0.0133,1509,ABI-L2-ACMF/2022/292/06/OR_ABI-L2-ACMF-M6_G16_s20222920600206_e20222920609514_c20222920611016.nc
2022-10-19T04:05:05,G16,0.0,58,0.0,243,0.0199,1509,ABI-L2-ACMF/2022/292/04/OR_ABI-L2-ACMF-M6_G16_s20222920400203_e20222920409511_c20222920411003.nc
2022-10-19T00:05:05,G16,0.0,58,0.0,243,0.0245,1509,ABI-L2-ACMF/2022/292/00/OR_ABI-L2-ACMF-M6_G16_s20222920000203_e20222920009511_c20222920011013.nc
2022-10-19T10:05:06,G16,0.0,58,0.0,243,0.0358,1509,ABI-L2-ACMF/2022/292/10/OR_ABI-L2-ACMF-M6_G16_s20222921000206_e20222921009514_c20222921011028.nc
2022-10-19T02:05:05,G16,0.0,58,0.0,243,0.0219,1509,ABI-L2-ACMF/2022/292/02/OR_ABI-L2-ACMF-M6_G16_s20222920200203_e20222920209511_c20222920211068.nc
2022-10-18T23:05:05,G16,0.0,58,0.0,243,0.0265,1509,ABI-L2-ACMF/2022/291/23/OR_ABI-L2-ACMF-M6_G16_s20222912300203_e20222912309511_c20222912311132.nc
2022-10-19T22:05:05,G16,0.1034,58,0.3416,243,0.1935,1509,ABI-L2-ACMF/2022/292/22/OR_ABI-L2-ACMF-M6_G16_s20222922200204_e20222922209512_c20222922211081.nc
2022-10-20T01:05:05,G16,0.0,58,0.0,243,0.0444,1509,ABI-L2-ACMF/2022/293/01/OR_ABI-L2-ACMF-M6_G16_s20222930100204_e20222930109512_c20222930110599.nc
2022-10-19T11:05:06,G16,0.0,58,0.0,243,0.0258,1509,ABI-L2-ACMF/2022/292/11/OR_ABI-L2-ACMF-M6_G16_s20222921100206_e20222921109514_c20222921111110.nc
2022-10-19T23:05:05,G16,0.0,58,0.0,243,0.0457,1509,ABI-L2-ACMF/2022/292/23/OR_ABI-L2-ACMF-M6_G16_s20222922300204_e20222922309512_c20222922311016.nc
2022-10-20T00:05:05,G16,0.0,58,0.0,243,0.0391,1509,ABI-L2-ACMF/2022/293/00/OR_ABI-L2-ACMF-M6_G16_s20222930000204_e20222930009512_c20222930011062.nc
2022-10-20T02:05:05,G16,0.0,58,0.0,243,0.0484,1509,ABI-L2-ACMF/2022/293/02/OR_ABI-L2-ACMF-M6_G16_s20222930200204_e20222930209512_c20222930211091.nc
2022-10-20T04:05:05,G16,0.0,58,0.0,243,0.0398,1509,ABI-L2-ACMF/2022/293/04/OR_ABI-L2-ACMF-M6_G16_s20222930400204_e20222930409512_c20222930411095.nc
2022-10-20T03:05:05,G16,0.0,58,0.0,243,0.0457,1509,ABI-L2-ACMF/2022/293/03/OR_ABI-L2-ACMF-M6_G16_s20222930300204_e20222930309512_c20222930310593.nc
2022-10-20T05:05:05,G16,0.0,58,0.0,243,0.0431,1509,ABI-L2-ACMF/2022/293/05/OR_ABI-L2-ACMF-M6_G16_s20222930500206_e20222930509505_c20222930511019.nc
2022-10-20T06:05:06,G16,0.0,58,0.0,243,0.0437,1509,ABI-L2-ACMF/2022/293/06/OR_ABI-L2-ACMF-M6_G16_s20222930600206_e20222930609514_c20222930611128.nc
2022-10-20T07:05:06,G16,0.0,58,0.0,243,0.0444,1509,ABI-L2-ACMF/2022/293/07/OR_ABI-L2-ACMF-M6_G16_s20222930700206_e20222930709514_c20222930711003.nc
2022-10-20T08:05:06,G16,0.0,58,0.0,243,0.0471,1509,ABI-L2-ACMF/2022/293/08/OR_ABI-L2-ACMF-M6_G16_s20222930800206_e20222930809514_c20222930811092.nc
2022-10-20T09:05:06,G16,0.0,58,0.0,243,0.0543,1509,ABI-L2-ACMF/2022/293/09/OR_ABI-L2-ACMF-M6_G16_s20222930900206_e20222930909514_c20222930911115.nc
2022-10-21T00:05:05,G16,0.0,58,0.0041,243,0.0351,1509,ABI-L2-ACMF/2022/294/00/OR_ABI-L2-ACMF-M6_G16_s20222940000204_e20222940009512_c20222940011116.nc
2022-10-20T22:05:05,G16,0.0,58,0.0,243,0.0464,1509,ABI-L2-ACMF/2022/293/22/OR_ABI-L2-ACMF-M6_G16_s20222932200204_e20222932209512_c20222932211113.nc
2022-10-20T11:05:06,G16,0.0,58,0.0,243,0.0186,1509,ABI-L2-ACMF/2022/293/11/OR_ABI-L2-ACMF-M6_G16_s20222931100206_e20222931109514_c20222931111052.nc
2022-10-21T01:05:05,G16,0.0,58,0.0,243,0.0358,1509,ABI-L2-ACMF/2022/294/01/OR_ABI-L2-ACMF-M6_G16_s20222940100204_e20222940109512_c20222940110576.nc
2022-10-21T02:05:05,G16,0.0,58,0.0,243,0.0484,1509,ABI-L2-ACMF/2022/294/02/OR_ABI-L2-ACMF-M6_G16_s20222940200204_e20222940209512_c20222940211071.nc
2022-10-20T10:05:06,G16,0.0,58,0.0,243,0.0656,1509,ABI-L2-ACMF/2022/293/10/OR_ABI-L2-ACMF-M6_G16_s20222931000206_e20222931009514_c20222931011076.nc
2022-10-20T23:05:05,G16,0.0,58,0.0,243,0.0596,1509,ABI-L2-ACMF/2022/293/23/OR_ABI-L2-ACMF-M6_G16_s20222932300204_e20222932309512_c20222932311015.nc
2022-10-21T03:05:05,G16,0.0,58,0.0,243,0.0557,1509,ABI-L2-ACMF/2022/294/03/OR_ABI-L2-ACMF-M6_G16_s20222940300204_e20222940309512_c20222940311084.nc
2022-10-21T04:05:05,G16,0.0,58,0.0,243,0.057,1509,ABI-L2-ACMF/2022/294/04/OR_ABI-L2-ACMF-M6_G16_s20222940400204_e20222940409512_c20222940411057.nc
2022-10-21T05:05:06,G16,0.0,58,0.0,243,0.0676,1509,ABI-L2-ACMF/2022/294/05/OR_ABI-L2-ACMF-M6_G16_s20222940500207_e20222940509514_c20222940511071.nc
2022-10-21T06:05:06,G16,0.0,58,0.0,243,0.0736,1509,ABI-L2-ACMF/2022/294/06/OR_ABI-L2-ACMF-M6_G16_s20222940600207_e20222940609515_c20222940610598.nc
2022-10-21T09:05:06,G16,0.0,58,0.0,243,0.0742,1509,ABI-L2-ACMF/2022/294/09/OR_ABI-L2-ACMF-M6_G16_s20222940900207_e20222940909515_c20222940911108.nc
2022-10-21T08:05:06,G16,0.0172,58,0.0041,243,0.0742,1509,ABI-L2-ACMF/2022/294/08/OR_ABI-L2-ACMF-M6_G16_s20222940800207_e20222940809515_c20222940810593.nc
2022-10-21T07:05:06,G16,0.0172,58,0.0041,243,0.0835,1509,ABI-L2-ACMF/2022/294/07/OR_ABI-L2-ACMF-M6_G16_s20222940700207_e20222940709514_c20222940711079.nc
2022-10-21T10:05:06,G16,0.0,58,0.0,243,0.0881,1509,ABI-L2-ACMF/2022/294/10/OR_ABI-L2-ACMF-M6_G16_s20222941000207_e20222941009515_c20222941011038.nc
2022-10-21T11:05:06,G16,0.0,58,0.0082,243,0.1544,1509,ABI-L2-ACMF/2022/294/11/OR_ABI-L2-ACMF-M6_G16_s20222941100207_e20222941109515_c20222941111071.nc
2022-10-21T22:05:05,G16,0.0,58,0.0,243,0.0457,1509,ABI-L2-ACMF/2022/294/22/OR_ABI-L2-ACMF-M6_G16_s20222942200205_e20222942209513_c20222942211144.nc
2022-10-21T23:05:05,G16,0.0,58,0.0,243,0.0252,1509,ABI-L2-ACMF/2022/294/23/OR_ABI-L2-ACMF-M6_G16_s20222942300205_e20222942309513_c20222942311094.nc
2022-10-23T00:05:05,G16,0.0,58,0.0,243,0.0451,1509,ABI-L2-ACMF/2022/296/00/OR_ABI-L2-ACMF-M6_G16_s20222960000205_e20222960009513_c20222960011003.nc
2022-10-23T01:05:05,G16,0.0,58,0.0,243,0.049,1509,ABI-L2-ACMF/2022/296/01/OR_ABI-L2-ACMF-M6_G16_s20222960100205_e20222960109513_c20222960111104.nc
2022-10-23T03:05:05,G16,0.0,58,0.0,243,0.0371,1509,ABI-L2-ACMF/2022/296/03/OR_ABI-L2-ACMF-M6_G16_s20222960300205_e20222960309513_c20222960310594.nc
2022-10-23T02:05:05,G16,0.0,58,0.0,243,0.0345,1509,ABI-L2-ACMF/2022/296/02/OR_ABI-L2-ACMF-M6_G16_s20222960200205_e20222960209513_c20222960211141.nc
2022-10-23T04:05:05,G16,0.0,58,0.0,243,0.0351,1509,ABI-L2-ACMF/2022/296/04/OR_ABI-L2-ACMF-M6_G16_s20222960400205_e20222960409513_c20222960411003.nc
2022-10-19T03:05:05,G16,0.0,58,0.0,243,0.0258,1509,ABI-L2-ACMF/2022/292/03/OR_ABI-L2-ACMF-M6_G16_s20222920300203_e20222920309511_c20222920311020.nc
2022-10-23T05:05:06,G16,0.0,58,0.0,243,0.0311,1509,ABI-L2-ACMF/2022/296/05/OR_ABI-L2-ACMF-M6_G16_s20222960500207_e20222960509515_c20222960511052.nc
2022-10-23T22:05:06,G16,0.0,58,0.0,243,0.0139,1509,ABI-L2-ACMF/2022/296/22/OR_ABI-L2-ACMF-M6_G16_s20222962200206_e20222962209514_c20222962211077.nc
2022-10-23T09:05:06,G16,0.0,58,0.0,243,0.0451,1509,ABI-L2-ACMF/2022/296/09/OR_ABI-L2-ACMF-M6_G16_s20222960900207_e20222960909515_c20222960911008.nc
2022-10-24T01:05:05,G16,0.0,58,0.0,243,0.0166,1509,ABI-L2-ACMF/2022/297/01/OR_ABI-L2-ACMF-M6_G16_s20222970100206_e20222970109513_c20222970111127.nc
2022-10-23T07:05:06,G16,0.0,58,0.0,243,0.0391,1509,ABI-L2-ACMF/2022/296/07/OR_ABI-L2-ACMF-M6_G16_s20222960700207_e20222960709515_c20222960711042.nc
2022-10-23T11:05:06,G16,0.0,58,0.0,243,0.0934,1509,ABI-L2-ACMF/2022/296/11/OR_ABI-L2-ACMF-M6_G16_s20222961100208_e20222961109515_c20222961111061.nc
2022-10-23T06:05:06,G16,0.0,58,0.0,243,0.0411,1509,ABI-L2-ACMF/2022/296/06/OR_ABI-L2-ACMF-M6_G16_s20222960600207_e20222960609515_c20222960611085.nc
2022-10-24T00:05:05,G16,0.0,58,0.0,243,0.0126,1509,ABI-L2-ACMF/2022/297/00/OR_ABI-L2-ACMF-M6_G16_s20222970000206_e20222970009513_c20222970011066.nc
2022-10-23T10:05:06,G16,0.0,58,0.0,243,0.0278,1509,ABI-L2-ACMF/2022/296/10/OR_ABI-L2-ACMF-M6_G16_s20222961000208_e20222961009515_c20222961011015.nc
2022-10-24T02:05:05,G16,0.0,58,0.0,243,0.0212,1509,ABI-L2-ACMF/2022/297/02/OR_ABI-L2-ACMF-M6_G16_s20222970200206_e20222970209513_c20222970211081.nc
2022-10-23T23:05:06,G16,0.0,58,0.0,243,0.0106,1509,ABI-L2-ACMF/2022/296/23/OR_ABI-L2-ACMF-M6_G16_s20222962300206_e20222962309514_c20222962311119.nc
2022-10-23T08:05:06,G16,0.0,58,0.0041,243,0.0417,1509,ABI-L2-ACMF/2022/296/08/OR_ABI-L2-ACMF-M6_G16_s20222960800207_e20222960809515_c20222960811095.nc
2022-10-24T04:05:05,G16,0.0,58,0.0,243,0.0285,1509,ABI-L2-ACMF/2022/297/04/OR_ABI-L2-ACMF-M6_G16_s20222970400206_e20222970409513_c20222970411017.nc
2022-10-24T22:05:06,G16,0.0,58,0.0,243,0.0292,1509,ABI-L2-ACMF/2022/297/22/OR_ABI-L2-ACMF-M6_G16_s20222972200206_e20222972209514_c20222972211039.nc
2022-10-24T03:05:05,G16,0.0,58,0.0,243,0.0258,1509,ABI-L2-ACMF/2022/297/03/OR_ABI-L2-ACMF-M6_G16_s20222970300206_e20222970309513_c20222970311052.nc
2022-10-24T10:05:06,G16,0.0,58,0.0,243,0.0159,1509,ABI-L2-ACMF/2022/297/10/OR_ABI-L2-ACMF-M6_G16_s20222971000208_e20222971009516_c20222971011078.nc
2022-10-24T07:05:06,G16,0.0,58,0.0,243,0.0364,1509,ABI-L2-ACMF/2022/297/07/OR_ABI-L2-ACMF-M6_G16_s20222970700208_e20222970709516_c20222970711015.nc
2022-10-24T08:05:06,G16,0.0,58,0.0082,243,0.0391,1509,ABI-L2-ACMF/2022/297/08/OR_ABI-L2-ACMF-M6_G16_s20222970800208_e20222970809516_c20222970811060.nc
2022-10-24T05:05:06,G16,0.0,58,0.0,243,0.0245,1509,ABI-L2-ACMF/2022/297/05/OR_ABI-L2-ACMF-M6_G16_s20222970500208_e20222970509516_c20222970511019.nc
2022-10-24T09:05:06,G16,0.0,58,0.0,243,0.0351,1509,ABI-L2-ACMF/2022/297/09/OR_ABI-L2-ACMF-M6_G16_s20222970900208_e20222970909516_c20222970911112.nc
2022-10-24T06:05:06,G16,0.0,58,0.0,243,0.0278,1509,ABI-L2-ACMF/2022/297/06/OR_ABI-L2-ACMF-M6_G16_s20222970600208_e20222970609516_c20222970611112.nc
2022-10-24T23:05:06,G16,0.0,58,0.0,243,0.0192,1509,ABI-L2-ACMF/2022/297/23/OR_ABI-L2-ACMF-M6_G16_s20222972300206_e20222972309514_c20222972311089.nc
2022-10-24T11:05:06,G16,0.0,58,0.0,243,0.055,1509,ABI-L2-ACMF/2022/297/11/OR_ABI-L2-ACMF-M6_G16_s20222971100208_e20222971109516_c20222971111061.nc
2022-10-25T00:05:06,G16,0.0,58,0.0,243,0.0225,1509,ABI-L2-ACMF/2022/298/00/OR_ABI-L2-ACMF-M6_G16_s20222980000206_e20222980009514_c20222980011093.nc
2022-10-25T02:05:06,G16,0.0,58,0.0,243,0.0292,1509,ABI-L2-ACMF/2022/298/02/OR_ABI-L2-ACMF-M6_G16_s20222980200206_e20222980209514_c20222980211025.nc
2022-10-25T03:05:06,G16,0.0,58,0.0,243,0.0225,1509,ABI-L2-ACMF/2022/298/03/OR_ABI-L2-ACMF-M6_G16_s20222980300206_e20222980309514_c20222980311025.nc
2022-10-25T04:05:06,G16,0.0,58,0.0,243,0.0232,1509,ABI-L2-ACMF/2022/298/04/OR_ABI-L2-ACMF-M6_G16_s20222980400206_e20222980409514_c20222980411108.nc
2022-10-25T05:05:06,G16,0.0,58,0.0,243,0.0278,1509,ABI-L2-ACMF/2022/298/05/OR_ABI-L2-ACMF-M6_G16_s20222980500208_e20222980509516_c20222980511028.nc
2022-10-25T01:05:06,G16,0.0,58,0.0,243,0.0298,1509,ABI-L2-ACMF/2022/298/01/OR_ABI-L2-ACMF-M6_G16_s20222980100206_e20222980109514_c20222980111104.nc
2022-10-25T06:05:06,G16,0.0,58,0.0,243,0.0258,1509,ABI-L2-ACMF/2022/298/06/OR_ABI-L2-ACMF-M6_G16_s20222980600208_e20222980609516_c20222980611074.nc
2022-10-25T08:05:06,G16,0.9655,58,0.9177,243,0.8264,1509,ABI-L2-ACMF/2022/298/08/OR_ABI-L2-ACMF-M6_G16_s20222980800208_e20222980809516_c20222980810595.nc
2022-10-25T07:05:06,G16,0.0,58,0.1893,243,0.3963,1509,ABI-L2-ACMF/2022/298/07/OR_ABI-L2-ACMF-M6_G16_s20222980700208_e20222980709516_c20222980711111.nc
2022-10-25T09:05:06,G16,0.9828,58,0.9959,243,0.9397,1509,ABI-L2-ACMF/2022/298/09/OR_ABI-L2-ACMF-M6_G16_s20222980900208_e20222980909516_c20222980911021.nc
2022-10-25T11:05:06,G16,0.9655,58,0.9877,243,0.9947,1509,ABI-L2-ACMF/2022/298/11/OR_ABI-L2-ACMF-M6_G16_s20222981100208_e20222981109516_c20222981111008.nc
2022-10-25T10:05:06,G16,1.0,58,0.9959,243,0.9689,1509,ABI-L2-ACMF/2022/298/10/OR_ABI-L2-ACMF-M6_G16_s20222981000208_e20222981009516_c20222981011127.nc
2022-10-25T22:05:06,G16,0.0,58,0.0123,243,0.1312,1509,ABI-L2-ACMF/2022/298/22/OR_ABI-L2-ACMF-M6_G16_s20222982200206_e20222982209514_c20222982211049.nc
2022-10-26T02:05:06,G16,0.0,58,0.0,243,0.0285,1509,ABI-L2-ACMF/2022/299/02/OR_ABI-L2-ACMF-M6_G16_s20222990200206_e20222990209514_c20222990211126.nc
2022-10-25T23:05:06,G16,0.0,58,0.0,243,0.0272,1509,ABI-L2-ACMF/2022/298/23/OR_ABI-L2-ACMF-M6_G16_s20222982300206_e20222982309514_c20222982311094.nc
2022-10-26T06:05:06,G16,0.0,58,0.0,243,0.0205,1509,ABI-L2-ACMF/2022/299/06/OR_ABI-L2-ACMF-M6_G16_s20222990600209_e20222990609517_c20222990611124.nc
2022-10-26T04:05:06,G16,0.0,58,0.0,243,0.0345,1509,ABI-L2-ACMF/2022/299/04/OR_ABI-L2-ACMF-M6_G16_s20222990400206_e20222990409514_c20222990411079.nc
2022-10-26T08:05:06,G16,0.0,58,0.0,243,0.0146,1509,ABI-L2-ACMF/2022/299/08/OR_ABI-L2-ACMF-M6_G16_s20222990800209_e20222990809517_c20222990811069.nc
2022-10-26T03:05:06,G16,0.0,58,0.0,243,0.0451,1509,ABI-L2-ACMF/2022/299/03/OR_ABI-L2-ACMF-M6_G16_s20222990300206_e20222990309514_c20222990311082.nc
2022-10-26T10:05:06,G16,0.0,58,0.0,243,0.0,1509,ABI-L2-ACMF/2022/299/10/OR_ABI-L2-ACMF-M6_G16_s20222991000209_e20222991009517_c20222991011067.nc
2022-10-26T09:05:06,G16,0.0,58,0.0,243,0.0146,1509,ABI-L2-ACMF/2022/299/09/OR_ABI-L2-ACMF-M6_G16_s20222990900209_e20222990909517_c20222990911128.nc
2022-10-26T01:05:06,G16,0.0,58,0.0,243,0.0192,1509,ABI-L2-ACMF/2022/299/01/OR_ABI-L2-ACMF-M6_G16_s20222990100206_e20222990109514_c20222990111100.nc
2022-10-26T05:05:06,G16,0.0,58,0.0,243,0.0258,1509,ABI-L2-ACMF/2022/299/05/OR_ABI-L2-ACMF-M6_G16_s20222990500209_e20222990509517_c20222990511090.nc
2022-10-26T07:05:06,G16,0.0,58,0.0,243,0.0179,1509,ABI-L2-ACMF/2022/299/07/OR_ABI-L2-ACMF-M6_G16_s20222990700209_e20222990709517_c20222990711076.nc
2022-10-26T00:05:06,G16,0.0,58,0.0,243,0.0133,1509,ABI-L2-ACMF/2022/299/00/OR_ABI-L2-ACMF-M6_G16_s20222990000206_e20222990009514_c20222990011107.nc
2022-10-27T08:05:06,G16,0.0,58,0.0,243,0.0245,1509,ABI-L2-ACMF/2022/300/08/OR_ABI-L2-ACMF-M6_G16_s20223000800209_e20223000809517_c20223000810572.nc
2022-10-26T11:05:06,G16,0.0,58,0.0,243,0.0166,1509,ABI-L2-ACMF/2022/299/11/OR_ABI-L2-ACMF-M6_G16_s20222991100209_e20222991109517_c20222991111148.nc
2022-10-27T06:05:06,G16,0.0,58,0.0,243,0.0232,1509,ABI-L2-ACMF/2022/300/06/OR_ABI-L2-ACMF-M6_G16_s20223000600209_e20223000609517_c20223000610588.nc
2022-10-26T22:05:06,G16,0.0,58,0.0,243,0.0166,1509,ABI-L2-ACMF/2022/299/22/OR_ABI-L2-ACMF-M6_G16_s20222992200207_e20222992209515_c20222992211088.nc
2022-10-27T05:05:06,G16,0.0,58,0.0,243,0.0212,1509,ABI-L2-ACMF/2022/300/05/OR_ABI-L2-ACMF-M6_G16_s20223000500209_e20223000509517_c20223000511076.nc
2022-10-27T03:05:06,G16,0.0,58,0.0,243,0.0099,1509,ABI-L2-ACMF/2022/300/03/OR_ABI-L2-ACMF-M6_G16_s20223000300207_e20223000309515_c20223000311004.nc
2022-10-27T07:05:06,G16,0.0,58,0.0,243,0.0252,1509,ABI-L2-ACMF/2022/300/07/OR_ABI-L2-ACMF-M6_G16_s20223000700209_e20223000709517_c20223000710588.nc
2022-10-27T02:05:06,G16,0.0,58,0.0,243,0.0106,1509,ABI-L2-ACMF/2022/300/02/OR_ABI-L2-ACMF-M6_G16_s20223000200207_e20223000209515_c20223000211009.nc
2022-10-26T23:05:06,G16,0.0,58,0.0,243,0.0133,1509,ABI-L2-ACMF/2022/299/23/OR_ABI-L2-ACMF-M6_G16_s20222992300207_e20222992309515_c20222992311029.nc
2022-10-27T04:05:06,G16,0.0,58,0.0,243,0.0146,1509,ABI-L2-ACMF/2022/300/04/OR_ABI-L2-ACMF-M6_G16_s20223000400207_e20223000409515_c20223000410585.nc
2022-10-27T00:05:06,G16,0.0,58,0.0,243,0.0066,1509,ABI-L2-ACMF/2022/300/00/OR_ABI-L2-ACMF-M6_G16_s20223000000207_e20223000009515_c20223000010589.nc
2022-10-27T01:05:06,G16,0.0,58,0.0,243,0.0093,1509,ABI-L2-ACMF/2022/300/01/OR_ABI-L2-ACMF-M6_G16_s20223000100207_e20223000109515_c20223000110566.nc
2022-10-28T00:05:06,G16,0.0,58,0.0,243,0.0265,1509,ABI-L2-ACMF/2022/301/00/OR_ABI-L2-ACMF-M6_G16_s20223010000207_e20223010009515_c20223010010597.nc
2022-10-27T10:05:06,G16,0.0,58,0.0,243,0.0007,1509,ABI-L2-ACMF/2022/300/10/OR_ABI-L2-ACMF-M6_G16_s20223001000209_e20223001009517_c20223001011078.nc
2022-10-28T01:05:06,G16,0.0,58,0.0,243,0.0298,1509,ABI-L2-ACMF/2022/301/01/OR_ABI-L2-ACMF-M6_G16_s20223010100207_e20223010109515_c20223010110571.nc
2022-10-28T03:05:06,G16,0.0,58,0.0,243,0.0265,1509,ABI-L2-ACMF/2022/301/03/OR_ABI-L2-ACMF-M6_G16_s20223010300207_e20223010309515_c20223010311003.nc
2022-10-27T11:05:06,G16,0.0,58,0.0,243,0.0186,1509,ABI-L2-ACMF/2022/300/11/OR_ABI-L2-ACMF-M6_G16_s20223001100209_e20223001109517_c20223001111100.nc
2022-10-28T06:05:06,G16,0.0,58,0.0,243,0.0437,1509,ABI-L2-ACMF/2022/301/06/OR_ABI-L2-ACMF-M6_G16_s20223010600210_e20223010609518_c20223010611018.nc
2022-10-27T23:05:06,G16,0.0,58,0.0,243,0.0563,1509,ABI-L2-ACMF/2022/300/23/OR_ABI-L2-ACMF-M6_G16_s20223002300207_e20223002309515_c20223002311006.nc
2022-10-27T22:05:06,G16,0.0,58,0.0,243,0.0855,1509,ABI-L2-ACMF/2022/300/22/OR_ABI-L2-ACMF-M6_G16_s20223002200207_e20223002209515_c20223002211094.nc
2022-10-28T05:05:06,G16,0.0,58,0.0041,243,0.0358,1509,ABI-L2-ACMF/2022/301/05/OR_ABI-L2-ACMF-M6_G16_s20223010500210_e20223010509518_c20223010511044.nc
2022-10-27T09:05:06,G16,0.0,58,0.0,243,0.0265,1509,ABI-L2-ACMF/2022/300/09/OR_ABI-L2-ACMF-M6_G16_s20223000900209_e20223000909517_c20223000911024.nc
2022-10-28T02:05:06,G16,0.0,58,0.0,243,0.0272,1509,ABI-L2-ACMF/2022/301/02/OR_ABI-L2-ACMF-M6_G16_s20223010200207_e20223010209515_c20223010210571.nc
2022-10-28T04:05:06,G16,0.0,58,0.0,243,0.0424,1509,ABI-L2-ACMF/2022/301/04/OR_ABI-L2-ACMF-M6_G16_s20223010400207_e20223010409515_c20223010411117.nc
2022-10-28T07:05:06,G16,0.0,58,0.0,243,0.0378,1509,ABI-L2-ACMF/2022/301/07/OR_ABI-L2-ACMF-M6_G16_s20223010700210_e20223010709518_c20223010710595.nc
2022-10-28T08:05:06,G16,0.0,58,0.0,243,0.0325,1509,ABI-L2-ACMF/2022/301/08/OR_ABI-L2-ACMF-M6_G16_s20223010800210_e20223010809518_c20223010811055.nc
2022-10-28T09:05:06,G16,0.0,58,0.0,243,0.0345,1509,ABI-L2-ACMF/2022/301/09/OR_ABI-L2-ACMF-M6_G16_s20223010900210_e20223010909518_c20223010911073.nc
2022-10-28T22:05:06,G16,0.0,58,0.0,243,0.0298,1509,ABI-L2-ACMF/2022/301/22/OR_ABI-L2-ACMF-M6_G16_s20223012200208_e20223012209516_c20223012211072.nc
2022-10-29T00:05:06,G16,0.0,58,0.0,243,0.0596,1509,ABI-L2-ACMF/2022/302/00/OR_ABI-L2-ACMF-M6_G16_s20223020000208_e20223020009516_c20223020011043.nc
2022-10-28T10:05:06,G16,0.0,58,0.0,243,0.0033,1509,ABI-L2-ACMF/2022/301/10/OR_ABI-L2-ACMF-M6_G16_s20223011000210_e20223011009518_c20223011011001.nc
2022-10-28T11:05:06,G16,0.0,58,0.037,243,0.171,1509,ABI-L2-ACMF/2022/301/11/OR_ABI-L2-ACMF-M6_G16_s20223011100210_e20223011109518_c20223011111013.nc
2022-10-29T01:05:06,G16,0.0,58,0.0,243,0.0086,1509,ABI-L2-ACMF/2022/302/01/OR_ABI-L2-ACMF-M6_G16_s20223020100208_e20223020109516_c20223020111056.nc
2022-10-29T03:05:06,G16,0.0,58,0.0,243,0.0113,1509,ABI-L2-ACMF/2022/302/03/OR_ABI-L2-ACMF-M6_G16_s20223020300208_e20223020309516_c20223020311076.nc
2022-10-29T02:05:06,G16,0.0,58,0.0,243,0.0119,1509,ABI-L2-ACMF/2022/302/02/OR_ABI-L2-ACMF-M6_G16_s20223020200208_e20223020209516_c20223020210591.nc
2022-10-28T23:05:06,G16,0.0,58,0.0,243,0.0159,1509,ABI-L2-ACMF/2022/301/23/OR_ABI-L2-ACMF-M6_G16_s20223012300208_e20223012309516_c20223012311110.nc
2022-10-29T04:05:06,G16,0.0,58,0.0,243,0.0166,1509,ABI-L2-ACMF/2022/302/04/OR_ABI-L2-ACMF-M6_G16_s20223020400208_e20223020409516_c20223020410597.nc
2022-10-29T05:05:06,G16,0.0,58,0.0,243,0.0212,1509,ABI-L2-ACMF/2022/302/05/OR_ABI-L2-ACMF-M6_G16_s20223020500210_e20223020509518_c20223020510566.nc
2022-10-29T06:05:06,G16,0.0,58,0.0,243,0.0199,1509,ABI-L2-ACMF/2022/302/06/OR_ABI-L2-ACMF-M6_G16_s20223020600210_e20223020609518_c20223020611017.nc
2022-10-29T07:05:06,G16,0.0,58,0.0,243,0.0219,1509,ABI-L2-ACMF/2022/302/07/OR_ABI-L2-ACMF-M6_G16_s20223020700210_e20223020709518_c20223020711013.nc
2022-10-29T09:05:06,G16,0.0,58,0.0,243,0.0345,1509,ABI-L2-ACMF/2022/302/09/OR_ABI-L2-ACMF-M6_G16_s20223020900210_e20223020909518_c20223020911096.nc
2022-10-29T10:05:06,G16,0.0,58,0.0,243,0.006,1509,ABI-L2-ACMF/2022/302/10/OR_ABI-L2-ACMF-M6_G16_s20223021000210_e20223021009518_c20223021011092.nc
2022-10-29T22:05:05,G16,0.0,58,0.0,243,0.0417,1509,ABI-L2-ACMF/2022/302/22/OR_ABI-L2-ACMF-M6_G16_s20223022200202_e20223022209510_c20223022211171.nc
2022-10-29T08:05:06,G16,0.0,58,0.0,243,0.0285,1509,ABI-L2-ACMF/2022/302/08/OR_ABI-L2-ACMF-M6_G16_s20223020800210_e20223020809518_c20223020810579.nc
2022-10-29T23:05:05,G16,0.0,58,0.0,243,0.0219,1509,ABI-L2-ACMF/2022/302/23/OR_ABI-L2-ACMF-M6_G16_s20223022300202_e20223022309510_c20223022310593.nc
2022-10-30T00:05:05,G16,0.0,58,0.0,243,0.008,1509,ABI-L2-ACMF/2022/303/00/OR_ABI-L2-ACMF-M6_G16_s20223030000202_e20223030009510_c20223030010579.nc
2022-10-30T02:05:05,G16,0.0,58,0.0,243,0.0212,1509,ABI-L2-ACMF/2022/303/02/OR_ABI-L2-ACMF-M6_G16_s20223030200202_e20223030209510_c20223030210583.nc
2022-10-30T01:05:05,G16,0.0,58,0.0,243,0.0113,1509,ABI-L2-ACMF/2022/303/01/OR_ABI-L2-ACMF-M6_G16_s20223030100202_e20223030109510_c20223030111088.nc
2022-10-29T11:05:07,G16,0.0,58,0.0,243,0.0212,1509,ABI-L2-ACMF/2022/302/11/OR_ABI-L2-ACMF-M6_G16_s20223021100224_e20223021109532_c20223021111047.nc
2022-10-30T22:05:05,G16,0.0,58,0.0,243,0.1663,1509,ABI-L2-ACMF/2022/303/22/OR_ABI-L2-ACMF-M6_G16_s20223032200203_e20223032209511_c20223032211130.nc
2022-10-30T23:05:05,G16,0.0,58,0.0041,243,0.0948,1509,ABI-L2-ACMF/2022/303/23/OR_ABI-L2-ACMF-M6_G16_s20223032300203_e20223032309511_c20223032311046.nc
2022-10-30T05:05:05,G16,0.0,58,0.0,243,0.0358,1509,ABI-L2-ACMF/2022/303/05/OR_ABI-L2-ACMF-M6_G16_s20223030500205_e20223030509513_c20223030511048.nc
2022-10-30T09:05:05,G16,0.0,58,0.0,243,0.0444,1509,ABI-L2-ACMF/2022/303/09/OR_ABI-L2-ACMF-M6_G16_s20223030900205_e20223030909513_c20223030911001.nc
2022-10-30T08:05:05,G16,0.0,58,0.0,243,0.0464,1509,ABI-L2-ACMF/2022/303/08/OR_ABI-L2-ACMF-M6_G16_s20223030800205_e20223030809512_c20223030810599.nc
2022-10-30T04:05:05,G16,0.0,58,0.0,243,0.0351,1509,ABI-L2-ACMF/2022/303/04/OR_ABI-L2-ACMF-M6_G16_s20223030400202_e20223030409510_c20223030410588.nc
2022-10-30T11:05:05,G16,0.0,58,0.0247,243,0.1789,1509,ABI-L2-ACMF/2022/303/11/OR_ABI-L2-ACMF-M6_G16_s20223031100205_e20223031109513_c20223031111112.nc
2022-10-30T06:05:05,G16,0.0,58,0.0,243,0.0325,1509,ABI-L2-ACMF/2022/303/06/OR_ABI-L2-ACMF-M6_G16_s20223030600205_e20223030609513_c20223030610573.nc
2022-10-30T07:05:05,G16,0.0,58,0.0,243,0.0371,1509,ABI-L2-ACMF/2022/303/07/OR_ABI-L2-ACMF-M6_G16_s20223030700205_e20223030709512_c20223030710555.nc
2022-10-30T03:05:05,G16,0.0,58,0.0,243,0.0272,1509,ABI-L2-ACMF/2022/303/03/OR_ABI-L2-ACMF-M6_G16_s20223030300202_e20223030309510_c20223030310576.nc
2022-10-31T00:05:05,G16,0.0,58,0.0,243,0.0504,1509,ABI-L2-ACMF/2022/304/00/OR_ABI-L2-ACMF-M6_G16_s20223040000203_e20223040009511_c20223040010597.nc
2022-10-30T10:05:05,G16,0.0,58,0.0,243,0.006,1509,ABI-L2-ACMF/2022/303/10/OR_ABI-L2-ACMF-M6_G16_s20223031000205_e20223031009513_c20223031011023.nc
2022-10-31T01:05:05,G16,0.0,58,0.0,243,0.0524,1509,ABI-L2-ACMF/2022/304/01/OR_ABI-L2-ACMF-M6_G16_s20223040100203_e20223040109511_c20223040110566.nc
2022-10-31T05:05:05,G16,0.0,58,0.0,243,0.0378,1509,ABI-L2-ACMF/2022/304/05/OR_ABI-L2-ACMF-M6_G16_s20223040500205_e20223040509513_c20223040511040.nc
2022-10-31T03:05:05,G16,0.0,58,0.0,243,0.0477,1509,ABI-L2-ACMF/2022/304/03/OR_ABI-L2-ACMF-M6_G16_s20223040300203_e20223040309511_c20223040311040.nc
2022-10-31T04:05:05,G16,0.0,58,0.0,243,0.0457,1509,ABI-L2-ACMF/2022/304/04/OR_ABI-L2-ACMF-M6_G16_s20223040400203_e20223040409511_c20223040411102.nc
2022-10-31T02:05:05,G16,0.0,58,0.0,243,0.059,1509,ABI-L2-ACMF/2022/304/02/OR_ABI-L2-ACMF-M6_G16_s20223040200203_e20223040209511_c20223040210579.nc
2022-10-31T06:05:05,G16,0.0,58,0.0,243,0.0258,1509,ABI-L2-ACMF/2022/304/06/OR_ABI-L2-ACMF-M6_G16_s20223040600205_e20223040609513_c20223040611003.nc
2022-10-31T09:05:05,G16,0.0,58,0.0,243,0.0232,1509,ABI-L2-ACMF/2022/304/09/OR_ABI-L2-ACMF-M6_G16_s20223040900205_e20223040909513_c20223040910583.nc
2022-10-31T07:05:05,G16,0.0,58,0.0,243,0.0205,1509,ABI-L2-ACMF/2022/304/07/OR_ABI-L2-ACMF-M6_G16_s20223040700205_e20223040709513_c20223040711037.nc
2022-10-31T08:05:05,G16,0.0,58,0.0,243,0.0265,1509,ABI-L2-ACMF/2022/304/08/OR_ABI-L2-ACMF-M6_G16_s20223040800205_e20223040809513_c20223040810566.nc
2022-10-31T10:05:05,G16,0.0,58,0.0,243,0.0007,1509,ABI-L2-ACMF/2022/304/10/OR_ABI-L2-ACMF-M6_G16_s20223041000205_e20223041009513_c20223041011084.nc
2022-10-31T11:05:05,G16,0.0,58,0.0,243,0.0219,1509,ABI-L2-ACMF/2022/304/11/OR_ABI-L2-ACMF-M6_G16_s20223041100205_e20223041109513_c20223041111080.nc
2022-10-31T22:05:05,G16,0.0,58,0.0,243,0.0179,1509,ABI-L2-ACMF/2022/304/22/OR_ABI-L2-ACMF-M6_G16_s20223042200203_e20223042209511_c20223042211144.nc
2022-11-01T02:05:05,G16,0.0,58,0.0,243,0.0133,1509,ABI-L2-ACMF/2022/305/02/OR_ABI-L2-ACMF-M6_G16_s20223050200203_e20223050209511_c20223050211180.nc
2022-11-01T03:05:05,G16,0.0,58,0.0,243,0.0139,1509,ABI-L2-ACMF/2022/305/03/OR_ABI-L2-ACMF-M6_G16_s20223050300203_e20223050309511_c20223050311113.nc
2022-10-31T23:05:05,G16,0.0,58,0.0,243,0.0133,1509,ABI-L2-ACMF/2022/304/23/OR_ABI-L2-ACMF-M6_G16_s20223042300203_e20223042309511_c20223042311140.nc
2022-11-01T04:05:05,G16,0.0,58,0.0,243,0.0199,1509,ABI-L2-ACMF/2022/305/04/OR_ABI-L2-ACMF-M6_G16_s20223050400203_e20223050409511_c20223050411124.nc
2022-11-01T01:05:05,G16,0.0,58,0.0,243,0.0113,1509,ABI-L2-ACMF/2022/305/01/OR_ABI-L2-ACMF-M6_G16_s20223050100203_e20223050109511_c20223050111143.nc
2022-11-01T06:05:05,G16,0.0,58,0.0,243,0.0278,1509,ABI-L2-ACMF/2022/305/06/OR_ABI-L2-ACMF-M6_G16_s20223050600206_e20223050609513_c20223050611176.nc
2022-11-01T08:05:06,G16,0.0,58,0.0,243,0.0265,1509,ABI-L2-ACMF/2022/305/08/OR_ABI-L2-ACMF-M6_G16_s20223050800206_e20223050809514_c20223050811140.nc
2022-11-01T05:05:05,G16,0.0,58,0.0,243,0.0192,1509,ABI-L2-ACMF/2022/305/05/OR_ABI-L2-ACMF-M6_G16_s20223050500206_e20223050509513_c20223050511148.nc
2022-11-01T00:05:05,G16,0.0,58,0.0,243,0.0086,1509,ABI-L2-ACMF/2022/305/00/OR_ABI-L2-ACMF-M6_G16_s20223050000203_e20223050009511_c20223050011041.nc
2022-11-01T07:05:05,G16,0.0,58,0.0,243,0.0252,1509,ABI-L2-ACMF/2022/305/07/OR_ABI-L2-ACMF-M6_G16_s20223050700206_e20223050709513_c20223050711096.nc
2022-11-01T09:05:05,G16,0.0172,58,0.0041,243,0.0311,1509,ABI-L2-ACMF/2022/305/09/OR_ABI-L2-ACMF-M6_G16_s20223050900206_e20223050909513_c20223050911055.nc
2022-11-01T10:05:05,G16,0.0,58,0.0,243,0.004,1509,ABI-L2-ACMF/2022/305/10/OR_ABI-L2-ACMF-M6_G16_s20223051000206_e20223051009513_c20223051011153.nc
2022-11-01T22:05:05,G16,0.0,58,0.0,243,0.004,1509,ABI-L2-ACMF/2022/305/22/OR_ABI-L2-ACMF-M6_G16_s20223052200204_e20223052209512_c20223052211183.nc
2022-11-01T11:05:06,G16,0.0,58,0.0,243,0.0093,1509,ABI-L2-ACMF/2022/305/11/OR_ABI-L2-ACMF-M6_G16_s20223051100206_e20223051109514_c20223051111062.nc
2022-11-02T01:05:05,G16,0.0,58,0.0,243,0.0093,1509,ABI-L2-ACMF/2022/306/01/OR_ABI-L2-ACMF-M6_G16_s20223060100204_e20223060109512_c20223060111183.nc
2022-11-02T00:05:05,G16,0.0,58,0.0,243,0.0053,1509,ABI-L2-ACMF/2022/306/00/OR_ABI-L2-ACMF-M6_G16_s20223060000204_e20223060009512_c20223060011124.nc
2022-11-01T23:05:05,G16,0.0172,58,0.0041,243,0.004,1509,ABI-L2-ACMF/2022/305/23/OR_ABI-L2-ACMF-M6_G16_s20223052300204_e20223052309512_c20223052311167.nc
2022-11-02T03:05:05,G16,0.0345,58,0.0082,243,0.0119,1509,ABI-L2-ACMF/2022/306/03/OR_ABI-L2-ACMF-M6_G16_s20223060300204_e20223060309512_c20223060311178.nc
2022-11-02T02:05:05,G16,0.0,58,0.0,243,0.0139,1509,ABI-L2-ACMF/2022/306/02/OR_ABI-L2-ACMF-M6_G16_s20223060200204_e20223060209512_c20223060211229.nc
2022-11-02T04:05:05,G16,0.0,58,0.0,243,0.0139,1509,ABI-L2-ACMF/2022/306/04/OR_ABI-L2-ACMF-M6_G16_s20223060400204_e20223060409512_c20223060411152.nc
2022-11-02T06:05:06,G16,0.0172,58,0.0082,243,0.0192,1509,ABI-L2-ACMF/2022/306/06/OR_ABI-L2-ACMF-M6_G16_s20223060600206_e20223060609514_c20223060611093.nc
2022-11-02T05:05:06,G16,0.0517,58,0.0123,243,0.0179,1509,ABI-L2-ACMF/2022/306/05/OR_ABI-L2-ACMF-M6_G16_s20223060500206_e20223060509514_c20223060511156.nc
2022-11-02T07:05:06,G16,0.0172,58,0.0041,243,0.0258,1509,ABI-L2-ACMF/2022/306/07/OR_ABI-L2-ACMF-M6_G16_s20223060700206_e20223060709514_c20223060711164.nc
2022-11-02T08:05:06,G16,0.0,58,0.0041,243,0.0212,1509,ABI-L2-ACMF/2022/306/08/OR_ABI-L2-ACMF-M6_G16_s20223060800206_e20223060809514_c20223060811224.nc
2022-11-03T06:05:06,G16,0.0172,58,0.0082,243,0.0722,1509,ABI-L2-ACMF/2022/307/06/OR_ABI-L2-ACMF-M6_G16_s20223070600206_e20223070609514_c20223070611125.nc
2022-11-02T22:05:05,G16,0.0,58,0.0,243,0.0073,1509,ABI-L2-ACMF/2022/306/22/OR_ABI-L2-ACMF-M6_G16_s20223062200204_e20223062209512_c20223062211124.nc
2022-11-03T05:05:06,G16,0.0172,58,0.0165,243,0.057,1509,ABI-L2-ACMF/2022/307/05/OR_ABI-L2-ACMF-M6_G16_s20223070500206_e20223070509514_c20223070511234.nc
2022-11-03T03:05:05,G16,0.0,58,0.0,243,0.055,1509,ABI-L2-ACMF/2022/307/03/OR_ABI-L2-ACMF-M6_G16_s20223070300204_e20223070309512_c20223070311105.nc
2022-11-02T09:05:06,G16,0.0345,58,0.0123,243,0.0292,1509,ABI-L2-ACMF/2022/306/09/OR_ABI-L2-ACMF-M6_G16_s20223060900206_e20223060909514_c20223060911230.nc
2022-11-03T02:05:05,G16,0.0172,58,0.0041,243,0.0364,1509,ABI-L2-ACMF/2022/307/02/OR_ABI-L2-ACMF-M6_G16_s20223070200204_e20223070209512_c20223070211151.nc
2022-11-03T04:05:05,G16,0.0,58,0.0,243,0.0457,1509,ABI-L2-ACMF/2022/307/04/OR_ABI-L2-ACMF-M6_G16_s20223070400204_e20223070409512_c20223070411089.nc
2022-11-03T00:05:05,G16,0.0,58,0.0,243,0.0086,1509,ABI-L2-ACMF/2022/307/00/OR_ABI-L2-ACMF-M6_G16_s20223070000204_e20223070009512_c20223070011198.nc
2022-11-02T10:05:06,G16,0.0,58,0.0,243,0.002,1509,ABI-L2-ACMF/2022/306/10/OR_ABI-L2-ACMF-M6_G16_s20223061000206_e20223061009514_c20223061011222.nc
2022-11-03T01:05:05,G16,0.0,58,0.0,243,0.0192,1509,ABI-L2-ACMF/2022/307/01/OR_ABI-L2-ACMF-M6_G16_s20223070100204_e20223070109512_c20223070111190.nc
2022-11-02T11:05:06,G16,0.0,58,0.0,243,0.0961,1509,ABI-L2-ACMF/2022/306/11/OR_ABI-L2-ACMF-M6_G16_s20223061100206_e20223061109514_c20223061111215.nc
2022-11-02T23:05:05,G16,0.0172,58,0.0041,243,0.0139,1509,ABI-L2-ACMF/2022/306/23/OR_ABI-L2-ACMF-M6_G16_s20223062300204_e20223062309512_c20223062311118.nc
2022-11-03T08:05:06,G16,0.5862,58,0.6214,243,0.5567,1509,ABI-L2-ACMF/2022/307/08/OR_ABI-L2-ACMF-M6_G16_s20223070800206_e20223070809514_c20223070811188.nc
2022-11-03T07:05:06,G16,0.0345,58,0.0123,243,0.11,1509,ABI-L2-ACMF/2022/307/07/OR_ABI-L2-ACMF-M6_G16_s20223070700206_e20223070709514_c20223070711101.nc
2022-11-03T10:05:06,G16,0.0345,58,0.1111,243,0.2512,1509,ABI-L2-ACMF/2022/307/10/OR_ABI-L2-ACMF-M6_G16_s20223071000206_e20223071009514_c20223071011059.nc
2022-11-03T11:05:06,G16,0.0,58,0.0494,243,0.3545,1509,ABI-L2-ACMF/2022/307/11/OR_ABI-L2-ACMF-M6_G16_s20223071100207_e20223071109514_c20223071111078.nc
2022-11-03T22:05:05,G16,0.931,58,0.9053,243,0.8264,1509,ABI-L2-ACMF/2022/307/22/OR_ABI-L2-ACMF-M6_G16_s20223072200205_e20223072209512_c20223072211149.nc
2022-11-04T01:05:05,G16,0.0,58,0.0,243,0.008,1509,ABI-L2-ACMF/2022/308/01/OR_ABI-L2-ACMF-M6_G16_s20223080100205_e20223080109512_c20223080111118.nc
2022-11-04T00:05:05,G16,0.0345,58,0.0082,243,0.0974,1509,ABI-L2-ACMF/2022/308/00/OR_ABI-L2-ACMF-M6_G16_s20223080000205_e20223080009512_c20223080011179.nc
2022-11-03T23:05:05,G16,0.4138,58,0.4403,243,0.3903,1509,ABI-L2-ACMF/2022/307/23/OR_ABI-L2-ACMF-M6_G16_s20223072300205_e20223072309512_c20223072311147.nc
2022-11-03T09:05:06,G16,0.7414,58,0.5185,243,0.503,1509,ABI-L2-ACMF/2022/307/09/OR_ABI-L2-ACMF-M6_G16_s20223070900206_e20223070909514_c20223070911145.nc
2022-11-04T03:05:05,G16,0.0,58,0.0,243,0.0033,1509,ABI-L2-ACMF/2022/308/03/OR_ABI-L2-ACMF-M6_G16_s20223080300205_e20223080309513_c20223080311203.nc
2022-11-04T04:05:05,G16,0.0,58,0.0,243,0.0073,1509,ABI-L2-ACMF/2022/308/04/OR_ABI-L2-ACMF-M6_G16_s20223080400205_e20223080409513_c20223080411108.nc
2022-11-04T02:05:05,G16,0.0,58,0.0,243,0.0027,1509,ABI-L2-ACMF/2022/308/02/OR_ABI-L2-ACMF-M6_G16_s20223080200205_e20223080209512_c20223080211156.nc
2022-11-04T06:05:06,G16,0.0,58,0.0,243,0.0139,1509,ABI-L2-ACMF/2022/308/06/OR_ABI-L2-ACMF-M6_G16_s20223080600207_e20223080609515_c20223080611204.nc
2022-11-04T08:05:06,G16,0.0345,58,0.0082,243,0.0358,1509,ABI-L2-ACMF/2022/308/08/OR_ABI-L2-ACMF-M6_G16_s20223080800207_e20223080809515_c20223080811176.nc
2022-11-04T05:05:06,G16,0.0,58,0.0,243,0.0046,1509,ABI-L2-ACMF/2022/308/05/OR_ABI-L2-ACMF-M6_G16_s20223080500207_e20223080509515_c20223080511080.nc
2022-11-04T10:05:06,G16,0.0,58,0.0082,243,0.2194,1509,ABI-L2-ACMF/2022/308/10/OR_ABI-L2-ACMF-M6_G16_s20223081000207_e20223081009515_c20223081011276.nc
2022-11-04T22:05:05,G16,0.9483,58,0.7407,243,0.6388,1509,ABI-L2-ACMF/2022/308/22/OR_ABI-L2-ACMF-M6_G16_s20223082200205_e20223082209513_c20223082211157.nc
2022-11-04T11:05:06,G16,0.6034,58,0.4897,243,0.393,1509,ABI-L2-ACMF/2022/308/11/OR_ABI-L2-ACMF-M6_G16_s20223081100207_e20223081109515_c20223081111156.nc
2022-11-04T09:05:06,G16,0.0,58,0.0,243,0.0477,1509,ABI-L2-ACMF/2022/308/09/OR_ABI-L2-ACMF-M6_G16_s20223080900207_e20223080909515_c20223080911242.nc
2022-11-04T07:05:06,G16,0.0172,58,0.0041,243,0.0232,1509,ABI-L2-ACMF/2022/308/07/OR_ABI-L2-ACMF-M6_G16_s20223080700207_e20223080709515_c20223080711115.nc
2022-11-05T01:05:05,G16,0.0345,58,0.2963,243,0.2916,1509,ABI-L2-ACMF/2022/309/01/OR_ABI-L2-ACMF-M6_G16_s20223090100205_e20223090109513_c20223090111209.nc
2022-11-04T23:05:05,G16,0.6034,58,0.6255,243,0.5673,1509,ABI-L2-ACMF/2022/308/23/OR_ABI-L2-ACMF-M6_G16_s20223082300205_e20223082309513_c20223082311123.nc
2022-11-05T00:05:05,G16,0.0345,58,0.1975,243,0.2379,1509,ABI-L2-ACMF/2022/309/00/OR_ABI-L2-ACMF-M6_G16_s20223090000205_e20223090009513_c20223090011235.nc
2022-11-05T02:05:05,G16,0.0345,58,0.0905,243,0.3446,1509,ABI-L2-ACMF/2022/309/02/OR_ABI-L2-ACMF-M6_G16_s20223090200205_e20223090209513_c20223090211266.nc
2022-11-05T04:05:05,G16,0.0,58,0.0123,243,0.0736,1509,ABI-L2-ACMF/2022/309/04/OR_ABI-L2-ACMF-M6_G16_s20223090400205_e20223090409513_c20223090411087.nc
2022-11-05T03:05:05,G16,0.0517,58,0.0905,243,0.1928,1509,ABI-L2-ACMF/2022/309/03/OR_ABI-L2-ACMF-M6_G16_s20223090300205_e20223090309513_c20223090311114.nc
2022-11-05T07:05:06,G16,0.0172,58,0.0082,243,0.0603,1509,ABI-L2-ACMF/2022/309/07/OR_ABI-L2-ACMF-M6_G16_s20223090700207_e20223090709515_c20223090711157.nc
2022-11-05T05:05:06,G16,0.0,58,0.0247,243,0.0616,1509,ABI-L2-ACMF/2022/309/05/OR_ABI-L2-ACMF-M6_G16_s20223090500207_e20223090509515_c20223090511121.nc
2022-11-05T06:05:06,G16,0.0,58,0.0165,243,0.063,1509,ABI-L2-ACMF/2022/309/06/OR_ABI-L2-ACMF-M6_G16_s20223090600207_e20223090609515_c20223090611131.nc
2022-11-05T11:05:06,G16,0.0,58,0.1235,243,0.2213,1509,ABI-L2-ACMF/2022/309/11/OR_ABI-L2-ACMF-M6_G16_s20223091100207_e20223091109516_c20223091111150.nc
2022-11-05T09:05:06,G16,0.0,58,0.0041,243,0.053,1509,ABI-L2-ACMF/2022/309/09/OR_ABI-L2-ACMF-M6_G16_s20223090900207_e20223090909515_c20223090911260.nc
2022-11-05T10:05:06,G16,0.0,58,0.0,243,0.0219,1509,ABI-L2-ACMF/2022/309/10/OR_ABI-L2-ACMF-M6_G16_s20223091000207_e20223091009515_c20223091011275.nc
2022-11-05T08:05:06,G16,0.0,58,0.0041,243,0.0471,1509,ABI-L2-ACMF/2022/309/08/OR_ABI-L2-ACMF-M6_G16_s20223090800207_e20223090809515_c20223090811155.nc
2022-11-05T23:05:05,G16,0.0,58,0.0041,243,0.1803,1509,ABI-L2-ACMF/2022/309/23/OR_ABI-L2-ACMF-M6_G16_s20223092300206_e20223092309513_c20223092311217.nc
2022-11-05T22:05:06,G16,0.0172,58,0.0123,243,0.11,1509,ABI-L2-ACMF/2022/309/22/OR_ABI-L2-ACMF-M6_G16_s20223092200206_e20223092209514_c20223092211227.nc
2022-11-06T00:05:06,G16,0.3793,58,0.2757,243,0.1518,1509,ABI-L2-ACMF/2022/310/00/OR_ABI-L2-ACMF-M6_G16_s20223100000206_e20223100009514_c20223100011224.nc
2022-11-06T04:05:05,G16,0.1552,58,0.07,243,0.1425,1509,ABI-L2-ACMF/2022/310/04/OR_ABI-L2-ACMF-M6_G16_s20223100400206_e20223100409513_c20223100411102.nc
2022-11-06T01:05:05,G16,0.0,58,0.2305,243,0.336,1509,ABI-L2-ACMF/2022/310/01/OR_ABI-L2-ACMF-M6_G16_s20223100100206_e20223100109513_c20223100111131.nc
2022-11-06T10:05:06,G16,0.0,58,0.0,243,0.0113,1509,ABI-L2-ACMF/2022/310/10/OR_ABI-L2-ACMF-M6_G16_s20223101000208_e20223101009516_c20223101011187.nc
2022-11-06T03:05:05,G16,0.6034,58,0.5638,243,0.5056,1509,ABI-L2-ACMF/2022/310/03/OR_ABI-L2-ACMF-M6_G16_s20223100300206_e20223100309513_c20223100311101.nc
2022-11-06T09:05:06,G16,0.0172,58,0.0041,243,0.0378,1509,ABI-L2-ACMF/2022/310/09/OR_ABI-L2-ACMF-M6_G16_s20223100900208_e20223100909516_c20223100911152.nc
2022-11-06T08:05:06,G16,0.0,58,0.0,243,0.0146,1509,ABI-L2-ACMF/2022/310/08/OR_ABI-L2-ACMF-M6_G16_s20223100800208_e20223100809516_c20223100811142.nc
2022-11-06T07:05:06,G16,0.0,58,0.0,243,0.0119,1509,ABI-L2-ACMF/2022/310/07/OR_ABI-L2-ACMF-M6_G16_s20223100700208_e20223100709516_c20223100711214.nc
2022-11-06T05:05:06,G16,0.0,58,0.0,243,0.0351,1509,ABI-L2-ACMF/2022/310/05/OR_ABI-L2-ACMF-M6_G16_s20223100500208_e20223100509516_c20223100511151.nc
2022-11-06T22:05:06,G16,0.6724,58,0.6872,243,0.6706,1509,ABI-L2-ACMF/2022/310/22/OR_ABI-L2-ACMF-M6_G16_s20223102200206_e20223102209514_c20223102211188.nc
2022-11-06T06:05:06,G16,0.0,58,0.0,243,0.0199,1509,ABI-L2-ACMF/2022/310/06/OR_ABI-L2-ACMF-M6_G16_s20223100600208_e20223100609516_c20223100611097.nc
2022-11-06T02:05:05,G16,0.3103,58,0.3992,243,0.387,1509,ABI-L2-ACMF/2022/310/02/OR_ABI-L2-ACMF-M6_G16_s20223100200206_e20223100209513_c20223100211205.nc
2022-11-06T11:05:06,G16,0.0,58,0.0041,243,0.1531,1509,ABI-L2-ACMF/2022/310/11/OR_ABI-L2-ACMF-M6_G16_s20223101100208_e20223101109516_c20223101111270.nc
2022-11-07T05:05:06,G16,1.0,58,1.0,243,0.9682,1509,ABI-L2-ACMF/2022/311/05/OR_ABI-L2-ACMF-M6_G16_s20223110500208_e20223110509516_c20223110511210.nc
2022-11-07T02:05:06,G16,1.0,58,1.0,243,0.992,1509,ABI-L2-ACMF/2022/311/02/OR_ABI-L2-ACMF-M6_G16_s20223110200206_e20223110209514_c20223110211241.nc
2022-11-07T03:05:06,G16,0.9655,58,0.93,243,0.7362,1509,ABI-L2-ACMF/2022/311/03/OR_ABI-L2-ACMF-M6_G16_s20223110300206_e20223110309514_c20223110311113.nc
2022-11-07T00:05:06,G16,1.0,58,0.9588,243,0.9072,1509,ABI-L2-ACMF/2022/311/00/OR_ABI-L2-ACMF-M6_G16_s20223110000206_e20223110009514_c20223110011242.nc
2022-11-06T23:05:06,G16,1.0,58,0.9835,243,0.9145,1509,ABI-L2-ACMF/2022/310/23/OR_ABI-L2-ACMF-M6_G16_s20223102300206_e20223102309514_c20223102311119.nc
2022-11-07T01:05:06,G16,1.0,58,1.0,243,0.9735,1509,ABI-L2-ACMF/2022/311/01/OR_ABI-L2-ACMF-M6_G16_s20223110100206_e20223110109514_c20223110111199.nc
2022-11-07T04:05:06,G16,0.3966,58,0.4362,243,0.4705,1509,ABI-L2-ACMF/2022/311/04/OR_ABI-L2-ACMF-M6_G16_s20223110400206_e20223110409514_c20223110411157.nc
2022-11-07T08:05:06,G16,1.0,58,0.9959,243,0.9987,1509,ABI-L2-ACMF/2022/311/08/OR_ABI-L2-ACMF-M6_G16_s20223110800208_e20223110809516_c20223110811192.nc
2022-11-07T10:05:06,G16,1.0,58,1.0,243,0.998,1509,ABI-L2-ACMF/2022/311/10/OR_ABI-L2-ACMF-M6_G16_s20223111000208_e20223111009516_c20223111011177.nc
2022-11-07T06:05:06,G16,0.8621,58,0.93,243,0.9828,1509,ABI-L2-ACMF/2022/311/06/OR_ABI-L2-ACMF-M6_G16_s20223110600208_e20223110609516_c20223110611226.nc
2022-11-07T09:05:06,G16,1.0,58,1.0,243,0.9768,1509,ABI-L2-ACMF/2022/311/09/OR_ABI-L2-ACMF-M6_G16_s20223110900208_e20223110909516_c20223110911159.nc
2022-11-07T07:05:06,G16,1.0,58,1.0,243,1.0,1509,ABI-L2-ACMF/2022/311/07/OR_ABI-L2-ACMF-M6_G16_s20223110700208_e20223110709516_c20223110711133.nc
2022-11-08T03:05:06,G16,0.9655,58,0.9877,243,0.9576,1509,ABI-L2-ACMF/2022/312/03/OR_ABI-L2-ACMF-M6_G16_s20223120300206_e20223120309514_c20223120311261.nc
2022-11-08T01:55:06,G16,0.9655,58,0.9671,243,0.9463,1509,ABI-L2-ACMF/2022/312/01/OR_ABI-L2-ACMF-M6_G16_s20223120150206_e20223120159514_c20223120201103.nc
2022-11-08T02:05:06,G16,1.0,58,0.9918,243,0.9397,1509,ABI-L2-ACMF/2022/312/02/OR_ABI-L2-ACMF-M6_G16_s20223120200206_e20223120209514_c20223120211225.nc
2022-11-07T11:05:06,G16,1.0,58,0.9753,243,0.7886,1509,ABI-L2-ACMF/2022/311/11/OR_ABI-L2-ACMF-M6_G16_s20223111100208_e20223111109516_c20223111111185.nc
2022-11-08T05:05:06,G16,1.0,58,1.0,243,0.992,1509,ABI-L2-ACMF/2022/312/05/OR_ABI-L2-ACMF-M6_G16_s20223120500209_e20223120509517_c20223120511259.nc
2022-11-08T06:05:06,G16,1.0,58,1.0,243,0.9874,1509,ABI-L2-ACMF/2022/312/06/OR_ABI-L2-ACMF-M6_G16_s20223120600209_e20223120609517_c20223120611223.nc
2022-11-08T04:05:06,G16,1.0,58,0.9794,243,0.9715,1509,ABI-L2-ACMF/2022/312/04/OR_ABI-L2-ACMF-M6_G16_s20223120400206_e20223120409514_c20223120411217.nc
2022-11-08T07:05:06,G16,1.0,58,0.9959,243,0.9993,1509,ABI-L2-ACMF/2022/312/07/OR_ABI-L2-ACMF-M6_G16_s20223120700209_e20223120709517_c20223120711218.nc
2022-11-08T09:05:06,G16,0.931,58,0.9465,243,0.9848,1509,ABI-L2-ACMF/2022/312/09/OR_ABI-L2-ACMF-M6_G16_s20223120900209_e20223120909517_c20223120911157.nc
2022-11-08T11:05:06,G16,0.9828,58,0.9835,243,0.9443,1509,ABI-L2-ACMF/2022/312/11/OR_ABI-L2-ACMF-M6_G16_s20223121100209_e20223121109517_c20223121111181.nc
2022-11-08T08:05:06,G16,1.0,58,1.0,243,0.9987,1509,ABI-L2-ACMF/2022/312/08/OR_ABI-L2-ACMF-M6_G16_s20223120800209_e20223120809517_c20223120811212.nc
2022-11-08T10:05:06,G16,1.0,58,0.9918,243,0.9655,1509,ABI-L2-ACMF/2022/312/10/OR_ABI-L2-ACMF-M6_G16_s20223121000209_e20223121009517_c20223121011305.nc
2022-11-09T02:05:06,G16,0.3621,58,0.7325,243,0.9417,1509,ABI-L2-ACMF/2022/313/02/OR_ABI-L2-ACMF-M6_G16_s20223130200207_e20223130209515_c20223130211171.nc
2022-11-08T23:05:06,G16,1.0,58,1.0,243,0.9967,1509,ABI-L2-ACMF/2022/312/23/OR_ABI-L2-ACMF-M6_G16_s20223122300207_e20223122309515_c20223122311229.nc
2022-11-09T03:05:06,G16,0.8103,58,0.8765,243,0.9795,1509,ABI-L2-ACMF/2022/313/03/OR_ABI-L2-ACMF-M6_G16_s20223130300207_e20223130309515_c20223130311230.nc
2022-11-09T01:05:06,G16,0.1897,58,0.5761,243,0.825,1509,ABI-L2-ACMF/2022/313/01/OR_ABI-L2-ACMF-M6_G16_s20223130100207_e20223130109515_c20223130111228.nc
2022-11-08T22:05:06,G16,1.0,58,1.0,243,1.0,1509,ABI-L2-ACMF/2022/312/22/OR_ABI-L2-ACMF-M6_G16_s20223122200207_e20223122209515_c20223122211181.nc
2022-11-09T04:05:06,G16,1.0,58,0.9959,243,0.9867,1509,ABI-L2-ACMF/2022/313/04/OR_ABI-L2-ACMF-M6_G16_s20223130400207_e20223130409515_c20223130411234.nc
2022-11-09T00:05:06,G16,1.0,58,1.0,243,1.0,1509,ABI-L2-ACMF/2022/313/00/OR_ABI-L2-ACMF-M6_G16_s20223130000207_e20223130009515_c20223130011344.nc
2022-11-09T05:05:06,G16,1.0,58,0.9918,243,0.8469,1509,ABI-L2-ACMF/2022/313/05/OR_ABI-L2-ACMF-M6_G16_s20223130500209_e20223130509517_c20223130511127.nc
2022-11-09T06:05:06,G16,0.6379,58,0.7819,243,0.9589,1509,ABI-L2-ACMF/2022/313/06/OR_ABI-L2-ACMF-M6_G16_s20223130600209_e20223130609517_c20223130611120.nc
2022-11-09T07:05:06,G16,1.0,58,1.0,243,0.9808,1509,ABI-L2-ACMF/2022/313/07/OR_ABI-L2-ACMF-M6_G16_s20223130700209_e20223130709517_c20223130711116.nc
2022-11-09T08:05:06,G16,1.0,58,1.0,243,1.0,1509,ABI-L2-ACMF/2022/313/08/OR_ABI-L2-ACMF-M6_G16_s20223130800209_e20223130809517_c20223130811151.nc
2022-11-09T09:05:06,G16,1.0,58,1.0,243,1.0,1509,ABI-L2-ACMF/2022/313/09/OR_ABI-L2-ACMF-M6_G16_s20223130900209_e20223130909517_c20223130911084.nc
2022-11-10T02:05:06,G16,0.3276,58,0.1605,243,0.2664,1509,ABI-L2-ACMF/2022/314/02/OR_ABI-L2-ACMF-M6_G16_s20223140200207_e20223140209515_c20223140211084.nc
2022-11-09T23:05:06,G16,0.1034,58,0.037,243,0.336,1509,ABI-L2-ACMF/2022/313/23/OR_ABI-L2-ACMF-M6_G16_s20223132300207_e20223132309515_c20223132311159.nc
2022-11-10T07:05:06,G16,0.4655,58,0.4444,243,0.5348,1509,ABI-L2-ACMF/2022/314/07/OR_ABI-L2-ACMF-M6_G16_s20223140700210_e20223140709518_c20223140711054.nc
2022-11-10T04:05:06,G16,0.0,58,0.0,243,0.0033,1509,ABI-L2-ACMF/2022/314/04/OR_ABI-L2-ACMF-M6_G16_s20223140400207_e20223140409515_c20223140411067.nc
2022-11-09T22:05:06,G16,0.0862,58,0.214,243,0.507,1509,ABI-L2-ACMF/2022/313/22/OR_ABI-L2-ACMF-M6_G16_s20223132200207_e20223132209515_c20223132211211.nc
2022-11-09T11:05:06,G16,0.9655,58,0.963,243,0.9298,1509,ABI-L2-ACMF/2022/313/11/OR_ABI-L2-ACMF-M6_G16_s20223131100209_e20223131109517_c20223131111187.nc
2022-11-10T05:05:06,G16,0.0,58,0.0,243,0.0086,1509,ABI-L2-ACMF/2022/314/05/OR_ABI-L2-ACMF-M6_G16_s20223140500210_e20223140509518_c20223140511150.nc
2022-11-10T03:05:06,G16,0.0,58,0.0,243,0.0557,1509,ABI-L2-ACMF/2022/314/03/OR_ABI-L2-ACMF-M6_G16_s20223140300207_e20223140309515_c20223140311221.nc
2022-11-10T06:05:06,G16,0.0,58,0.0,243,0.0378,1509,ABI-L2-ACMF/2022/314/06/OR_ABI-L2-ACMF-M6_G16_s20223140600210_e20223140609518_c20223140611121.nc
2022-11-10T01:05:06,G16,0.2586,58,0.1646,243,0.3519,1509,ABI-L2-ACMF/2022/314/01/OR_ABI-L2-ACMF-M6_G16_s20223140100207_e20223140109515_c20223140111218.nc
2022-11-10T00:05:06,G16,0.4655,58,0.3292,243,0.4208,1509,ABI-L2-ACMF/2022/314/00/OR_ABI-L2-ACMF-M6_G16_s20223140000207_e20223140009515_c20223140011094.nc
2022-11-09T10:05:06,G16,1.0,58,1.0,243,0.9947,1509,ABI-L2-ACMF/2022/313/10/OR_ABI-L2-ACMF-M6_G16_s20223131000209_e20223131009517_c20223131011180.nc
2022-11-10T11:05:06,G16,0.0,58,0.0617,243,0.2286,1509,ABI-L2-ACMF/2022/314/11/OR_ABI-L2-ACMF-M6_G16_s20223141100210_e20223141109518_c20223141111173.nc
2022-11-10T22:05:06,G16,1.0,58,1.0,243,1.0,1509,ABI-L2-ACMF/2022/314/22/OR_ABI-L2-ACMF-M6_G16_s20223142200208_e20223142209516_c20223142211193.nc
2022-11-10T08:05:06,G16,0.3621,58,0.4444,243,0.5374,1509,ABI-L2-ACMF/2022/314/08/OR_ABI-L2-ACMF-M6_G16_s20223140800210_e20223140809518_c20223140811271.nc
2022-11-10T10:05:06,G16,0.2586,58,0.4815,243,0.5852,1509,ABI-L2-ACMF/2022/314/10/OR_ABI-L2-ACMF-M6_G16_s20223141000210_e20223141009518_c20223141011194.nc
2022-11-11T00:05:06,G16,0.0,58,0.0,243,0.0106,1509,ABI-L2-ACMF/2022/315/00/OR_ABI-L2-ACMF-M6_G16_s20223150000208_e20223150009516_c20223150011296.nc
2022-11-11T02:05:06,G16,0.0,58,0.0,243,0.0212,1509,ABI-L2-ACMF/2022/315/02/OR_ABI-L2-ACMF-M6_G16_s20223150200208_e20223150209516_c20223150211144.nc
2022-11-11T01:05:06,G16,0.0,58,0.0,243,0.0086,1509,ABI-L2-ACMF/2022/315/01/OR_ABI-L2-ACMF-M6_G16_s20223150100208_e20223150109516_c20223150111245.nc
2022-11-11T03:05:06,G16,0.2759,58,0.4198,243,0.4944,1509,ABI-L2-ACMF/2022/315/03/OR_ABI-L2-ACMF-M6_G16_s20223150300208_e20223150309516_c20223150311286.nc
2022-11-10T09:05:06,G16,0.5517,58,0.4691,243,0.5421,1509,ABI-L2-ACMF/2022/314/09/OR_ABI-L2-ACMF-M6_G16_s20223140900210_e20223140909518_c20223140911154.nc
2022-11-11T04:05:06,G16,1.0,58,1.0,243,0.941,1509,ABI-L2-ACMF/2022/315/04/OR_ABI-L2-ACMF-M6_G16_s20223150400208_e20223150409516_c20223150411196.nc
2022-11-10T23:05:06,G16,0.0,58,0.0864,243,0.4115,1509,ABI-L2-ACMF/2022/314/23/OR_ABI-L2-ACMF-M6_G16_s20223142300208_e20223142309516_c20223142311140.nc
2022-11-11T05:05:06,G16,1.0,58,1.0,243,1.0,1509,ABI-L2-ACMF/2022/315/05/OR_ABI-L2-ACMF-M6_G16_s20223150500210_e20223150509518_c20223150511280.nc
2022-11-11T06:05:06,G16,1.0,58,1.0,243,1.0,1509,ABI-L2-ACMF/2022/315/06/OR_ABI-L2-ACMF-M6_G16_s20223150600210_e20223150609518_c20223150611167.nc
2022-11-11T08:05:06,G16,1.0,58,1.0,243,1.0,1509,ABI-L2-ACMF/2022/315/08/OR_ABI-L2-ACMF-M6_G16_s20223150800210_e20223150809518_c20223150811153.nc
2022-11-12T00:05:06,G16,1.0,58,0.9136,243,0.8125,1509,ABI-L2-ACMF/2022/316/00/OR_ABI-L2-ACMF-M6_G16_s20223160000208_e20223160009516_c20223160011169.nc
2022-11-12T01:05:06,G16,0.8448,58,0.7737,243,0.7959,1509,ABI-L2-ACMF/2022/316/01/OR_ABI-L2-ACMF-M6_G16_s20223160100208_e20223160109516_c20223160111296.nc
2022-11-11T22:05:06,G16,1.0,58,1.0,243,0.9927,1509,ABI-L2-ACMF/2022/315/22/OR_ABI-L2-ACMF-M6_G16_s20223152200208_e20223152209516_c20223152211145.nc
2022-11-11T23:05:06,G16,1.0,58,0.9918,243,0.939,1509,ABI-L2-ACMF/2022/315/23/OR_ABI-L2-ACMF-M6_G16_s20223152300208_e20223152309516_c20223152311102.nc
2022-11-11T07:05:06,G16,1.0,58,1.0,243,1.0,1509,ABI-L2-ACMF/2022/315/07/OR_ABI-L2-ACMF-M6_G16_s20223150700210_e20223150709518_c20223150711242.nc
2022-11-12T02:05:06,G16,0.9655,58,0.786,243,0.8608,1509,ABI-L2-ACMF/2022/316/02/OR_ABI-L2-ACMF-M6_G16_s20223160200208_e20223160209516_c20223160211160.nc
2022-11-11T11:05:06,G16,1.0,58,1.0,243,1.0,1509,ABI-L2-ACMF/2022/315/11/OR_ABI-L2-ACMF-M6_G16_s20223151100210_e20223151109518_c20223151111206.nc
2022-11-11T10:05:06,G16,1.0,58,1.0,243,1.0,1509,ABI-L2-ACMF/2022/315/10/OR_ABI-L2-ACMF-M6_G16_s20223151000210_e20223151009518_c20223151011255.nc
2022-11-11T09:05:06,G16,1.0,58,1.0,243,1.0,1509,ABI-L2-ACMF/2022/315/09/OR_ABI-L2-ACMF-M6_G16_s20223150900210_e20223150909518_c20223150911173.nc
2022-11-12T03:05:06,G16,1.0,58,1.0,243,1.0,1509,ABI-L2-ACMF/2022/316/03/OR_ABI-L2-ACMF-M6_G16_s20223160300208_e20223160309516_c20223160311097.nc
2022-11-12T07:05:06,G16,1.0,58,1.0,243,1.0,1509,ABI-L2-ACMF/2022/316/07/OR_ABI-L2-ACMF-M6_G16_s20223160700211_e20223160709519_c20223160711283.nc
2022-11-12T08:05:06,G16,1.0,58,1.0,243,1.0,1509,ABI-L2-ACMF/2022/316/08/OR_ABI-L2-ACMF-M6_G16_s20223160800211_e20223160809519_c20223160811144.nc
2022-11-12T06:05:06,G16,1.0,58,0.9588,243,0.8907,1509,ABI-L2-ACMF/2022/316/06/OR_ABI-L2-ACMF-M6_G16_s20223160600211_e20223160609519_c20223160611165.nc
2022-11-12T22:05:05,G16,1.0,58,1.0,243,1.0,1509,ABI-L2-ACMF/2022/316/22/OR_ABI-L2-ACMF-M6_G16_s20223162200202_e20223162209510_c20223162211195.nc
2022-11-12T04:05:06,G16,1.0,58,1.0,243,0.996,1509,ABI-L2-ACMF/2022/316/04/OR_ABI-L2-ACMF-M6_G16_s20223160400208_e20223160409516_c20223160411171.nc
2022-11-12T05:05:06,G16,1.0,58,1.0,243,0.9145,1509,ABI-L2-ACMF/2022/316/05/OR_ABI-L2-ACMF-M6_G16_s20223160500211_e20223160509518_c20223160511125.nc
2022-11-12T10:05:06,G16,1.0,58,1.0,243,0.947,1509,ABI-L2-ACMF/2022/316/10/OR_ABI-L2-ACMF-M6_G16_s20223161000211_e20223161009519_c20223161011127.nc
2022-11-12T09:05:06,G16,1.0,58,1.0,243,0.9476,1509,ABI-L2-ACMF/2022/316/09/OR_ABI-L2-ACMF-M6_G16_s20223160900211_e20223160909519_c20223160911113.nc
2022-11-13T01:05:05,G16,0.9828,58,0.856,243,0.7349,1509,ABI-L2-ACMF/2022/317/01/OR_ABI-L2-ACMF-M6_G16_s20223170100202_e20223170109510_c20223170111218.nc
2022-11-12T23:05:05,G16,1.0,58,1.0,243,0.992,1509,ABI-L2-ACMF/2022/316/23/OR_ABI-L2-ACMF-M6_G16_s20223162300202_e20223162309510_c20223162311187.nc
2022-11-13T00:05:05,G16,0.4655,58,0.6749,243,0.8814,1509,ABI-L2-ACMF/2022/317/00/OR_ABI-L2-ACMF-M6_G16_s20223170000202_e20223170009510_c20223170011238.nc
2022-11-12T11:05:07,G16,1.0,58,1.0,243,0.9052,1509,ABI-L2-ACMF/2022/316/11/OR_ABI-L2-ACMF-M6_G16_s20223161100224_e20223161109532_c20223161111176.nc
2022-11-13T04:05:05,G16,0.0,58,0.07,243,0.2439,1509,ABI-L2-ACMF/2022/317/04/OR_ABI-L2-ACMF-M6_G16_s20223170400202_e20223170409510_c20223170411117.nc
2022-11-13T05:05:05,G16,0.069,58,0.1728,243,0.2028,1509,ABI-L2-ACMF/2022/317/05/OR_ABI-L2-ACMF-M6_G16_s20223170500205_e20223170509513_c20223170511243.nc
2022-11-13T06:05:05,G16,0.0,58,0.0,243,0.0915,1509,ABI-L2-ACMF/2022/317/06/OR_ABI-L2-ACMF-M6_G16_s20223170600205_e20223170609513_c20223170611236.nc
2022-11-13T22:05:05,G16,0.0,58,0.0,243,0.0159,1509,ABI-L2-ACMF/2022/317/22/OR_ABI-L2-ACMF-M6_G16_s20223172200203_e20223172209511_c20223172211113.nc
2022-11-13T23:05:05,G16,0.0,58,0.0,243,0.0027,1509,ABI-L2-ACMF/2022/317/23/OR_ABI-L2-ACMF-M6_G16_s20223172300203_e20223172309511_c20223172311078.nc
2022-11-13T02:05:05,G16,1.0,58,0.8848,243,0.7382,1509,ABI-L2-ACMF/2022/317/02/OR_ABI-L2-ACMF-M6_G16_s20223170200202_e20223170209510_c20223170211164.nc
2022-11-13T11:05:05,G16,0.0,58,0.0123,243,0.0371,1509,ABI-L2-ACMF/2022/317/11/OR_ABI-L2-ACMF-M6_G16_s20223171100205_e20223171109513_c20223171111250.nc
2022-11-13T10:05:05,G16,0.0,58,0.0,243,0.0,1509,ABI-L2-ACMF/2022/317/10/OR_ABI-L2-ACMF-M6_G16_s20223171000205_e20223171009513_c20223171011111.nc
2022-11-13T08:05:05,G16,0.0,58,0.0,243,0.0318,1509,ABI-L2-ACMF/2022/317/08/OR_ABI-L2-ACMF-M6_G16_s20223170800205_e20223170809513_c20223170811178.nc
2022-11-13T03:05:05,G16,1.0,58,0.9506,243,0.5547,1509,ABI-L2-ACMF/2022/317/03/OR_ABI-L2-ACMF-M6_G16_s20223170300202_e20223170309510_c20223170311093.nc
2022-11-13T09:05:05,G16,0.0,58,0.0,243,0.0305,1509,ABI-L2-ACMF/2022/317/09/OR_ABI-L2-ACMF-M6_G16_s20223170900205_e20223170909513_c20223170911123.nc
2022-11-13T07:05:05,G16,0.0,58,0.0,243,0.0292,1509,ABI-L2-ACMF/2022/317/07/OR_ABI-L2-ACMF-M6_G16_s20223170700205_e20223170709513_c20223170711214.nc
2022-11-14T02:05:05,G16,0.0,58,0.0,243,0.0093,1509,ABI-L2-ACMF/2022/318/02/OR_ABI-L2-ACMF-M6_G16_s20223180200203_e20223180209511_c20223180211110.nc
2022-11-14T03:05:05,G16,0.0,58,0.0,243,0.0159,1509,ABI-L2-ACMF/2022/318/03/OR_ABI-L2-ACMF-M6_G16_s20223180300203_e20223180309511_c20223180311125.nc
2022-11-14T10:05:05,G16,0.0,58,0.0,243,0.0086,1509,ABI-L2-ACMF/2022/318/10/OR_ABI-L2-ACMF-M6_G16_s20223181000205_e20223181009513_c20223181011179.nc
2022-11-14T06:05:05,G16,0.0172,58,0.0041,243,0.0265,1509,ABI-L2-ACMF/2022/318/06/OR_ABI-L2-ACMF-M6_G16_s20223180600205_e20223180609513_c20223180611171.nc
2022-11-14T01:05:05,G16,0.0,58,0.0,243,0.006,1509,ABI-L2-ACMF/2022/318/01/OR_ABI-L2-ACMF-M6_G16_s20223180100203_e20223180109511_c20223180111178.nc
2022-11-14T00:05:05,G16,0.0172,58,0.0082,243,0.0086,1509,ABI-L2-ACMF/2022/318/00/OR_ABI-L2-ACMF-M6_G16_s20223180000203_e20223180009511_c20223180011207.nc
2022-11-14T08:05:05,G16,0.0345,58,0.0082,243,0.0437,1509,ABI-L2-ACMF/2022/318/08/OR_ABI-L2-ACMF-M6_G16_s20223180800205_e20223180809513_c20223180811068.nc
2022-11-14T09:05:05,G16,0.0517,58,0.0123,243,0.051,1509,ABI-L2-ACMF/2022/318/09/OR_ABI-L2-ACMF-M6_G16_s20223180900205_e20223180909513_c20223180911234.nc
2022-11-14T07:05:05,G16,0.0345,58,0.0082,243,0.0298,1509,ABI-L2-ACMF/2022/318/07/OR_ABI-L2-ACMF-M6_G16_s20223180700205_e20223180709513_c20223180711178.nc
2022-11-14T05:05:05,G16,0.0172,58,0.0041,243,0.0146,1509,ABI-L2-ACMF/2022/318/05/OR_ABI-L2-ACMF-M6_G16_s20223180500205_e20223180509513_c20223180511175.nc
2022-11-14T04:05:05,G16,0.0,58,0.0,243,0.0205,1509,ABI-L2-ACMF/2022/318/04/OR_ABI-L2-ACMF-M6_G16_s20223180400203_e20223180409511_c20223180411097.nc
2022-11-14T11:05:05,G16,0.0172,58,0.0165,243,0.0351,1509,ABI-L2-ACMF/2022/318/11/OR_ABI-L2-ACMF-M6_G16_s20223181100205_e20223181109513_c20223181111131.nc
2022-11-15T01:05:05,G16,0.0,58,0.0,243,0.004,1509,ABI-L2-ACMF/2022/319/01/OR_ABI-L2-ACMF-M6_G16_s20223190100203_e20223190109511_c20223190111174.nc
2022-11-15T00:05:05,G16,0.0172,58,0.0041,243,0.004,1509,ABI-L2-ACMF/2022/319/00/OR_ABI-L2-ACMF-M6_G16_s20223190000203_e20223190009511_c20223190011085.nc
2022-11-14T22:05:05,G16,0.0,58,0.0,243,0.004,1509,ABI-L2-ACMF/2022/318/22/OR_ABI-L2-ACMF-M6_G16_s20223182200203_e20223182209511_c20223182211214.nc
2022-11-15T04:05:05,G16,0.069,58,0.1523,243,0.1027,1509,ABI-L2-ACMF/2022/319/04/OR_ABI-L2-ACMF-M6_G16_s20223190400203_e20223190409511_c20223190411096.nc
2022-11-14T23:05:05,G16,0.0,58,0.0,243,0.0007,1509,ABI-L2-ACMF/2022/318/23/OR_ABI-L2-ACMF-M6_G16_s20223182300203_e20223182309511_c20223182311210.nc
2022-11-15T07:05:06,G16,0.0517,58,0.0206,243,0.0537,1509,ABI-L2-ACMF/2022/319/07/OR_ABI-L2-ACMF-M6_G16_s20223190700206_e20223190709514_c20223190711196.nc
2022-11-15T05:05:06,G16,0.0172,58,0.0206,243,0.0643,1509,ABI-L2-ACMF/2022/319/05/OR_ABI-L2-ACMF-M6_G16_s20223190500206_e20223190509514_c20223190511068.nc
2022-11-15T02:05:05,G16,0.0172,58,0.0041,243,0.0086,1509,ABI-L2-ACMF/2022/319/02/OR_ABI-L2-ACMF-M6_G16_s20223190200203_e20223190209511_c20223190211103.nc
2022-11-15T06:05:06,G16,0.0172,58,0.0041,243,0.0378,1509,ABI-L2-ACMF/2022/319/06/OR_ABI-L2-ACMF-M6_G16_s20223190600206_e20223190609514_c20223190611176.nc
2022-11-15T03:05:05,G16,0.0,58,0.0,243,0.0186,1509,ABI-L2-ACMF/2022/319/03/OR_ABI-L2-ACMF-M6_G16_s20223190300203_e20223190309511_c20223190311226.nc
2022-11-15T09:05:06,G16,0.2586,58,0.4403,243,0.4049,1509,ABI-L2-ACMF/2022/319/09/OR_ABI-L2-ACMF-M6_G16_s20223190900206_e20223190909514_c20223190911130.nc
2022-11-15T08:05:06,G16,0.0345,58,0.0576,243,0.1107,1509,ABI-L2-ACMF/2022/319/08/OR_ABI-L2-ACMF-M6_G16_s20223190800206_e20223190809514_c20223190811057.nc
2022-11-15T22:05:05,G16,0.0172,58,0.3786,243,0.5262,1509,ABI-L2-ACMF/2022/319/22/OR_ABI-L2-ACMF-M6_G16_s20223192200204_e20223192209512_c20223192211226.nc
2022-11-15T10:05:06,G16,0.4828,58,0.428,243,0.5003,1509,ABI-L2-ACMF/2022/319/10/OR_ABI-L2-ACMF-M6_G16_s20223191000206_e20223191009514_c20223191011145.nc
2022-11-16T02:05:05,G16,0.569,58,0.4774,243,0.4307,1509,ABI-L2-ACMF/2022/320/02/OR_ABI-L2-ACMF-M6_G16_s20223200200204_e20223200209512_c20223200211156.nc
2022-11-15T23:05:05,G16,1.0,58,1.0,243,0.8164,1509,ABI-L2-ACMF/2022/319/23/OR_ABI-L2-ACMF-M6_G16_s20223192300204_e20223192309512_c20223192311193.nc
2022-11-16T03:05:05,G16,0.0,58,0.0,243,0.0623,1509,ABI-L2-ACMF/2022/320/03/OR_ABI-L2-ACMF-M6_G16_s20223200300204_e20223200309512_c20223200311183.nc
2022-11-15T11:05:06,G16,0.2069,58,0.5185,243,0.5586,1509,ABI-L2-ACMF/2022/319/11/OR_ABI-L2-ACMF-M6_G16_s20223191100206_e20223191109514_c20223191111227.nc
2022-11-16T00:05:05,G16,0.5517,58,0.7778,243,0.7435,1509,ABI-L2-ACMF/2022/320/00/OR_ABI-L2-ACMF-M6_G16_s20223200000204_e20223200009512_c20223200011213.nc
2022-11-16T01:05:05,G16,0.4483,58,0.4691,243,0.5421,1509,ABI-L2-ACMF/2022/320/01/OR_ABI-L2-ACMF-M6_G16_s20223200100204_e20223200109512_c20223200111217.nc
2022-11-16T05:05:06,G16,0.0,58,0.0329,243,0.0464,1509,ABI-L2-ACMF/2022/320/05/OR_ABI-L2-ACMF-M6_G16_s20223200500206_e20223200509514_c20223200511097.nc
2022-11-16T06:05:06,G16,0.0,58,0.0,243,0.0212,1509,ABI-L2-ACMF/2022/320/06/OR_ABI-L2-ACMF-M6_G16_s20223200600206_e20223200609514_c20223200611268.nc
2022-11-16T04:05:05,G16,0.0,58,0.0,243,0.0464,1509,ABI-L2-ACMF/2022/320/04/OR_ABI-L2-ACMF-M6_G16_s20223200400204_e20223200409512_c20223200411141.nc
2022-11-16T07:05:06,G16,0.0,58,0.0329,243,0.0318,1509,ABI-L2-ACMF/2022/320/07/OR_ABI-L2-ACMF-M6_G16_s20223200700206_e20223200709514_c20223200711164.nc
2022-11-16T23:05:05,G16,0.0,58,0.0,243,0.0007,1509,ABI-L2-ACMF/2022/320/23/OR_ABI-L2-ACMF-M6_G16_s20223202300204_e20223202309512_c20223202311122.nc
2022-11-16T08:05:06,G16,0.0,58,0.0,243,0.0225,1509,ABI-L2-ACMF/2022/320/08/OR_ABI-L2-ACMF-M6_G16_s20223200800206_e20223200809514_c20223200811193.nc
2022-11-16T10:05:06,G16,0.2414,58,0.0947,243,0.0464,1509,ABI-L2-ACMF/2022/320/10/OR_ABI-L2-ACMF-M6_G16_s20223201000206_e20223201009514_c20223201011153.nc
2022-11-17T01:05:05,G16,0.0,58,0.0,243,0.0027,1509,ABI-L2-ACMF/2022/321/01/OR_ABI-L2-ACMF-M6_G16_s20223210100204_e20223210109512_c20223210111085.nc
2022-11-16T22:05:05,G16,0.0,58,0.0,243,0.0046,1509,ABI-L2-ACMF/2022/320/22/OR_ABI-L2-ACMF-M6_G16_s20223202200204_e20223202209512_c20223202211139.nc
2022-11-17T05:05:06,G16,0.0,58,0.0,243,0.0093,1509,ABI-L2-ACMF/2022/321/05/OR_ABI-L2-ACMF-M6_G16_s20223210500207_e20223210509515_c20223210511150.nc
2022-11-17T03:05:05,G16,0.0,58,0.0,243,0.0066,1509,ABI-L2-ACMF/2022/321/03/OR_ABI-L2-ACMF-M6_G16_s20223210300204_e20223210309512_c20223210311081.nc
2022-11-16T09:05:06,G16,0.0517,58,0.0329,243,0.0417,1509,ABI-L2-ACMF/2022/320/09/OR_ABI-L2-ACMF-M6_G16_s20223200900206_e20223200909514_c20223200911138.nc
2022-11-17T04:05:05,G16,0.0,58,0.0,243,0.0086,1509,ABI-L2-ACMF/2022/321/04/OR_ABI-L2-ACMF-M6_G16_s20223210400204_e20223210409512_c20223210411107.nc
2022-11-16T11:05:06,G16,0.6379,58,0.3992,243,0.1935,1509,ABI-L2-ACMF/2022/320/11/OR_ABI-L2-ACMF-M6_G16_s20223201100206_e20223201109514_c20223201111236.nc
2022-11-17T02:05:05,G16,0.0,58,0.0,243,0.0027,1509,ABI-L2-ACMF/2022/321/02/OR_ABI-L2-ACMF-M6_G16_s20223210200204_e20223210209512_c20223210211172.nc
2022-11-17T00:05:05,G16,0.0,58,0.0,243,0.0013,1509,ABI-L2-ACMF/2022/321/00/OR_ABI-L2-ACMF-M6_G16_s20223210000204_e20223210009512_c20223210011092.nc
2022-11-17T07:05:06,G16,0.0,58,0.0,243,0.0192,1509,ABI-L2-ACMF/2022/321/07/OR_ABI-L2-ACMF-M6_G16_s20223210700207_e20223210709515_c20223210711220.nc
2022-11-17T08:05:06,G16,0.0,58,0.0,243,0.0205,1509,ABI-L2-ACMF/2022/321/08/OR_ABI-L2-ACMF-M6_G16_s20223210800207_e20223210809515_c20223210811146.nc
2022-11-17T09:05:06,G16,0.0,58,0.0,243,0.0245,1509,ABI-L2-ACMF/2022/321/09/OR_ABI-L2-ACMF-M6_G16_s20223210900207_e20223210909515_c20223210911229.nc
2022-11-17T10:05:06,G16,0.0,58,0.0,243,0.0,1509,ABI-L2-ACMF/2022/321/10/OR_ABI-L2-ACMF-M6_G16_s20223211000207_e20223211009515_c20223211011189.nc
2022-11-17T06:05:06,G16,0.0,58,0.0,243,0.0159,1509,ABI-L2-ACMF/2022/321/06/OR_ABI-L2-ACMF-M6_G16_s20223210600207_e20223210609515_c20223210611202.nc
2022-11-17T11:05:06,G16,0.0,58,0.0,243,0.0689,1509,ABI-L2-ACMF/2022/321/11/OR_ABI-L2-ACMF-M6_G16_s20223211100207_e20223211109515_c20223211111145.nc
2022-11-17T23:05:05,G16,0.0,58,0.0,243,0.0,1509,ABI-L2-ACMF/2022/321/23/OR_ABI-L2-ACMF-M6_G16_s20223212300205_e20223212309513_c20223212311183.nc
2022-11-17T22:05:05,G16,0.0,58,0.0,243,0.006,1509,ABI-L2-ACMF/2022/321/22/OR_ABI-L2-ACMF-M6_G16_s20223212200205_e20223212209513_c20223212211134.nc
2022-11-18T00:05:05,G16,0.0,58,0.0,243,0.0007,1509,ABI-L2-ACMF/2022/322/00/OR_ABI-L2-ACMF-M6_G16_s20223220000205_e20223220009513_c20223220011259.nc
2022-11-18T02:05:05,G16,0.0,58,0.0,243,0.004,1509,ABI-L2-ACMF/2022/322/02/OR_ABI-L2-ACMF-M6_G16_s20223220200205_e20223220209513_c20223220211233.nc
2022-11-18T01:05:05,G16,0.0,58,0.0,243,0.0007,1509,ABI-L2-ACMF/2022/322/01/OR_ABI-L2-ACMF-M6_G16_s20223220100205_e20223220109513_c20223220111126.nc
2022-11-18T03:05:05,G16,0.0,58,0.0,243,0.0033,1509,ABI-L2-ACMF/2022/322/03/OR_ABI-L2-ACMF-M6_G16_s20223220300205_e20223220309513_c20223220311198.nc
2022-11-18T04:05:05,G16,0.0,58,0.0,243,0.0033,1509,ABI-L2-ACMF/2022/322/04/OR_ABI-L2-ACMF-M6_G16_s20223220400205_e20223220409513_c20223220411161.nc
2022-11-18T08:05:06,G16,0.0,58,0.0,243,0.0152,1509,ABI-L2-ACMF/2022/322/08/OR_ABI-L2-ACMF-M6_G16_s20223220800207_e20223220809515_c20223220811227.nc
2022-11-18T07:05:06,G16,0.0,58,0.0,243,0.0093,1509,ABI-L2-ACMF/2022/322/07/OR_ABI-L2-ACMF-M6_G16_s20223220700207_e20223220709515_c20223220711189.nc
2022-11-18T22:05:05,G16,0.0,58,0.0,243,0.0199,1509,ABI-L2-ACMF/2022/322/22/OR_ABI-L2-ACMF-M6_G16_s20223222200205_e20223222209513_c20223222211182.nc
2022-11-18T06:05:06,G16,0.0,58,0.0,243,0.0113,1509,ABI-L2-ACMF/2022/322/06/OR_ABI-L2-ACMF-M6_G16_s20223220600207_e20223220609515_c20223220611124.nc
2022-11-18T05:05:06,G16,0.0,58,0.0,243,0.006,1509,ABI-L2-ACMF/2022/322/05/OR_ABI-L2-ACMF-M6_G16_s20223220500207_e20223220509515_c20223220511161.nc
2022-11-18T10:05:06,G16,0.0,58,0.0,243,0.0007,1509,ABI-L2-ACMF/2022/322/10/OR_ABI-L2-ACMF-M6_G16_s20223221000207_e20223221009515_c20223221011128.nc
2022-11-18T11:05:06,G16,0.0,58,0.0,243,0.0457,1509,ABI-L2-ACMF/2022/322/11/OR_ABI-L2-ACMF-M6_G16_s20223221100207_e20223221109515_c20223221111202.nc
2022-11-19T00:05:05,G16,0.0,58,0.0,243,0.0027,1509,ABI-L2-ACMF/2022/323/00/OR_ABI-L2-ACMF-M6_G16_s20223230000205_e20223230009513_c20223230011162.nc
2022-11-18T09:05:06,G16,0.0,58,0.0,243,0.0139,1509,ABI-L2-ACMF/2022/322/09/OR_ABI-L2-ACMF-M6_G16_s20223220900207_e20223220909515_c20223220911174.nc
2022-11-18T23:05:05,G16,0.0,58,0.0,243,0.006,1509,ABI-L2-ACMF/2022/322/23/OR_ABI-L2-ACMF-M6_G16_s20223222300205_e20223222309513_c20223222311150.nc
2022-11-19T01:05:05,G16,0.0,58,0.0,243,0.0013,1509,ABI-L2-ACMF/2022/323/01/OR_ABI-L2-ACMF-M6_G16_s20223230100205_e20223230109513_c20223230111278.nc
2022-11-19T02:05:05,G16,0.0,58,0.0,243,0.0053,1509,ABI-L2-ACMF/2022/323/02/OR_ABI-L2-ACMF-M6_G16_s20223230200205_e20223230209513_c20223230211187.nc
2022-11-19T06:05:06,G16,0.0,58,0.0,243,0.0086,1509,ABI-L2-ACMF/2022/323/06/OR_ABI-L2-ACMF-M6_G16_s20223230600208_e20223230609516_c20223230611155.nc
2022-11-19T03:05:05,G16,0.0,58,0.0,243,0.0106,1509,ABI-L2-ACMF/2022/323/03/OR_ABI-L2-ACMF-M6_G16_s20223230300205_e20223230309513_c20223230311128.nc
2022-11-19T04:05:05,G16,0.0,58,0.0,243,0.0073,1509,ABI-L2-ACMF/2022/323/04/OR_ABI-L2-ACMF-M6_G16_s20223230400205_e20223230409513_c20223230411111.nc
2022-11-19T05:05:06,G16,0.0,58,0.0,243,0.0093,1509,ABI-L2-ACMF/2022/323/05/OR_ABI-L2-ACMF-M6_G16_s20223230500208_e20223230509516_c20223230511199.nc
2022-11-19T07:05:06,G16,0.0,58,0.0,243,0.0172,1509,ABI-L2-ACMF/2022/323/07/OR_ABI-L2-ACMF-M6_G16_s20223230700208_e20223230709516_c20223230711182.nc
2022-11-19T08:05:06,G16,0.0,58,0.0,243,0.0152,1509,ABI-L2-ACMF/2022/323/08/OR_ABI-L2-ACMF-M6_G16_s20223230800208_e20223230809516_c20223230811231.nc
2022-11-19T09:05:06,G16,0.0,58,0.0,243,0.0099,1509,ABI-L2-ACMF/2022/323/09/OR_ABI-L2-ACMF-M6_G16_s20223230900208_e20223230909516_c20223230911224.nc
2022-11-19T11:05:06,G16,0.0,58,0.037,243,0.1643,1509,ABI-L2-ACMF/2022/323/11/OR_ABI-L2-ACMF-M6_G16_s20223231100208_e20223231109516_c20223231111276.nc
2022-11-19T10:05:06,G16,0.0,58,0.0,243,0.0033,1509,ABI-L2-ACMF/2022/323/10/OR_ABI-L2-ACMF-M6_G16_s20223231000208_e20223231009516_c20223231011202.nc
2022-11-19T22:05:06,G16,0.0,58,0.0,243,0.008,1509,ABI-L2-ACMF/2022/323/22/OR_ABI-L2-ACMF-M6_G16_s20223232200206_e20223232209514_c20223232211299.nc
2022-11-19T23:05:06,G16,0.0,58,0.0,243,0.0,1509,ABI-L2-ACMF/2022/323/23/OR_ABI-L2-ACMF-M6_G16_s20223232300206_e20223232309514_c20223232311203.nc
2022-11-20T03:05:06,G16,0.0,58,0.0,243,0.002,1509,ABI-L2-ACMF/2022/324/03/OR_ABI-L2-ACMF-M6_G16_s20223240300206_e20223240309514_c20223240311120.nc
2022-11-20T07:05:06,G16,0.0,58,0.0,243,0.0199,1509,ABI-L2-ACMF/2022/324/07/OR_ABI-L2-ACMF-M6_G16_s20223240700208_e20223240709516_c20223240711173.nc
2022-11-20T10:05:06,G16,0.0,58,0.0,243,0.0033,1509,ABI-L2-ACMF/2022/324/10/OR_ABI-L2-ACMF-M6_G16_s20223241000208_e20223241009516_c20223241011087.nc
2022-11-20T08:05:06,G16,0.0345,58,0.0082,243,0.0252,1509,ABI-L2-ACMF/2022/324/08/OR_ABI-L2-ACMF-M6_G16_s20223240800208_e20223240809516_c20223240811157.nc
2022-11-20T02:05:06,G16,0.0,58,0.0,243,0.0007,1509,ABI-L2-ACMF/2022/324/02/OR_ABI-L2-ACMF-M6_G16_s20223240200206_e20223240209514_c20223240211236.nc
2022-11-20T01:05:06,G16,0.0,58,0.0,243,0.0,1509,ABI-L2-ACMF/2022/324/01/OR_ABI-L2-ACMF-M6_G16_s20223240100206_e20223240109514_c20223240111185.nc
2022-11-20T04:05:06,G16,0.0,58,0.0,243,0.006,1509,ABI-L2-ACMF/2022/324/04/OR_ABI-L2-ACMF-M6_G16_s20223240400206_e20223240409514_c20223240411120.nc
2022-11-20T09:05:06,G16,0.0,58,0.0082,243,0.0325,1509,ABI-L2-ACMF/2022/324/09/OR_ABI-L2-ACMF-M6_G16_s20223240900208_e20223240909516_c20223240911113.nc
2022-11-20T11:05:06,G16,0.0,58,0.0206,243,0.0875,1509,ABI-L2-ACMF/2022/324/11/OR_ABI-L2-ACMF-M6_G16_s20223241100208_e20223241109516_c20223241111168.nc
2022-11-20T00:05:06,G16,0.0,58,0.0,243,0.0013,1509,ABI-L2-ACMF/2022/324/00/OR_ABI-L2-ACMF-M6_G16_s20223240000206_e20223240009514_c20223240011108.nc
2022-11-20T06:05:06,G16,0.0,58,0.0,243,0.0113,1509,ABI-L2-ACMF/2022/324/06/OR_ABI-L2-ACMF-M6_G16_s20223240600208_e20223240609516_c20223240611126.nc
2022-11-20T05:05:06,G16,0.0,58,0.0,243,0.008,1509,ABI-L2-ACMF/2022/324/05/OR_ABI-L2-ACMF-M6_G16_s20223240500208_e20223240509516_c20223240511108.nc
2022-11-21T02:05:06,G16,0.0,58,0.0,243,0.0013,1509,ABI-L2-ACMF/2022/325/02/OR_ABI-L2-ACMF-M6_G16_s20223250200206_e20223250209514_c20223250211207.nc
2022-11-21T07:05:06,G16,0.0172,58,0.0082,243,0.0205,1509,ABI-L2-ACMF/2022/325/07/OR_ABI-L2-ACMF-M6_G16_s20223250700209_e20223250709517_c20223250711220.nc
2022-11-21T03:05:06,G16,0.0,58,0.0,243,0.0033,1509,ABI-L2-ACMF/2022/325/03/OR_ABI-L2-ACMF-M6_G16_s20223250300206_e20223250309514_c20223250311164.nc
2022-11-21T01:05:06,G16,0.0,58,0.0,243,0.002,1509,ABI-L2-ACMF/2022/325/01/OR_ABI-L2-ACMF-M6_G16_s20223250100206_e20223250109514_c20223250111161.nc
2022-11-20T23:05:06,G16,0.0,58,0.0,243,0.002,1509,ABI-L2-ACMF/2022/324/23/OR_ABI-L2-ACMF-M6_G16_s20223242300206_e20223242309514_c20223242311226.nc
2022-11-21T06:05:06,G16,0.0172,58,0.0041,243,0.0152,1509,ABI-L2-ACMF/2022/325/06/OR_ABI-L2-ACMF-M6_G16_s20223250600209_e20223250609517_c20223250611162.nc
2022-11-21T05:05:06,G16,0.0,58,0.0,243,0.0086,1509,ABI-L2-ACMF/2022/325/05/OR_ABI-L2-ACMF-M6_G16_s20223250500209_e20223250509517_c20223250511187.nc
2022-11-21T08:05:06,G16,0.0172,58,0.0041,243,0.0192,1509,ABI-L2-ACMF/2022/325/08/OR_ABI-L2-ACMF-M6_G16_s20223250800209_e20223250809516_c20223250811163.nc
2022-11-21T09:05:06,G16,0.0172,58,0.0041,243,0.0258,1509,ABI-L2-ACMF/2022/325/09/OR_ABI-L2-ACMF-M6_G16_s20223250900209_e20223250909517_c20223250911165.nc
2022-11-21T00:05:06,G16,0.0,58,0.0,243,0.002,1509,ABI-L2-ACMF/2022/325/00/OR_ABI-L2-ACMF-M6_G16_s20223250000206_e20223250009514_c20223250011197.nc
2022-11-20T22:05:06,G16,0.0,58,0.0,243,0.0146,1509,ABI-L2-ACMF/2022/324/22/OR_ABI-L2-ACMF-M6_G16_s20223242200206_e20223242209514_c20223242211176.nc
2022-11-21T04:05:06,G16,0.0,58,0.0,243,0.0073,1509,ABI-L2-ACMF/2022/325/04/OR_ABI-L2-ACMF-M6_G16_s20223250400206_e20223250409514_c20223250411242.nc
2022-11-21T10:05:06,G16,0.0,58,0.0,243,0.002,1509,ABI-L2-ACMF/2022/325/10/OR_ABI-L2-ACMF-M6_G16_s20223251000209_e20223251009517_c20223251011097.nc
2022-11-22T03:05:06,G16,0.0,58,0.0,243,0.0099,1509,ABI-L2-ACMF/2022/326/03/OR_ABI-L2-ACMF-M6_G16_s20223260300207_e20223260309515_c20223260311143.nc
2022-11-21T22:05:06,G16,0.0,58,0.0,243,0.0172,1509,ABI-L2-ACMF/2022/325/22/OR_ABI-L2-ACMF-M6_G16_s20223252200207_e20223252209515_c20223252211219.nc
2022-11-22T01:05:06,G16,0.0,58,0.0,243,0.0046,1509,ABI-L2-ACMF/2022/326/01/OR_ABI-L2-ACMF-M6_G16_s20223260100207_e20223260109515_c20223260111178.nc
2022-11-21T11:05:06,G16,0.0,58,0.0,243,0.0577,1509,ABI-L2-ACMF/2022/325/11/OR_ABI-L2-ACMF-M6_G16_s20223251100209_e20223251109517_c20223251111124.nc
2022-11-22T02:05:06,G16,0.0,58,0.0,243,0.004,1509,ABI-L2-ACMF/2022/326/02/OR_ABI-L2-ACMF-M6_G16_s20223260200207_e20223260209515_c20223260211145.nc
2022-11-22T00:05:06,G16,0.0,58,0.0,243,0.0046,1509,ABI-L2-ACMF/2022/326/00/OR_ABI-L2-ACMF-M6_G16_s20223260000207_e20223260009515_c20223260011193.nc
2022-11-21T23:05:06,G16,0.0,58,0.0,243,0.0371,1509,ABI-L2-ACMF/2022/325/23/OR_ABI-L2-ACMF-M6_G16_s20223252300207_e20223252309515_c20223252311105.nc
2022-11-22T04:05:06,G16,0.0,58,0.0,243,0.0278,1509,ABI-L2-ACMF/2022/326/04/OR_ABI-L2-ACMF-M6_G16_s20223260400207_e20223260409515_c20223260411169.nc
2022-11-22T07:05:06,G16,0.0,58,0.0,243,0.0391,1509,ABI-L2-ACMF/2022/326/07/OR_ABI-L2-ACMF-M6_G16_s20223260700209_e20223260709517_c20223260711202.nc
2022-11-22T06:05:06,G16,0.0,58,0.0,243,0.0424,1509,ABI-L2-ACMF/2022/326/06/OR_ABI-L2-ACMF-M6_G16_s20223260600209_e20223260609517_c20223260611154.nc
2022-11-22T08:05:06,G16,0.0,58,0.0,243,0.0384,1509,ABI-L2-ACMF/2022/326/08/OR_ABI-L2-ACMF-M6_G16_s20223260800209_e20223260809517_c20223260811175.nc
2022-11-22T05:05:06,G16,0.0,58,0.0,243,0.0371,1509,ABI-L2-ACMF/2022/326/05/OR_ABI-L2-ACMF-M6_G16_s20223260500209_e20223260509517_c20223260511158.nc
2022-11-22T09:05:06,G16,0.0,58,0.0,243,0.0205,1509,ABI-L2-ACMF/2022/326/09/OR_ABI-L2-ACMF-M6_G16_s20223260900209_e20223260909517_c20223260911140.nc
2022-11-22T10:05:06,G16,0.0,58,0.0,243,0.002,1509,ABI-L2-ACMF/2022/326/10/OR_ABI-L2-ACMF-M6_G16_s20223261000209_e20223261009517_c20223261011151.nc
2022-11-23T02:05:06,G16,0.0,58,0.0,243,0.0146,1509,ABI-L2-ACMF/2022/327/02/OR_ABI-L2-ACMF-M6_G16_s20223270200207_e20223270209515_c20223270211150.nc
2022-11-23T01:05:06,G16,0.0,58,0.0,243,0.0086,1509,ABI-L2-ACMF/2022/327/01/OR_ABI-L2-ACMF-M6_G16_s20223270100207_e20223270109515_c20223270111136.nc
2022-11-22T23:05:06,G16,0.0,58,0.0,243,0.0027,1509,ABI-L2-ACMF/2022/326/23/OR_ABI-L2-ACMF-M6_G16_s20223262300207_e20223262309515_c20223262311115.nc
2022-11-22T11:05:06,G16,0.0,58,0.0082,243,0.1292,1509,ABI-L2-ACMF/2022/326/11/OR_ABI-L2-ACMF-M6_G16_s20223261100209_e20223261109517_c20223261111171.nc
2022-11-22T22:05:06,G16,0.0,58,0.0,243,0.0053,1509,ABI-L2-ACMF/2022/326/22/OR_ABI-L2-ACMF-M6_G16_s20223262200207_e20223262209515_c20223262211167.nc
2022-11-23T00:05:06,G16,0.0,58,0.0,243,0.0027,1509,ABI-L2-ACMF/2022/327/00/OR_ABI-L2-ACMF-M6_G16_s20223270000207_e20223270009515_c20223270011108.nc
2022-11-23T04:05:06,G16,0.0,58,0.0,243,0.0139,1509,ABI-L2-ACMF/2022/327/04/OR_ABI-L2-ACMF-M6_G16_s20223270400207_e20223270409515_c20223270411068.nc
2022-11-23T03:05:06,G16,0.0,58,0.0,243,0.0027,1509,ABI-L2-ACMF/2022/327/03/OR_ABI-L2-ACMF-M6_G16_s20223270300207_e20223270309515_c20223270311134.nc
2022-11-23T05:05:06,G16,0.0,58,0.0,243,0.0119,1509,ABI-L2-ACMF/2022/327/05/OR_ABI-L2-ACMF-M6_G16_s20223270500210_e20223270509518_c20223270511198.nc
2022-11-24T00:05:06,G16,0.6379,58,0.7366,243,0.5984,1509,ABI-L2-ACMF/2022/328/00/OR_ABI-L2-ACMF-M6_G16_s20223280000208_e20223280009516_c20223280011137.nc
2022-11-24T03:05:06,G16,0.0,58,0.0,243,0.1458,1509,ABI-L2-ACMF/2022/328/03/OR_ABI-L2-ACMF-M6_G16_s20223280300208_e20223280309516_c20223280311174.nc
2022-11-24T02:05:06,G16,1.0,58,0.8436,243,0.4208,1509,ABI-L2-ACMF/2022/328/02/OR_ABI-L2-ACMF-M6_G16_s20223280200208_e20223280209516_c20223280211177.nc
2022-11-23T07:05:06,G16,0.0,58,0.0,243,0.0126,1509,ABI-L2-ACMF/2022/327/07/OR_ABI-L2-ACMF-M6_G16_s20223270700210_e20223270709518_c20223270711115.nc
2022-11-23T23:05:06,G16,0.2069,58,0.2058,243,0.3718,1509,ABI-L2-ACMF/2022/327/23/OR_ABI-L2-ACMF-M6_G16_s20223272300208_e20223272309516_c20223272311124.nc
2022-11-23T22:05:06,G16,0.0,58,0.0288,243,0.2286,1509,ABI-L2-ACMF/2022/327/22/OR_ABI-L2-ACMF-M6_G16_s20223272200208_e20223272209516_c20223272211129.nc
2022-11-23T11:05:06,G16,0.0,58,0.0165,243,0.1047,1509,ABI-L2-ACMF/2022/327/11/OR_ABI-L2-ACMF-M6_G16_s20223271100210_e20223271109518_c20223271111215.nc
2022-11-23T09:05:06,G16,0.0,58,0.0,243,0.0212,1509,ABI-L2-ACMF/2022/327/09/OR_ABI-L2-ACMF-M6_G16_s20223270900210_e20223270909518_c20223270911129.nc
2022-11-23T06:05:06,G16,0.0,58,0.0,243,0.0119,1509,ABI-L2-ACMF/2022/327/06/OR_ABI-L2-ACMF-M6_G16_s20223270600210_e20223270609518_c20223270611197.nc
2022-11-23T08:05:06,G16,0.0,58,0.0,243,0.0133,1509,ABI-L2-ACMF/2022/327/08/OR_ABI-L2-ACMF-M6_G16_s20223270800210_e20223270809518_c20223270811126.nc
2022-11-24T01:05:06,G16,0.7931,58,0.6749,243,0.4612,1509,ABI-L2-ACMF/2022/328/01/OR_ABI-L2-ACMF-M6_G16_s20223280100208_e20223280109516_c20223280111105.nc
2022-11-23T10:05:06,G16,0.0,58,0.0,243,0.0013,1509,ABI-L2-ACMF/2022/327/10/OR_ABI-L2-ACMF-M6_G16_s20223271000210_e20223271009518_c20223271011150.nc
2022-11-24T05:05:06,G16,0.0,58,0.0,243,0.0007,1509,ABI-L2-ACMF/2022/328/05/OR_ABI-L2-ACMF-M6_G16_s20223280500210_e20223280509518_c20223280511129.nc
2022-11-24T09:05:06,G16,0.0,58,0.0,243,0.0391,1509,ABI-L2-ACMF/2022/328/09/OR_ABI-L2-ACMF-M6_G16_s20223280900210_e20223280909518_c20223280911220.nc
2022-11-24T04:05:06,G16,0.0,58,0.0,243,0.0007,1509,ABI-L2-ACMF/2022/328/04/OR_ABI-L2-ACMF-M6_G16_s20223280400208_e20223280409516_c20223280411158.nc
2022-11-24T06:05:06,G16,0.0,58,0.0,243,0.0159,1509,ABI-L2-ACMF/2022/328/06/OR_ABI-L2-ACMF-M6_G16_s20223280600210_e20223280609518_c20223280611177.nc
2022-11-24T07:05:06,G16,0.0,58,0.0,243,0.0285,1509,ABI-L2-ACMF/2022/328/07/OR_ABI-L2-ACMF-M6_G16_s20223280700210_e20223280709518_c20223280711137.nc
2022-11-24T11:05:06,G16,0.0,58,0.0165,243,0.1465,1509,ABI-L2-ACMF/2022/328/11/OR_ABI-L2-ACMF-M6_G16_s20223281100210_e20223281109518_c20223281111183.nc
2022-11-24T22:05:06,G16,0.0,58,0.0,243,0.004,1509,ABI-L2-ACMF/2022/328/22/OR_ABI-L2-ACMF-M6_G16_s20223282200208_e20223282209516_c20223282211170.nc
2022-11-24T10:05:06,G16,0.0,58,0.0,243,0.0073,1509,ABI-L2-ACMF/2022/328/10/OR_ABI-L2-ACMF-M6_G16_s20223281000210_e20223281009518_c20223281011092.nc
2022-11-25T00:05:06,G16,0.0,58,0.0,243,0.0,1509,ABI-L2-ACMF/2022/329/00/OR_ABI-L2-ACMF-M6_G16_s20223290000208_e20223290009516_c20223290011146.nc
2022-11-24T23:05:06,G16,0.0,58,0.0,243,0.0245,1509,ABI-L2-ACMF/2022/328/23/OR_ABI-L2-ACMF-M6_G16_s20223282300208_e20223282309516_c20223282311226.nc
2022-11-24T08:05:06,G16,0.0,58,0.0,243,0.0364,1509,ABI-L2-ACMF/2022/328/08/OR_ABI-L2-ACMF-M6_G16_s20223280800210_e20223280809518_c20223280811139.nc
2022-11-25T01:05:06,G16,0.0,58,0.0,243,0.0,1509,ABI-L2-ACMF/2022/329/01/OR_ABI-L2-ACMF-M6_G16_s20223290100208_e20223290109516_c20223290111113.nc
2022-11-25T03:05:06,G16,0.0,58,0.0,243,0.0,1509,ABI-L2-ACMF/2022/329/03/OR_ABI-L2-ACMF-M6_G16_s20223290300208_e20223290309516_c20223290311157.nc
2022-11-25T02:05:06,G16,0.0,58,0.0,243,0.0,1509,ABI-L2-ACMF/2022/329/02/OR_ABI-L2-ACMF-M6_G16_s20223290200208_e20223290209516_c20223290211120.nc
2022-11-25T07:05:06,G16,0.0,58,0.0,243,0.0,1509,ABI-L2-ACMF/2022/329/07/OR_ABI-L2-ACMF-M6_G16_s20223290700211_e20223290709518_c20223290711186.nc
2022-11-25T04:05:06,G16,0.0,58,0.0,243,0.0,1509,ABI-L2-ACMF/2022/329/04/OR_ABI-L2-ACMF-M6_G16_s20223290400208_e20223290409516_c20223290411266.nc
2022-11-25T06:05:06,G16,0.0,58,0.0,243,0.0,1509,ABI-L2-ACMF/2022/329/06/OR_ABI-L2-ACMF-M6_G16_s20223290600211_e20223290609519_c20223290611270.nc
2022-11-25T08:05:06,G16,0.0,58,0.0,243,0.0,1509,ABI-L2-ACMF/2022/329/08/OR_ABI-L2-ACMF-M6_G16_s20223290800211_e20223290809519_c20223290811108.nc
2022-11-25T10:05:06,G16,0.0,58,0.0,243,0.0,1509,ABI-L2-ACMF/2022/329/10/OR_ABI-L2-ACMF-M6_G16_s20223291000211_e20223291009519_c20223291011104.nc
2022-11-25T09:05:06,G16,0.0,58,0.0,243,0.0007,1509,ABI-L2-ACMF/2022/329/09/OR_ABI-L2-ACMF-M6_G16_s20223290900211_e20223290909519_c20223290911178.nc
2022-11-25T22:05:05,G16,0.0,58,0.0,243,0.0027,1509,ABI-L2-ACMF/2022/329/22/OR_ABI-L2-ACMF-M6_G16_s20223292200202_e20223292209510_c20223292211203.nc
2022-11-25T11:05:07,G16,0.0,58,0.0041,243,0.1319,1509,ABI-L2-ACMF/2022/329/11/OR_ABI-L2-ACMF-M6_G16_s20223291100224_e20223291109532_c20223291111183.nc
2022-11-25T05:05:06,G16,0.0,58,0.0,243,0.0,1509,ABI-L2-ACMF/2022/329/05/OR_ABI-L2-ACMF-M6_G16_s20223290500211_e20223290509519_c20223290511222.nc
2022-11-25T23:05:05,G16,0.0,58,0.0,243,0.0,1509,ABI-L2-ACMF/2022/329/23/OR_ABI-L2-ACMF-M6_G16_s20223292300202_e20223292309510_c20223292311180.nc
2022-11-26T00:05:05,G16,0.0,58,0.0,243,0.0,1509,ABI-L2-ACMF/2022/330/00/OR_ABI-L2-ACMF-M6_G16_s20223300000202_e20223300009510_c20223300011175.nc
2022-11-26T04:05:05,G16,0.0172,58,0.1235,243,0.1272,1509,ABI-L2-ACMF/2022/330/04/OR_ABI-L2-ACMF-M6_G16_s20223300400202_e20223300409510_c20223300411150.nc
2022-11-26T03:05:05,G16,0.0,58,0.0,243,0.0,1509,ABI-L2-ACMF/2022/330/03/OR_ABI-L2-ACMF-M6_G16_s20223300300202_e20223300309510_c20223300311153.nc
2022-11-26T02:05:05,G16,0.0,58,0.0,243,0.0,1509,ABI-L2-ACMF/2022/330/02/OR_ABI-L2-ACMF-M6_G16_s20223300200202_e20223300209510_c20223300211217.nc
2022-11-26T01:05:05,G16,0.0,58,0.0,243,0.0,1509,ABI-L2-ACMF/2022/330/01/OR_ABI-L2-ACMF-M6_G16_s20223300100202_e20223300109510_c20223300111157.nc
2022-11-26T05:05:05,G16,0.9138,58,0.6255,243,0.3698,1509,ABI-L2-ACMF/2022/330/05/OR_ABI-L2-ACMF-M6_G16_s20223300500205_e20223300509513_c20223300511204.nc
2022-11-26T06:05:05,G16,0.9138,58,0.6831,243,0.3082,1509,ABI-L2-ACMF/2022/330/06/OR_ABI-L2-ACMF-M6_G16_s20223300600205_e20223300609513_c20223300611068.nc
2022-11-26T07:05:05,G16,0.0345,58,0.2181,243,0.2187,1509,ABI-L2-ACMF/2022/330/07/OR_ABI-L2-ACMF-M6_G16_s20223300700205_e20223300709513_c20223300711100.nc
2022-11-26T08:05:05,G16,0.0,58,0.0,243,0.0842,1509,ABI-L2-ACMF/2022/330/08/OR_ABI-L2-ACMF-M6_G16_s20223300800205_e20223300809513_c20223300811230.nc
2022-11-26T09:05:05,G16,0.0,58,0.0,243,0.0404,1509,ABI-L2-ACMF/2022/330/09/OR_ABI-L2-ACMF-M6_G16_s20223300900205_e20223300909513_c20223300911184.nc
2022-11-26T10:05:05,G16,0.0,58,0.0041,243,0.0053,1509,ABI-L2-ACMF/2022/330/10/OR_ABI-L2-ACMF-M6_G16_s20223301000205_e20223301009513_c20223301011120.nc
2022-11-26T11:05:05,G16,0.0,58,0.0329,243,0.1537,1509,ABI-L2-ACMF/2022/330/11/OR_ABI-L2-ACMF-M6_G16_s20223301100205_e20223301109513_c20223301111125.nc
2022-11-27T01:05:05,G16,0.0,58,0.0,243,0.0146,1509,ABI-L2-ACMF/2022/331/01/OR_ABI-L2-ACMF-M6_G16_s20223310100203_e20223310109511_c20223310111262.nc
2022-11-27T06:05:05,G16,0.0,58,0.0,243,0.0292,1509,ABI-L2-ACMF/2022/331/06/OR_ABI-L2-ACMF-M6_G16_s20223310600205_e20223310609513_c20223310611217.nc
2022-11-26T22:05:05,G16,0.0,58,0.0,243,0.002,1509,ABI-L2-ACMF/2022/330/22/OR_ABI-L2-ACMF-M6_G16_s20223302200203_e20223302209511_c20223302211152.nc
2022-11-27T04:05:05,G16,0.0,58,0.0,243,0.0179,1509,ABI-L2-ACMF/2022/331/04/OR_ABI-L2-ACMF-M6_G16_s20223310400203_e20223310409511_c20223310411150.nc
2022-11-27T00:05:05,G16,0.0,58,0.0,243,0.006,1509,ABI-L2-ACMF/2022/331/00/OR_ABI-L2-ACMF-M6_G16_s20223310000203_e20223310009511_c20223310011212.nc
2022-11-27T03:05:05,G16,0.0,58,0.0,243,0.0073,1509,ABI-L2-ACMF/2022/331/03/OR_ABI-L2-ACMF-M6_G16_s20223310300203_e20223310309511_c20223310311160.nc
2022-11-27T07:05:05,G16,0.0,58,0.0,243,0.0172,1509,ABI-L2-ACMF/2022/331/07/OR_ABI-L2-ACMF-M6_G16_s20223310700205_e20223310709513_c20223310711193.nc
2022-11-27T02:05:05,G16,0.0,58,0.0,243,0.0736,1509,ABI-L2-ACMF/2022/331/02/OR_ABI-L2-ACMF-M6_G16_s20223310200203_e20223310209511_c20223310211090.nc
2022-11-27T08:05:05,G16,0.0,58,0.0,243,0.0258,1509,ABI-L2-ACMF/2022/331/08/OR_ABI-L2-ACMF-M6_G16_s20223310800205_e20223310809513_c20223310811155.nc
2022-11-27T05:05:05,G16,0.0,58,0.0,243,0.0239,1509,ABI-L2-ACMF/2022/331/05/OR_ABI-L2-ACMF-M6_G16_s20223310500205_e20223310509513_c20223310511159.nc
2022-11-26T23:05:05,G16,0.0,58,0.0,243,0.0,1509,ABI-L2-ACMF/2022/330/23/OR_ABI-L2-ACMF-M6_G16_s20223302300203_e20223302309511_c20223302311238.nc
2022-11-27T09:05:05,G16,0.0,58,0.0,243,0.0099,1509,ABI-L2-ACMF/2022/331/09/OR_ABI-L2-ACMF-M6_G16_s20223310900205_e20223310909513_c20223310911175.nc
2022-11-27T11:05:05,G16,0.0,58,0.0165,243,0.118,1509,ABI-L2-ACMF/2022/331/11/OR_ABI-L2-ACMF-M6_G16_s20223311100205_e20223311109513_c20223311111100.nc
2022-11-27T10:05:05,G16,0.0,58,0.0,243,0.0027,1509,ABI-L2-ACMF/2022/331/10/OR_ABI-L2-ACMF-M6_G16_s20223311000205_e20223311009513_c20223311011155.nc
2022-11-28T00:05:05,G16,0.0,58,0.0,243,0.0557,1509,ABI-L2-ACMF/2022/332/00/OR_ABI-L2-ACMF-M6_G16_s20223320000203_e20223320009511_c20223320011104.nc
2022-11-28T01:05:05,G16,0.0,58,0.0,243,0.118,1509,ABI-L2-ACMF/2022/332/01/OR_ABI-L2-ACMF-M6_G16_s20223320100203_e20223320109511_c20223320111124.nc
2022-11-27T22:05:05,G16,0.0,58,0.0,243,0.0126,1509,ABI-L2-ACMF/2022/331/22/OR_ABI-L2-ACMF-M6_G16_s20223312200203_e20223312209511_c20223312211170.nc
2022-11-28T03:05:05,G16,0.0,58,0.0,243,0.1643,1509,ABI-L2-ACMF/2022/332/03/OR_ABI-L2-ACMF-M6_G16_s20223320300203_e20223320309511_c20223320311129.nc
2022-11-27T23:05:05,G16,0.0,58,0.0,243,0.0245,1509,ABI-L2-ACMF/2022/331/23/OR_ABI-L2-ACMF-M6_G16_s20223312300203_e20223312309511_c20223312311120.nc
2022-11-28T04:05:05,G16,0.0,58,0.0,243,0.0749,1509,ABI-L2-ACMF/2022/332/04/OR_ABI-L2-ACMF-M6_G16_s20223320400203_e20223320409511_c20223320411200.nc
2022-11-28T05:05:06,G16,0.0,58,0.0,243,0.1034,1509,ABI-L2-ACMF/2022/332/05/OR_ABI-L2-ACMF-M6_G16_s20223320500206_e20223320509514_c20223320511077.nc
2022-11-28T07:05:05,G16,0.0,58,0.0206,243,0.0417,1509,ABI-L2-ACMF/2022/332/07/OR_ABI-L2-ACMF-M6_G16_s20223320700206_e20223320709513_c20223320711151.nc
2022-11-28T02:05:05,G16,0.0,58,0.0,243,0.1372,1509,ABI-L2-ACMF/2022/332/02/OR_ABI-L2-ACMF-M6_G16_s20223320200203_e20223320209511_c20223320211177.nc
2022-11-28T06:05:05,G16,0.0,58,0.0123,243,0.1246,1509,ABI-L2-ACMF/2022/332/06/OR_ABI-L2-ACMF-M6_G16_s20223320600206_e20223320609513_c20223320611171.nc
2022-11-28T09:05:06,G16,0.0,58,0.0123,243,0.0358,1509,ABI-L2-ACMF/2022/332/09/OR_ABI-L2-ACMF-M6_G16_s20223320900206_e20223320909514_c20223320911160.nc
2022-11-28T08:05:06,G16,0.0,58,0.0123,243,0.0292,1509,ABI-L2-ACMF/2022/332/08/OR_ABI-L2-ACMF-M6_G16_s20223320800206_e20223320809514_c20223320811206.nc
2022-11-28T22:05:05,G16,0.0,58,0.0,243,0.1146,1509,ABI-L2-ACMF/2022/332/22/OR_ABI-L2-ACMF-M6_G16_s20223322200204_e20223322209512_c20223322211203.nc
2022-11-28T23:05:05,G16,0.0,58,0.0,243,0.0471,1509,ABI-L2-ACMF/2022/332/23/OR_ABI-L2-ACMF-M6_G16_s20223322300204_e20223322309512_c20223322311195.nc
2022-11-28T11:05:06,G16,0.0345,58,0.214,243,0.2154,1509,ABI-L2-ACMF/2022/332/11/OR_ABI-L2-ACMF-M6_G16_s20223321100206_e20223321109514_c20223321111236.nc
2022-11-29T03:05:05,G16,0.0,58,0.0206,243,0.0504,1509,ABI-L2-ACMF/2022/333/03/OR_ABI-L2-ACMF-M6_G16_s20223330300204_e20223330309512_c20223330311109.nc
2022-11-28T10:05:06,G16,0.0,58,0.0,243,0.0046,1509,ABI-L2-ACMF/2022/332/10/OR_ABI-L2-ACMF-M6_G16_s20223321000206_e20223321009514_c20223321011175.nc
2022-11-29T00:05:05,G16,0.0,58,0.0082,243,0.0404,1509,ABI-L2-ACMF/2022/333/00/OR_ABI-L2-ACMF-M6_G16_s20223330000204_e20223330009512_c20223330011096.nc
2022-11-29T02:05:05,G16,0.0,58,0.0082,243,0.0378,1509,ABI-L2-ACMF/2022/333/02/OR_ABI-L2-ACMF-M6_G16_s20223330200204_e20223330209512_c20223330211165.nc
2022-11-29T01:05:05,G16,0.0,58,0.0165,243,0.0358,1509,ABI-L2-ACMF/2022/333/01/OR_ABI-L2-ACMF-M6_G16_s20223330100204_e20223330109512_c20223330111104.nc
2022-11-29T05:05:06,G16,0.0,58,0.0041,243,0.0384,1509,ABI-L2-ACMF/2022/333/05/OR_ABI-L2-ACMF-M6_G16_s20223330500206_e20223330509514_c20223330511182.nc
2022-11-29T04:05:05,G16,0.0,58,0.0165,243,0.0404,1509,ABI-L2-ACMF/2022/333/04/OR_ABI-L2-ACMF-M6_G16_s20223330400204_e20223330409512_c20223330411089.nc
2022-11-29T07:05:06,G16,0.0,58,0.0041,243,0.0338,1509,ABI-L2-ACMF/2022/333/07/OR_ABI-L2-ACMF-M6_G16_s20223330700206_e20223330709514_c20223330711171.nc
2022-11-29T06:05:06,G16,0.0,58,0.0041,243,0.0311,1509,ABI-L2-ACMF/2022/333/06/OR_ABI-L2-ACMF-M6_G16_s20223330600206_e20223330609514_c20223330611151.nc
2022-11-29T08:05:06,G16,0.0,58,0.0,243,0.0232,1509,ABI-L2-ACMF/2022/333/08/OR_ABI-L2-ACMF-M6_G16_s20223330800206_e20223330809514_c20223330811204.nc
2022-11-29T22:05:05,G16,0.1207,58,0.3004,243,0.3492,1509,ABI-L2-ACMF/2022/333/22/OR_ABI-L2-ACMF-M6_G16_s20223332200204_e20223332209512_c20223332211223.nc
2022-11-29T11:05:06,G16,0.2586,58,0.2963,243,0.2744,1509,ABI-L2-ACMF/2022/333/11/OR_ABI-L2-ACMF-M6_G16_s20223331100206_e20223331109514_c20223331111250.nc
2022-11-29T10:05:06,G16,0.0,58,0.0,243,0.0013,1509,ABI-L2-ACMF/2022/333/10/OR_ABI-L2-ACMF-M6_G16_s20223331000206_e20223331009514_c20223331011135.nc
2022-11-29T09:05:06,G16,0.0,58,0.0082,243,0.0192,1509,ABI-L2-ACMF/2022/333/09/OR_ABI-L2-ACMF-M6_G16_s20223330900206_e20223330909514_c20223330911263.nc
2022-11-29T23:05:05,G16,0.2414,58,0.2469,243,0.2041,1509,ABI-L2-ACMF/2022/333/23/OR_ABI-L2-ACMF-M6_G16_s20223332300204_e20223332309512_c20223332311138.nc
2022-11-30T00:05:05,G16,0.1034,58,0.1029,243,0.116,1509,ABI-L2-ACMF/2022/334/00/OR_ABI-L2-ACMF-M6_G16_s20223340000204_e20223340009512_c20223340011137.nc
2022-11-30T02:05:05,G16,0.0,58,0.0494,243,0.0994,1509,ABI-L2-ACMF/2022/334/02/OR_ABI-L2-ACMF-M6_G16_s20223340200204_e20223340209512_c20223340211157.nc
2022-11-30T03:05:05,G16,0.0,58,0.0494,243,0.0948,1509,ABI-L2-ACMF/2022/334/03/OR_ABI-L2-ACMF-M6_G16_s20223340300204_e20223340309512_c20223340311134.nc
2022-11-30T01:05:05,G16,0.0,58,0.0905,243,0.1047,1509,ABI-L2-ACMF/2022/334/01/OR_ABI-L2-ACMF-M6_G16_s20223340100204_e20223340109512_c20223340111169.nc
2022-11-30T04:05:05,G16,0.0,58,0.0494,243,0.0987,1509,ABI-L2-ACMF/2022/334/04/OR_ABI-L2-ACMF-M6_G16_s20223340400204_e20223340409512_c20223340411131.nc
2022-11-30T09:05:06,G16,0.0,58,0.0412,243,0.104,1509,ABI-L2-ACMF/2022/334/09/OR_ABI-L2-ACMF-M6_G16_s20223340900207_e20223340909515_c20223340911219.nc
2022-11-30T11:05:06,G16,0.3793,58,0.3621,243,0.4374,1509,ABI-L2-ACMF/2022/334/11/OR_ABI-L2-ACMF-M6_G16_s20223341100207_e20223341109515_c20223341111259.nc
2022-11-30T22:05:05,G16,0.0,58,0.0823,243,0.2995,1509,ABI-L2-ACMF/2022/334/22/OR_ABI-L2-ACMF-M6_G16_s20223342200205_e20223342209513_c20223342211158.nc
2022-11-30T08:05:06,G16,0.0172,58,0.0617,243,0.1107,1509,ABI-L2-ACMF/2022/334/08/OR_ABI-L2-ACMF-M6_G16_s20223340800207_e20223340809515_c20223340811199.nc
2022-11-30T10:05:06,G16,0.0,58,0.0288,243,0.0736,1509,ABI-L2-ACMF/2022/334/10/OR_ABI-L2-ACMF-M6_G16_s20223341000207_e20223341009515_c20223341011150.nc
2022-11-30T23:05:05,G16,0.0,58,0.0494,243,0.2207,1509,ABI-L2-ACMF/2022/334/23/OR_ABI-L2-ACMF-M6_G16_s20223342300205_e20223342309513_c20223342311204.nc
2022-11-30T06:05:06,G16,0.0,58,0.0494,243,0.1027,1509,ABI-L2-ACMF/2022/334/06/OR_ABI-L2-ACMF-M6_G16_s20223340600207_e20223340609515_c20223340611222.nc
2022-11-30T05:05:06,G16,0.0,58,0.0535,243,0.1021,1509,ABI-L2-ACMF/2022/334/05/OR_ABI-L2-ACMF-M6_G16_s20223340500207_e20223340509515_c20223340511213.nc
2022-11-30T07:05:06,G16,0.0,58,0.0494,243,0.1087,1509,ABI-L2-ACMF/2022/334/07/OR_ABI-L2-ACMF-M6_G16_s20223340700207_e20223340709514_c20223340711170.nc
2022-12-01T01:05:05,G16,0.0,58,0.0247,243,0.1935,1509,ABI-L2-ACMF/2022/335/01/OR_ABI-L2-ACMF-M6_G16_s20223350100205_e20223350109512_c20223350111235.nc
2022-12-01T04:05:05,G16,0.0,58,0.0453,243,0.0901,1509,ABI-L2-ACMF/2022/335/04/OR_ABI-L2-ACMF-M6_G16_s20223350400205_e20223350409513_c20223350411084.nc
2022-12-01T08:05:06,G16,0.0,58,0.0535,243,0.1034,1509,ABI-L2-ACMF/2022/335/08/OR_ABI-L2-ACMF-M6_G16_s20223350800207_e20223350809515_c20223350811195.nc
2022-12-01T02:05:05,G16,0.0,58,0.0864,243,0.2028,1509,ABI-L2-ACMF/2022/335/02/OR_ABI-L2-ACMF-M6_G16_s20223350200205_e20223350209513_c20223350211217.nc
2022-12-01T05:05:06,G16,0.0,58,0.0453,243,0.1001,1509,ABI-L2-ACMF/2022/335/05/OR_ABI-L2-ACMF-M6_G16_s20223350500207_e20223350509515_c20223350511188.nc
2022-12-01T03:05:05,G16,0.0,58,0.0453,243,0.114,1509,ABI-L2-ACMF/2022/335/03/OR_ABI-L2-ACMF-M6_G16_s20223350300205_e20223350309513_c20223350311173.nc
2022-12-01T07:05:06,G16,0.0,58,0.0535,243,0.1047,1509,ABI-L2-ACMF/2022/335/07/OR_ABI-L2-ACMF-M6_G16_s20223350700207_e20223350709515_c20223350711189.nc
2022-12-01T09:05:06,G16,0.0,58,0.0494,243,0.104,1509,ABI-L2-ACMF/2022/335/09/OR_ABI-L2-ACMF-M6_G16_s20223350900207_e20223350909515_c20223350911141.nc
2022-12-01T11:05:06,G16,0.1552,58,0.2716,243,0.3015,1509,ABI-L2-ACMF/2022/335/11/OR_ABI-L2-ACMF-M6_G16_s20223351100207_e20223351109515_c20223351111142.nc
2022-12-01T10:05:06,G16,0.0,58,0.0,243,0.0471,1509,ABI-L2-ACMF/2022/335/10/OR_ABI-L2-ACMF-M6_G16_s20223351000207_e20223351009515_c20223351011068.nc
2022-12-01T22:05:05,G16,0.0,58,0.0,243,0.059,1509,ABI-L2-ACMF/2022/335/22/OR_ABI-L2-ACMF-M6_G16_s20223352200205_e20223352209513_c20223352211257.nc
2022-12-01T06:05:06,G16,0.0,58,0.0535,243,0.1007,1509,ABI-L2-ACMF/2022/335/06/OR_ABI-L2-ACMF-M6_G16_s20223350600207_e20223350609515_c20223350611273.nc
2022-12-01T00:05:05,G16,0.0,58,0.0453,243,0.1219,1509,ABI-L2-ACMF/2022/335/00/OR_ABI-L2-ACMF-M6_G16_s20223350000205_e20223350009513_c20223350011224.nc
2022-12-02T00:05:05,G16,0.0,58,0.0,243,0.0046,1509,ABI-L2-ACMF/2022/336/00/OR_ABI-L2-ACMF-M6_G16_s20223360000205_e20223360009513_c20223360011240.nc
2022-12-01T23:05:05,G16,0.0,58,0.0,243,0.0225,1509,ABI-L2-ACMF/2022/335/23/OR_ABI-L2-ACMF-M6_G16_s20223352300205_e20223352309513_c20223352311148.nc
2022-12-02T03:05:05,G16,0.0,58,0.0,243,0.0099,1509,ABI-L2-ACMF/2022/336/03/OR_ABI-L2-ACMF-M6_G16_s20223360300205_e20223360309513_c20223360311225.nc
2022-12-02T01:05:05,G16,0.0,58,0.0,243,0.0027,1509,ABI-L2-ACMF/2022/336/01/OR_ABI-L2-ACMF-M6_G16_s20223360100205_e20223360109513_c20223360111107.nc
2022-12-02T02:05:05,G16,0.0,58,0.0,243,0.0066,1509,ABI-L2-ACMF/2022/336/02/OR_ABI-L2-ACMF-M6_G16_s20223360200205_e20223360209513_c20223360211120.nc
2022-12-02T05:05:06,G16,0.0,58,0.0,243,0.0159,1509,ABI-L2-ACMF/2022/336/05/OR_ABI-L2-ACMF-M6_G16_s20223360500208_e20223360509516_c20223360511143.nc
2022-12-02T04:05:05,G16,0.0,58,0.0,243,0.0159,1509,ABI-L2-ACMF/2022/336/04/OR_ABI-L2-ACMF-M6_G16_s20223360400205_e20223360409513_c20223360411258.nc
2022-12-02T07:05:06,G16,0.0,58,0.0,243,0.0192,1509,ABI-L2-ACMF/2022/336/07/OR_ABI-L2-ACMF-M6_G16_s20223360700208_e20223360709516_c20223360711167.nc
2022-12-02T08:05:06,G16,0.0,58,0.0,243,0.0265,1509,ABI-L2-ACMF/2022/336/08/OR_ABI-L2-ACMF-M6_G16_s20223360800208_e20223360809516_c20223360811145.nc
2022-12-02T09:05:06,G16,0.0,58,0.0041,243,0.0331,1509,ABI-L2-ACMF/2022/336/09/OR_ABI-L2-ACMF-M6_G16_s20223360900208_e20223360909516_c20223360911198.nc
2022-12-02T06:05:06,G16,0.0,58,0.0,243,0.0152,1509,ABI-L2-ACMF/2022/336/06/OR_ABI-L2-ACMF-M6_G16_s20223360600208_e20223360609516_c20223360611218.nc
2022-12-02T10:05:06,G16,0.0,58,0.0,243,0.006,1509,ABI-L2-ACMF/2022/336/10/OR_ABI-L2-ACMF-M6_G16_s20223361000208_e20223361009516_c20223361011088.nc
2022-12-02T11:05:06,G16,0.0,58,0.0123,243,0.0987,1509,ABI-L2-ACMF/2022/336/11/OR_ABI-L2-ACMF-M6_G16_s20223361100208_e20223361109516_c20223361111174.nc
2022-12-02T22:05:06,G16,0.0,58,0.0041,243,0.0842,1509,ABI-L2-ACMF/2022/336/22/OR_ABI-L2-ACMF-M6_G16_s20223362200206_e20223362209514_c20223362211161.nc
2022-12-03T00:05:06,G16,0.0,58,0.0,243,0.0318,1509,ABI-L2-ACMF/2022/337/00/OR_ABI-L2-ACMF-M6_G16_s20223370000206_e20223370009514_c20223370011291.nc
2022-12-03T01:05:06,G16,0.0,58,0.0,243,0.0504,1509,ABI-L2-ACMF/2022/337/01/OR_ABI-L2-ACMF-M6_G16_s20223370100206_e20223370109514_c20223370111088.nc
2022-12-03T05:05:06,G16,0.0,58,0.0,243,0.0179,1509,ABI-L2-ACMF/2022/337/05/OR_ABI-L2-ACMF-M6_G16_s20223370500208_e20223370509516_c20223370511157.nc
2022-12-03T03:05:06,G16,0.0,58,0.0,243,0.0232,1509,ABI-L2-ACMF/2022/337/03/OR_ABI-L2-ACMF-M6_G16_s20223370300206_e20223370309514_c20223370311118.nc
2022-12-03T04:05:06,G16,0.0,58,0.0,243,0.0199,1509,ABI-L2-ACMF/2022/337/04/OR_ABI-L2-ACMF-M6_G16_s20223370400206_e20223370409514_c20223370411167.nc
2022-12-03T02:05:06,G16,0.0,58,0.0,243,0.0199,1509,ABI-L2-ACMF/2022/337/02/OR_ABI-L2-ACMF-M6_G16_s20223370200206_e20223370209514_c20223370211208.nc
2022-12-02T23:05:06,G16,0.0,58,0.0,243,0.0716,1509,ABI-L2-ACMF/2022/336/23/OR_ABI-L2-ACMF-M6_G16_s20223362300206_e20223362309514_c20223362311169.nc
2022-12-03T06:05:06,G16,0.0,58,0.0041,243,0.0285,1509,ABI-L2-ACMF/2022/337/06/OR_ABI-L2-ACMF-M6_G16_s20223370600208_e20223370609516_c20223370611264.nc
2022-12-03T07:05:06,G16,0.0172,58,0.0041,243,0.0318,1509,ABI-L2-ACMF/2022/337/07/OR_ABI-L2-ACMF-M6_G16_s20223370700208_e20223370709516_c20223370711262.nc
2022-12-03T08:05:06,G16,0.0,58,0.0041,243,0.0345,1509,ABI-L2-ACMF/2022/337/08/OR_ABI-L2-ACMF-M6_G16_s20223370800208_e20223370809516_c20223370811117.nc
2022-12-03T09:05:06,G16,0.0,58,0.0,243,0.0398,1509,ABI-L2-ACMF/2022/337/09/OR_ABI-L2-ACMF-M6_G16_s20223370900208_e20223370909516_c20223370911253.nc
2022-12-04T07:05:06,G16,0.0,58,0.0,243,0.0258,1509,ABI-L2-ACMF/2022/338/07/OR_ABI-L2-ACMF-M6_G16_s20223380700209_e20223380709517_c20223380711198.nc
2022-12-04T06:05:06,G16,0.0,58,0.0,243,0.0099,1509,ABI-L2-ACMF/2022/338/06/OR_ABI-L2-ACMF-M6_G16_s20223380600209_e20223380609517_c20223380611215.nc
2022-12-04T00:05:06,G16,0.0,58,0.0,243,0.0,1509,ABI-L2-ACMF/2022/338/00/OR_ABI-L2-ACMF-M6_G16_s20223380000206_e20223380009514_c20223380011219.nc
2022-12-03T22:05:06,G16,0.0,58,0.0,243,0.006,1509,ABI-L2-ACMF/2022/337/22/OR_ABI-L2-ACMF-M6_G16_s20223372200206_e20223372209514_c20223372211218.nc
2022-12-03T10:05:06,G16,0.0,58,0.0,243,0.0113,1509,ABI-L2-ACMF/2022/337/10/OR_ABI-L2-ACMF-M6_G16_s20223371000208_e20223371009516_c20223371011190.nc
2022-12-04T04:05:06,G16,0.0,58,0.0,243,0.0053,1509,ABI-L2-ACMF/2022/338/04/OR_ABI-L2-ACMF-M6_G16_s20223380400206_e20223380409514_c20223380411142.nc
2022-12-04T01:05:06,G16,0.0,58,0.0,243,0.002,1509,ABI-L2-ACMF/2022/338/01/OR_ABI-L2-ACMF-M6_G16_s20223380100206_e20223380109514_c20223380111257.nc
2022-12-03T23:05:06,G16,0.0,58,0.0,243,0.0007,1509,ABI-L2-ACMF/2022/337/23/OR_ABI-L2-ACMF-M6_G16_s20223372300206_e20223372309514_c20223372311161.nc
2022-12-04T05:05:06,G16,0.0,58,0.0,243,0.0073,1509,ABI-L2-ACMF/2022/338/05/OR_ABI-L2-ACMF-M6_G16_s20223380500209_e20223380509517_c20223380511065.nc
2022-12-03T11:05:06,G16,0.0,58,0.0082,243,0.1266,1509,ABI-L2-ACMF/2022/337/11/OR_ABI-L2-ACMF-M6_G16_s20223371100208_e20223371109516_c20223371111247.nc
2022-12-04T03:05:06,G16,0.0,58,0.0,243,0.0013,1509,ABI-L2-ACMF/2022/338/03/OR_ABI-L2-ACMF-M6_G16_s20223380300206_e20223380309514_c20223380311144.nc
2022-12-04T02:05:06,G16,0.0,58,0.0,243,0.0007,1509,ABI-L2-ACMF/2022/338/02/OR_ABI-L2-ACMF-M6_G16_s20223380200206_e20223380209514_c20223380211168.nc
2022-12-04T22:05:06,G16,0.0,58,0.0,243,0.0146,1509,ABI-L2-ACMF/2022/338/22/OR_ABI-L2-ACMF-M6_G16_s20223382200207_e20223382209515_c20223382211182.nc
2022-12-04T08:05:06,G16,0.0172,58,0.0082,243,0.0364,1509,ABI-L2-ACMF/2022/338/08/OR_ABI-L2-ACMF-M6_G16_s20223380800209_e20223380809517_c20223380811155.nc
2022-12-04T09:05:06,G16,0.0172,58,0.0123,243,0.0391,1509,ABI-L2-ACMF/2022/338/09/OR_ABI-L2-ACMF-M6_G16_s20223380900209_e20223380909517_c20223380911204.nc
2022-12-04T10:05:06,G16,0.0,58,0.0,243,0.0033,1509,ABI-L2-ACMF/2022/338/10/OR_ABI-L2-ACMF-M6_G16_s20223381000209_e20223381009517_c20223381011142.nc
2022-12-05T01:05:06,G16,0.0,58,0.0,243,0.0285,1509,ABI-L2-ACMF/2022/339/01/OR_ABI-L2-ACMF-M6_G16_s20223390100207_e20223390109515_c20223390111164.nc
2022-12-05T00:05:06,G16,0.0,58,0.0,243,0.0046,1509,ABI-L2-ACMF/2022/339/00/OR_ABI-L2-ACMF-M6_G16_s20223390000207_e20223390009515_c20223390011137.nc
2022-12-04T23:05:06,G16,0.0,58,0.0,243,0.008,1509,ABI-L2-ACMF/2022/338/23/OR_ABI-L2-ACMF-M6_G16_s20223382300207_e20223382309515_c20223382311251.nc
2022-12-04T11:05:06,G16,0.0,58,0.0,243,0.0298,1509,ABI-L2-ACMF/2022/338/11/OR_ABI-L2-ACMF-M6_G16_s20223381100209_e20223381109517_c20223381111221.nc
2022-12-05T02:05:06,G16,0.0,58,0.0,243,0.0027,1509,ABI-L2-ACMF/2022/339/02/OR_ABI-L2-ACMF-M6_G16_s20223390200207_e20223390209515_c20223390211201.nc
2022-12-05T03:05:06,G16,0.0,58,0.0,243,0.0066,1509,ABI-L2-ACMF/2022/339/03/OR_ABI-L2-ACMF-M6_G16_s20223390300207_e20223390309515_c20223390311213.nc
2022-12-05T05:05:06,G16,0.0,58,0.0,243,0.0139,1509,ABI-L2-ACMF/2022/339/05/OR_ABI-L2-ACMF-M6_G16_s20223390500209_e20223390509517_c20223390511222.nc
2022-12-05T04:05:06,G16,0.0,58,0.0,243,0.0046,1509,ABI-L2-ACMF/2022/339/04/OR_ABI-L2-ACMF-M6_G16_s20223390400207_e20223390409515_c20223390411197.nc
2022-12-05T07:05:06,G16,0.0,58,0.0,243,0.0053,1509,ABI-L2-ACMF/2022/339/07/OR_ABI-L2-ACMF-M6_G16_s20223390700209_e20223390709517_c20223390711203.nc
2022-12-05T06:05:06,G16,0.0,58,0.0,243,0.0126,1509,ABI-L2-ACMF/2022/339/06/OR_ABI-L2-ACMF-M6_G16_s20223390600209_e20223390609517_c20223390611270.nc
2022-12-05T11:05:06,G16,0.0,58,0.0041,243,0.1378,1509,ABI-L2-ACMF/2022/339/11/OR_ABI-L2-ACMF-M6_G16_s20223391100209_e20223391109517_c20223391111142.nc
2022-12-05T08:05:06,G16,0.0,58,0.0,243,0.0126,1509,ABI-L2-ACMF/2022/339/08/OR_ABI-L2-ACMF-M6_G16_s20223390800209_e20223390809517_c20223390811191.nc
2022-12-05T10:05:06,G16,0.0,58,0.0,243,0.002,1509,ABI-L2-ACMF/2022/339/10/OR_ABI-L2-ACMF-M6_G16_s20223391000209_e20223391009517_c20223391011257.nc
2022-12-05T22:05:06,G16,0.0,58,0.0,243,0.0,1509,ABI-L2-ACMF/2022/339/22/OR_ABI-L2-ACMF-M6_G16_s20223392200207_e20223392209515_c20223392211129.nc
2022-12-05T23:05:06,G16,0.0,58,0.0,243,0.0,1509,ABI-L2-ACMF/2022/339/23/OR_ABI-L2-ACMF-M6_G16_s20223392300207_e20223392309515_c20223392311101.nc
2022-12-06T03:05:06,G16,0.0,58,0.0,243,0.0027,1509,ABI-L2-ACMF/2022/340/03/OR_ABI-L2-ACMF-M6_G16_s20223400300207_e20223400309515_c20223400311219.nc
2022-12-05T09:05:06,G16,0.0,58,0.0041,243,0.0186,1509,ABI-L2-ACMF/2022/339/09/OR_ABI-L2-ACMF-M6_G16_s20223390900209_e20223390909517_c20223390911135.nc
2022-12-06T00:05:06,G16,0.0,58,0.0,243,0.0,1509,ABI-L2-ACMF/2022/340/00/OR_ABI-L2-ACMF-M6_G16_s20223400000207_e20223400009515_c20223400011163.nc
2022-12-06T01:05:06,G16,0.0,58,0.0,243,0.0007,1509,ABI-L2-ACMF/2022/340/01/OR_ABI-L2-ACMF-M6_G16_s20223400100207_e20223400109515_c20223400111183.nc
2022-12-06T02:05:06,G16,0.0,58,0.0,243,0.0013,1509,ABI-L2-ACMF/2022/340/02/OR_ABI-L2-ACMF-M6_G16_s20223400200207_e20223400209515_c20223400211243.nc
2022-12-06T04:05:06,G16,0.0,58,0.0,243,0.0013,1509,ABI-L2-ACMF/2022/340/04/OR_ABI-L2-ACMF-M6_G16_s20223400400207_e20223400409515_c20223400411244.nc
2022-12-06T05:05:06,G16,0.0,58,0.0,243,0.006,1509,ABI-L2-ACMF/2022/340/05/OR_ABI-L2-ACMF-M6_G16_s20223400500210_e20223400509518_c20223400511263.nc
2022-12-06T08:05:06,G16,0.0,58,0.0041,243,0.0166,1509,ABI-L2-ACMF/2022/340/08/OR_ABI-L2-ACMF-M6_G16_s20223400800210_e20223400809518_c20223400811248.nc
2022-12-06T06:05:06,G16,0.0,58,0.0,243,0.0133,1509,ABI-L2-ACMF/2022/340/06/OR_ABI-L2-ACMF-M6_G16_s20223400600210_e20223400609518_c20223400611150.nc
2022-12-06T11:05:06,G16,0.0,58,0.0,243,0.0391,1509,ABI-L2-ACMF/2022/340/11/OR_ABI-L2-ACMF-M6_G16_s20223401100210_e20223401109518_c20223401111163.nc
2022-12-06T10:05:06,G16,0.0,58,0.0,243,0.0,1509,ABI-L2-ACMF/2022/340/10/OR_ABI-L2-ACMF-M6_G16_s20223401000210_e20223401009518_c20223401011166.nc
2022-12-06T23:05:06,G16,0.0,58,0.0,243,0.0,1509,ABI-L2-ACMF/2022/340/23/OR_ABI-L2-ACMF-M6_G16_s20223402300208_e20223402309516_c20223402311122.nc
2022-12-07T00:05:06,G16,0.0,58,0.0,243,0.0,1509,ABI-L2-ACMF/2022/341/00/OR_ABI-L2-ACMF-M6_G16_s20223410000208_e20223410009516_c20223410011222.nc
2022-12-06T07:05:06,G16,0.0,58,0.0041,243,0.0186,1509,ABI-L2-ACMF/2022/340/07/OR_ABI-L2-ACMF-M6_G16_s20223400700210_e20223400709518_c20223400711113.nc
2022-12-06T22:05:06,G16,0.0,58,0.0,243,0.0007,1509,ABI-L2-ACMF/2022/340/22/OR_ABI-L2-ACMF-M6_G16_s20223402200208_e20223402209516_c20223402211245.nc
2022-12-06T09:05:06,G16,0.0345,58,0.0123,243,0.0239,1509,ABI-L2-ACMF/2022/340/09/OR_ABI-L2-ACMF-M6_G16_s20223400900210_e20223400909518_c20223400911153.nc
2022-12-07T01:05:06,G16,0.0,58,0.0,243,0.0013,1509,ABI-L2-ACMF/2022/341/01/OR_ABI-L2-ACMF-M6_G16_s20223410100208_e20223410109516_c20223410111201.nc
2022-12-07T11:05:06,G16,0.0,58,0.0082,243,0.1299,1509,ABI-L2-ACMF/2022/341/11/OR_ABI-L2-ACMF-M6_G16_s20223411100210_e20223411109518_c20223411111256.nc
2022-12-07T07:05:06,G16,0.0,58,0.0,243,0.0113,1509,ABI-L2-ACMF/2022/341/07/OR_ABI-L2-ACMF-M6_G16_s20223410700210_e20223410709518_c20223410711243.nc
2022-12-07T08:05:06,G16,0.0,58,0.0,243,0.0762,1509,ABI-L2-ACMF/2022/341/08/OR_ABI-L2-ACMF-M6_G16_s20223410800210_e20223410809518_c20223410811253.nc
2022-12-07T22:05:06,G16,0.0,58,0.0,243,0.0007,1509,ABI-L2-ACMF/2022/341/22/OR_ABI-L2-ACMF-M6_G16_s20223412200208_e20223412209516_c20223412211181.nc
2022-12-07T02:05:06,G16,0.0,58,0.0,243,0.0007,1509,ABI-L2-ACMF/2022/341/02/OR_ABI-L2-ACMF-M6_G16_s20223410200208_e20223410209516_c20223410211132.nc
2022-12-07T23:05:06,G16,0.0,58,0.0,243,0.0,1509,ABI-L2-ACMF/2022/341/23/OR_ABI-L2-ACMF-M6_G16_s20223412300208_e20223412309516_c20223412311136.nc
2022-12-07T05:05:06,G16,0.0,58,0.0,243,0.0007,1509,ABI-L2-ACMF/2022/341/05/OR_ABI-L2-ACMF-M6_G16_s20223410500210_e20223410509518_c20223410511231.nc
2022-12-07T10:05:06,G16,0.0,58,0.0,243,0.0861,1509,ABI-L2-ACMF/2022/341/10/OR_ABI-L2-ACMF-M6_G16_s20223411000210_e20223411009518_c20223411011188.nc
2022-12-07T03:05:06,G16,0.0,58,0.0,243,0.0013,1509,ABI-L2-ACMF/2022/341/03/OR_ABI-L2-ACMF-M6_G16_s20223410300208_e20223410309516_c20223410311207.nc
2022-12-07T06:05:06,G16,0.0,58,0.0,243,0.0166,1509,ABI-L2-ACMF/2022/341/06/OR_ABI-L2-ACMF-M6_G16_s20223410600210_e20223410609518_c20223410611246.nc
2022-12-07T09:05:06,G16,0.0,58,0.0823,243,0.1193,1509,ABI-L2-ACMF/2022/341/09/OR_ABI-L2-ACMF-M6_G16_s20223410900210_e20223410909518_c20223410911191.nc
2022-12-07T04:05:06,G16,0.0,58,0.0,243,0.0007,1509,ABI-L2-ACMF/2022/341/04/OR_ABI-L2-ACMF-M6_G16_s20223410400208_e20223410409516_c20223410411234.nc
2022-12-08T00:05:06,G16,0.0,58,0.0,243,0.002,1509,ABI-L2-ACMF/2022/342/00/OR_ABI-L2-ACMF-M6_G16_s20223420000208_e20223420009516_c20223420011184.nc
2022-12-08T01:05:06,G16,0.0,58,0.0329,243,0.0749,1509,ABI-L2-ACMF/2022/342/01/OR_ABI-L2-ACMF-M6_G16_s20223420100208_e20223420109516_c20223420111220.nc
2022-12-08T02:05:06,G16,0.0,58,0.0,243,0.1471,1509,ABI-L2-ACMF/2022/342/02/OR_ABI-L2-ACMF-M6_G16_s20223420200208_e20223420209516_c20223420211230.nc
2022-12-08T05:05:06,G16,0.0,58,0.0,243,0.0099,1509,ABI-L2-ACMF/2022/342/05/OR_ABI-L2-ACMF-M6_G16_s20223420500211_e20223420509519_c20223420511154.nc
2022-12-08T04:05:06,G16,0.0345,58,0.0988,243,0.0477,1509,ABI-L2-ACMF/2022/342/04/OR_ABI-L2-ACMF-M6_G16_s20223420400208_e20223420409516_c20223420411269.nc
2022-12-08T03:05:06,G16,0.7414,58,0.3539,243,0.2081,1509,ABI-L2-ACMF/2022/342/03/OR_ABI-L2-ACMF-M6_G16_s20223420300208_e20223420309516_c20223420311276.nc
2022-12-08T09:05:06,G16,0.0,58,0.0,243,0.0205,1509,ABI-L2-ACMF/2022/342/09/OR_ABI-L2-ACMF-M6_G16_s20223420900211_e20223420909519_c20223420911235.nc
2022-12-08T08:05:06,G16,0.0,58,0.0,243,0.0225,1509,ABI-L2-ACMF/2022/342/08/OR_ABI-L2-ACMF-M6_G16_s20223420800211_e20223420809519_c20223420811217.nc
2022-12-08T06:05:06,G16,0.0,58,0.0,243,0.0159,1509,ABI-L2-ACMF/2022/342/06/OR_ABI-L2-ACMF-M6_G16_s20223420600211_e20223420609519_c20223420611272.nc
2022-12-08T10:05:06,G16,0.0,58,0.0,243,0.0,1509,ABI-L2-ACMF/2022/342/10/OR_ABI-L2-ACMF-M6_G16_s20223421000211_e20223421009519_c20223421011162.nc
2022-12-08T07:05:06,G16,0.0,58,0.0,243,0.0186,1509,ABI-L2-ACMF/2022/342/07/OR_ABI-L2-ACMF-M6_G16_s20223420700211_e20223420709519_c20223420711199.nc
2022-12-08T11:05:06,G16,0.0,58,0.0,243,0.0603,1509,ABI-L2-ACMF/2022/342/11/OR_ABI-L2-ACMF-M6_G16_s20223421100211_e20223421109519_c20223421111296.nc
2022-12-08T22:05:06,G16,0.0,58,0.0,243,0.0013,1509,ABI-L2-ACMF/2022/342/22/OR_ABI-L2-ACMF-M6_G16_s20223422200209_e20223422209517_c20223422211237.nc
2022-12-09T04:05:06,G16,0.8276,58,0.428,243,0.2863,1509,ABI-L2-ACMF/2022/343/04/OR_ABI-L2-ACMF-M6_G16_s20223430400209_e20223430409517_c20223430411252.nc
2022-12-09T00:05:06,G16,0.2759,58,0.1029,243,0.0272,1509,ABI-L2-ACMF/2022/343/00/OR_ABI-L2-ACMF-M6_G16_s20223430000209_e20223430009517_c20223430011145.nc
2022-12-08T23:05:06,G16,0.0,58,0.0,243,0.0,1509,ABI-L2-ACMF/2022/342/23/OR_ABI-L2-ACMF-M6_G16_s20223422300209_e20223422309517_c20223422311262.nc
2022-12-09T03:05:06,G16,0.6552,58,0.5309,243,0.2604,1509,ABI-L2-ACMF/2022/343/03/OR_ABI-L2-ACMF-M6_G16_s20223430300209_e20223430309517_c20223430311185.nc
2022-12-09T02:05:06,G16,0.0,58,0.0082,243,0.0742,1509,ABI-L2-ACMF/2022/343/02/OR_ABI-L2-ACMF-M6_G16_s20223430200209_e20223430209517_c20223430211210.nc
2022-12-09T01:05:06,G16,0.0,58,0.0041,243,0.0033,1509,ABI-L2-ACMF/2022/343/01/OR_ABI-L2-ACMF-M6_G16_s20223430100209_e20223430109517_c20223430111177.nc
2022-12-09T07:05:06,G16,0.0,58,0.0247,243,0.0457,1509,ABI-L2-ACMF/2022/343/07/OR_ABI-L2-ACMF-M6_G16_s20223430700211_e20223430709519_c20223430711204.nc
2022-12-09T06:05:06,G16,0.069,58,0.0782,243,0.1239,1509,ABI-L2-ACMF/2022/343/06/OR_ABI-L2-ACMF-M6_G16_s20223430600211_e20223430609526_c20223430611310.nc
2022-12-09T08:05:06,G16,0.0,58,0.0,243,0.0219,1509,ABI-L2-ACMF/2022/343/08/OR_ABI-L2-ACMF-M6_G16_s20223430800211_e20223430809519_c20223430811259.nc
2022-12-09T05:05:06,G16,0.0172,58,0.1481,243,0.3082,1509,ABI-L2-ACMF/2022/343/05/OR_ABI-L2-ACMF-M6_G16_s20223430500211_e20223430509519_c20223430511127.nc
2022-12-09T09:05:06,G16,0.0,58,0.0,243,0.0398,1509,ABI-L2-ACMF/2022/343/09/OR_ABI-L2-ACMF-M6_G16_s20223430900211_e20223430909519_c20223430911281.nc
2022-12-09T10:05:06,G16,0.0,58,0.0,243,0.0033,1509,ABI-L2-ACMF/2022/343/10/OR_ABI-L2-ACMF-M6_G16_s20223431000211_e20223431009519_c20223431011260.nc
2022-12-09T11:05:06,G16,0.0,58,0.0,243,0.0789,1509,ABI-L2-ACMF/2022/343/11/OR_ABI-L2-ACMF-M6_G16_s20223431100211_e20223431109519_c20223431111152.nc
2022-12-09T22:05:06,G16,0.0,58,0.0,243,0.0192,1509,ABI-L2-ACMF/2022/343/22/OR_ABI-L2-ACMF-M6_G16_s20223432200209_e20223432209517_c20223432211102.nc
2022-12-09T23:05:06,G16,0.0,58,0.0,243,0.0033,1509,ABI-L2-ACMF/2022/343/23/OR_ABI-L2-ACMF-M6_G16_s20223432300209_e20223432309517_c20223432311064.nc
2022-12-10T03:05:06,G16,0.0,58,0.0,243,0.0007,1509,ABI-L2-ACMF/2022/344/03/OR_ABI-L2-ACMF-M6_G16_s20223440300209_e20223440309517_c20223440311181.nc
2022-12-10T00:05:06,G16,0.0,58,0.0,243,0.0007,1509,ABI-L2-ACMF/2022/344/00/OR_ABI-L2-ACMF-M6_G16_s20223440000209_e20223440009517_c20223440011080.nc
2022-12-10T01:05:06,G16,0.0,58,0.0,243,0.0007,1509,ABI-L2-ACMF/2022/344/01/OR_ABI-L2-ACMF-M6_G16_s20223440100209_e20223440109517_c20223440111215.nc
2022-12-10T04:05:06,G16,0.0,58,0.0,243,0.0007,1509,ABI-L2-ACMF/2022/344/04/OR_ABI-L2-ACMF-M6_G16_s20223440400209_e20223440409517_c20223440411129.nc
2022-12-10T02:05:06,G16,0.0,58,0.0,243,0.0007,1509,ABI-L2-ACMF/2022/344/02/OR_ABI-L2-ACMF-M6_G16_s20223440200209_e20223440209517_c20223440211149.nc
2022-12-10T06:05:06,G16,0.0,58,0.0,243,0.0046,1509,ABI-L2-ACMF/2022/344/06/OR_ABI-L2-ACMF-M6_G16_s20223440600212_e20223440609519_c20223440611152.nc
2022-12-10T05:05:06,G16,0.0,58,0.0,243,0.0027,1509,ABI-L2-ACMF/2022/344/05/OR_ABI-L2-ACMF-M6_G16_s20223440500212_e20223440509520_c20223440511063.nc
2022-12-10T07:05:06,G16,0.0,58,0.0,243,0.008,1509,ABI-L2-ACMF/2022/344/07/OR_ABI-L2-ACMF-M6_G16_s20223440700212_e20223440709520_c20223440711112.nc
2022-12-10T10:05:06,G16,0.0,58,0.0,243,0.0,1509,ABI-L2-ACMF/2022/344/10/OR_ABI-L2-ACMF-M6_G16_s20223441000212_e20223441009520_c20223441011182.nc
2022-12-10T22:05:05,G16,0.0,58,0.0,243,0.0345,1509,ABI-L2-ACMF/2022/344/22/OR_ABI-L2-ACMF-M6_G16_s20223442200202_e20223442209510_c20223442211183.nc
2022-12-11T00:05:05,G16,0.0,58,0.0,243,0.0066,1509,ABI-L2-ACMF/2022/345/00/OR_ABI-L2-ACMF-M6_G16_s20223450000202_e20223450009510_c20223450011118.nc
2022-12-10T09:05:06,G16,0.0,58,0.0,243,0.0119,1509,ABI-L2-ACMF/2022/344/09/OR_ABI-L2-ACMF-M6_G16_s20223440900212_e20223440909520_c20223440911204.nc
2022-12-10T23:05:05,G16,0.0,58,0.0,243,0.0305,1509,ABI-L2-ACMF/2022/344/23/OR_ABI-L2-ACMF-M6_G16_s20223442300202_e20223442309512_c20223442311058.nc
2022-12-11T01:05:05,G16,0.0,58,0.0,243,0.002,1509,ABI-L2-ACMF/2022/345/01/OR_ABI-L2-ACMF-M6_G16_s20223450100202_e20223450109510_c20223450111232.nc
2022-12-11T03:05:05,G16,0.0,58,0.0,243,0.004,1509,ABI-L2-ACMF/2022/345/03/OR_ABI-L2-ACMF-M6_G16_s20223450300202_e20223450309510_c20223450311233.nc
2022-12-10T08:05:06,G16,0.0,58,0.0,243,0.0093,1509,ABI-L2-ACMF/2022/344/08/OR_ABI-L2-ACMF-M6_G16_s20223440800212_e20223440809520_c20223440811130.nc
2022-12-11T04:05:05,G16,0.0,58,0.0,243,0.0066,1509,ABI-L2-ACMF/2022/345/04/OR_ABI-L2-ACMF-M6_G16_s20223450400202_e20223450409510_c20223450411160.nc
2022-12-10T11:05:07,G16,0.0,58,0.0,243,0.0113,1509,ABI-L2-ACMF/2022/344/11/OR_ABI-L2-ACMF-M6_G16_s20223441100224_e20223441109532_c20223441111120.nc
2022-12-11T05:05:05,G16,0.0,58,0.0,243,0.0046,1509,ABI-L2-ACMF/2022/345/05/OR_ABI-L2-ACMF-M6_G16_s20223450500205_e20223450509513_c20223450511141.nc
2022-12-11T02:05:05,G16,0.0,58,0.0,243,0.0099,1509,ABI-L2-ACMF/2022/345/02/OR_ABI-L2-ACMF-M6_G16_s20223450200202_e20223450209510_c20223450211075.nc
2022-12-11T06:05:05,G16,0.0,58,0.0,243,0.0325,1509,ABI-L2-ACMF/2022/345/06/OR_ABI-L2-ACMF-M6_G16_s20223450600205_e20223450609513_c20223450611096.nc
2022-12-11T23:05:05,G16,0.0,58,0.0,243,0.002,1509,ABI-L2-ACMF/2022/345/23/OR_ABI-L2-ACMF-M6_G16_s20223452300203_e20223452309511_c20223452311216.nc
2022-12-11T10:05:05,G16,1.0,58,1.0,243,0.7906,1509,ABI-L2-ACMF/2022/345/10/OR_ABI-L2-ACMF-M6_G16_s20223451000205_e20223451009513_c20223451011119.nc
2022-12-11T11:05:05,G16,0.0345,58,0.0782,243,0.2034,1509,ABI-L2-ACMF/2022/345/11/OR_ABI-L2-ACMF-M6_G16_s20223451100205_e20223451109513_c20223451111195.nc
2022-12-11T08:05:05,G16,0.0,58,0.0,243,0.2995,1509,ABI-L2-ACMF/2022/345/08/OR_ABI-L2-ACMF-M6_G16_s20223450800205_e20223450809513_c20223450811066.nc
2022-12-11T09:05:05,G16,1.0,58,0.9877,243,0.662,1509,ABI-L2-ACMF/2022/345/09/OR_ABI-L2-ACMF-M6_G16_s20223450900205_e20223450909513_c20223450911221.nc
2022-12-12T02:05:05,G16,0.0,58,0.0,243,0.1412,1509,ABI-L2-ACMF/2022/346/02/OR_ABI-L2-ACMF-M6_G16_s20223460200203_e20223460209511_c20223460211115.nc
2022-12-11T07:05:05,G16,0.0,58,0.0,243,0.1093,1509,ABI-L2-ACMF/2022/345/07/OR_ABI-L2-ACMF-M6_G16_s20223450700205_e20223450709513_c20223450711204.nc
2022-12-12T00:05:05,G16,0.0,58,0.0,243,0.0126,1509,ABI-L2-ACMF/2022/346/00/OR_ABI-L2-ACMF-M6_G16_s20223460000203_e20223460009511_c20223460011172.nc
2022-12-12T03:05:05,G16,0.0,58,0.0,243,0.1286,1509,ABI-L2-ACMF/2022/346/03/OR_ABI-L2-ACMF-M6_G16_s20223460300203_e20223460309511_c20223460311186.nc
2022-12-11T22:05:05,G16,0.0,58,0.0,243,0.0007,1509,ABI-L2-ACMF/2022/345/22/OR_ABI-L2-ACMF-M6_G16_s20223452200203_e20223452209511_c20223452211102.nc
2022-12-12T01:05:05,G16,0.0,58,0.0,243,0.002,1509,ABI-L2-ACMF/2022/346/01/OR_ABI-L2-ACMF-M6_G16_s20223460100203_e20223460109511_c20223460111204.nc
2022-12-12T04:05:05,G16,0.4828,58,0.4897,243,0.4612,1509,ABI-L2-ACMF/2022/346/04/OR_ABI-L2-ACMF-M6_G16_s20223460400203_e20223460409511_c20223460411158.nc
2022-12-12T07:05:05,G16,0.4483,58,0.3745,243,0.6408,1509,ABI-L2-ACMF/2022/346/07/OR_ABI-L2-ACMF-M6_G16_s20223460700205_e20223460709513_c20223460711199.nc
2022-12-12T09:05:05,G16,0.2931,58,0.5761,243,0.495,1509,ABI-L2-ACMF/2022/346/09/OR_ABI-L2-ACMF-M6_G16_s20223460900205_e20223460909513_c20223460911204.nc
2022-12-12T06:05:05,G16,0.8448,58,0.6831,243,0.6315,1509,ABI-L2-ACMF/2022/346/06/OR_ABI-L2-ACMF-M6_G16_s20223460600205_e20223460609513_c20223460611167.nc
2022-12-12T08:05:05,G16,0.7241,58,0.6173,243,0.5056,1509,ABI-L2-ACMF/2022/346/08/OR_ABI-L2-ACMF-M6_G16_s20223460800205_e20223460809513_c20223460811168.nc
2022-12-12T11:05:05,G16,0.0,58,0.0082,243,0.0066,1509,ABI-L2-ACMF/2022/346/11/OR_ABI-L2-ACMF-M6_G16_s20223461100205_e20223461109513_c20223461111118.nc
2022-12-12T05:05:05,G16,1.0,58,1.0,243,0.8694,1509,ABI-L2-ACMF/2022/346/05/OR_ABI-L2-ACMF-M6_G16_s20223460500205_e20223460509513_c20223460511214.nc
2022-12-12T23:05:05,G16,0.0,58,0.0,243,0.0,1509,ABI-L2-ACMF/2022/346/23/OR_ABI-L2-ACMF-M6_G16_s20223462300203_e20223462309511_c20223462311147.nc
2022-12-12T10:05:05,G16,0.0,58,0.0041,243,0.0066,1509,ABI-L2-ACMF/2022/346/10/OR_ABI-L2-ACMF-M6_G16_s20223461000205_e20223461009513_c20223461011066.nc
2022-12-13T01:05:05,G16,0.0,58,0.0,243,0.0,1509,ABI-L2-ACMF/2022/347/01/OR_ABI-L2-ACMF-M6_G16_s20223470100203_e20223470109511_c20223470111139.nc
2022-12-13T00:05:05,G16,0.0,58,0.0,243,0.0,1509,ABI-L2-ACMF/2022/347/00/OR_ABI-L2-ACMF-M6_G16_s20223470000203_e20223470009511_c20223470011175.nc
2022-12-12T22:05:05,G16,0.0,58,0.0041,243,0.002,1509,ABI-L2-ACMF/2022/346/22/OR_ABI-L2-ACMF-M6_G16_s20223462200203_e20223462209511_c20223462211232.nc
2022-12-13T05:05:06,G16,0.0,58,0.0,243,0.0053,1509,ABI-L2-ACMF/2022/347/05/OR_ABI-L2-ACMF-M6_G16_s20223470500206_e20223470509514_c20223470511173.nc
2022-12-13T02:05:05,G16,0.0,58,0.0,243,0.0,1509,ABI-L2-ACMF/2022/347/02/OR_ABI-L2-ACMF-M6_G16_s20223470200203_e20223470209511_c20223470211052.nc
2022-12-13T09:05:06,G16,0.0172,58,0.0165,243,0.0252,1509,ABI-L2-ACMF/2022/347/09/OR_ABI-L2-ACMF-M6_G16_s20223470900206_e20223470909514_c20223470911123.nc
2022-12-13T04:05:05,G16,0.0,58,0.0,243,0.0027,1509,ABI-L2-ACMF/2022/347/04/OR_ABI-L2-ACMF-M6_G16_s20223470400203_e20223470409511_c20223470411082.nc
2022-12-13T10:05:06,G16,0.0,58,0.0,243,0.0053,1509,ABI-L2-ACMF/2022/347/10/OR_ABI-L2-ACMF-M6_G16_s20223471000206_e20223471009514_c20223471011191.nc
2022-12-13T06:05:06,G16,0.0,58,0.0041,243,0.0106,1509,ABI-L2-ACMF/2022/347/06/OR_ABI-L2-ACMF-M6_G16_s20223470600206_e20223470609514_c20223470611108.nc
2022-12-13T03:05:05,G16,0.0,58,0.0,243,0.0,1509,ABI-L2-ACMF/2022/347/03/OR_ABI-L2-ACMF-M6_G16_s20223470300203_e20223470309511_c20223470311117.nc
2022-12-13T07:05:06,G16,0.0,58,0.0,243,0.0139,1509,ABI-L2-ACMF/2022/347/07/OR_ABI-L2-ACMF-M6_G16_s20223470700206_e20223470709514_c20223470711106.nc
2022-12-13T11:05:06,G16,0.0,58,0.0,243,0.0013,1509,ABI-L2-ACMF/2022/347/11/OR_ABI-L2-ACMF-M6_G16_s20223471100206_e20223471109514_c20223471111242.nc
2022-12-13T23:05:05,G16,0.0,58,0.0,243,0.0033,1509,ABI-L2-ACMF/2022/347/23/OR_ABI-L2-ACMF-M6_G16_s20223472300204_e20223472309512_c20223472311161.nc
2022-12-13T22:05:05,G16,0.0,58,0.0,243,0.0013,1509,ABI-L2-ACMF/2022/347/22/OR_ABI-L2-ACMF-M6_G16_s20223472200204_e20223472209512_c20223472211085.nc
2022-12-13T08:05:06,G16,0.0,58,0.0082,243,0.0219,1509,ABI-L2-ACMF/2022/347/08/OR_ABI-L2-ACMF-M6_G16_s20223470800206_e20223470809514_c20223470811141.nc
2022-12-14T04:05:05,G16,0.0,58,0.0,243,0.0033,1509,ABI-L2-ACMF/2022/348/04/OR_ABI-L2-ACMF-M6_G16_s20223480400204_e20223480409512_c20223480411157.nc
2022-12-14T02:05:05,G16,0.0,58,0.0,243,0.0007,1509,ABI-L2-ACMF/2022/348/02/OR_ABI-L2-ACMF-M6_G16_s20223480200204_e20223480209512_c20223480211161.nc
2022-12-14T07:05:06,G16,0.0,58,0.0,243,0.0146,1509,ABI-L2-ACMF/2022/348/07/OR_ABI-L2-ACMF-M6_G16_s20223480700206_e20223480709514_c20223480711110.nc
2022-12-14T06:05:06,G16,0.0,58,0.0,243,0.0053,1509,ABI-L2-ACMF/2022/348/06/OR_ABI-L2-ACMF-M6_G16_s20223480600206_e20223480609514_c20223480611144.nc
2022-12-14T01:05:05,G16,0.0,58,0.0,243,0.0007,1509,ABI-L2-ACMF/2022/348/01/OR_ABI-L2-ACMF-M6_G16_s20223480100204_e20223480109512_c20223480111078.nc
2022-12-14T05:05:06,G16,0.0,58,0.0,243,0.0046,1509,ABI-L2-ACMF/2022/348/05/OR_ABI-L2-ACMF-M6_G16_s20223480500206_e20223480509514_c20223480511072.nc
2022-12-14T08:05:06,G16,0.0,58,0.0,243,0.0179,1509,ABI-L2-ACMF/2022/348/08/OR_ABI-L2-ACMF-M6_G16_s20223480800206_e20223480809514_c20223480811137.nc
2022-12-14T00:05:05,G16,0.0,58,0.0,243,0.0007,1509,ABI-L2-ACMF/2022/348/00/OR_ABI-L2-ACMF-M6_G16_s20223480000204_e20223480009512_c20223480011233.nc
2022-12-14T11:05:06,G16,0.0,58,0.0041,243,0.0736,1509,ABI-L2-ACMF/2022/348/11/OR_ABI-L2-ACMF-M6_G16_s20223481100206_e20223481109514_c20223481111156.nc
2022-12-14T03:05:05,G16,0.0,58,0.0,243,0.0046,1509,ABI-L2-ACMF/2022/348/03/OR_ABI-L2-ACMF-M6_G16_s20223480300204_e20223480309512_c20223480311160.nc
2022-12-14T09:05:06,G16,0.0,58,0.0082,243,0.0292,1509,ABI-L2-ACMF/2022/348/09/OR_ABI-L2-ACMF-M6_G16_s20223480900206_e20223480909514_c20223480911156.nc
2022-12-14T10:05:06,G16,0.0,58,0.0,243,0.008,1509,ABI-L2-ACMF/2022/348/10/OR_ABI-L2-ACMF-M6_G16_s20223481000206_e20223481009514_c20223481011171.nc
2022-12-14T22:05:05,G16,0.0,58,0.0,243,0.0007,1509,ABI-L2-ACMF/2022/348/22/OR_ABI-L2-ACMF-M6_G16_s20223482200204_e20223482209512_c20223482211141.nc
2022-12-15T05:05:06,G16,0.0,58,0.0,243,0.0225,1509,ABI-L2-ACMF/2022/349/05/OR_ABI-L2-ACMF-M6_G16_s20223490500207_e20223490509515_c20223490511133.nc
2022-12-15T01:05:05,G16,0.0,58,0.0,243,0.0013,1509,ABI-L2-ACMF/2022/349/01/OR_ABI-L2-ACMF-M6_G16_s20223490100204_e20223490109512_c20223490111209.nc
2022-12-14T23:05:05,G16,0.0,58,0.0,243,0.0,1509,ABI-L2-ACMF/2022/348/23/OR_ABI-L2-ACMF-M6_G16_s20223482300204_e20223482309513_c20223482311085.nc
2022-12-15T02:05:05,G16,0.0,58,0.0,243,0.0013,1509,ABI-L2-ACMF/2022/349/02/OR_ABI-L2-ACMF-M6_G16_s20223490200204_e20223490209512_c20223490211215.nc
2022-12-15T03:05:05,G16,0.0,58,0.0,243,0.008,1509,ABI-L2-ACMF/2022/349/03/OR_ABI-L2-ACMF-M6_G16_s20223490300204_e20223490309512_c20223490311144.nc
2022-12-15T08:05:06,G16,0.0,58,0.0,243,0.0358,1509,ABI-L2-ACMF/2022/349/08/OR_ABI-L2-ACMF-M6_G16_s20223490800207_e20223490809515_c20223490811169.nc
2022-12-15T06:05:06,G16,0.0,58,0.0,243,0.0265,1509,ABI-L2-ACMF/2022/349/06/OR_ABI-L2-ACMF-M6_G16_s20223490600207_e20223490609515_c20223490611042.nc
2022-12-15T04:05:05,G16,0.0,58,0.0,243,0.0166,1509,ABI-L2-ACMF/2022/349/04/OR_ABI-L2-ACMF-M6_G16_s20223490400204_e20223490409512_c20223490411115.nc
2022-12-15T00:05:05,G16,0.0,58,0.0,243,0.0013,1509,ABI-L2-ACMF/2022/349/00/OR_ABI-L2-ACMF-M6_G16_s20223490000204_e20223490009512_c20223490011247.nc
2022-12-15T09:05:06,G16,0.0,58,0.0,243,0.0345,1509,ABI-L2-ACMF/2022/349/09/OR_ABI-L2-ACMF-M6_G16_s20223490900207_e20223490909515_c20223490911033.nc
2022-12-15T07:05:06,G16,0.0,58,0.0,243,0.0278,1509,ABI-L2-ACMF/2022/349/07/OR_ABI-L2-ACMF-M6_G16_s20223490700207_e20223490709515_c20223490711189.nc
2022-12-15T10:05:06,G16,0.0,58,0.0,243,0.0013,1509,ABI-L2-ACMF/2022/349/10/OR_ABI-L2-ACMF-M6_G16_s20223491000207_e20223491009515_c20223491011145.nc
2022-12-16T00:05:05,G16,0.0,58,0.0,243,0.0,1509,ABI-L2-ACMF/2022/350/00/OR_ABI-L2-ACMF-M6_G16_s20223500000205_e20223500009513_c20223500011213.nc
2022-12-15T11:05:06,G16,0.0,58,0.0,243,0.008,1509,ABI-L2-ACMF/2022/349/11/OR_ABI-L2-ACMF-M6_G16_s20223491100207_e20223491109515_c20223491111237.nc
2022-12-15T23:05:05,G16,0.0,58,0.0,243,0.0007,1509,ABI-L2-ACMF/2022/349/23/OR_ABI-L2-ACMF-M6_G16_s20223492300205_e20223492309513_c20223492311133.nc
2022-12-15T22:05:05,G16,0.0,58,0.0,243,0.0007,1509,ABI-L2-ACMF/2022/349/22/OR_ABI-L2-ACMF-M6_G16_s20223492200205_e20223492209513_c20223492211165.nc
2022-12-16T01:05:05,G16,0.0,58,0.0,243,0.0013,1509,ABI-L2-ACMF/2022/350/01/OR_ABI-L2-ACMF-M6_G16_s20223500100205_e20223500109513_c20223500111154.nc
2022-12-16T04:05:05,G16,0.0,58,0.0,243,0.008,1509,ABI-L2-ACMF/2022/350/04/OR_ABI-L2-ACMF-M6_G16_s20223500400205_e20223500409514_c20223500411043.nc
2022-12-16T03:05:05,G16,0.0,58,0.0,243,0.0066,1509,ABI-L2-ACMF/2022/350/03/OR_ABI-L2-ACMF-M6_G16_s20223500300205_e20223500309513_c20223500311159.nc
2022-12-16T05:05:06,G16,0.0,58,0.0,243,0.0152,1509,ABI-L2-ACMF/2022/350/05/OR_ABI-L2-ACMF-M6_G16_s20223500500207_e20223500509515_c20223500511080.nc
2022-12-16T02:05:05,G16,0.0,58,0.0,243,0.0033,1509,ABI-L2-ACMF/2022/350/02/OR_ABI-L2-ACMF-M6_G16_s20223500200205_e20223500209513_c20223500211161.nc
2022-12-16T06:05:06,G16,0.0,58,0.0,243,0.0192,1509,ABI-L2-ACMF/2022/350/06/OR_ABI-L2-ACMF-M6_G16_s20223500600207_e20223500609515_c20223500611162.nc
2022-12-16T07:05:06,G16,0.0,58,0.0,243,0.0292,1509,ABI-L2-ACMF/2022/350/07/OR_ABI-L2-ACMF-M6_G16_s20223500700207_e20223500709515_c20223500711171.nc
2022-12-16T08:05:06,G16,0.0,58,0.0,243,0.0311,1509,ABI-L2-ACMF/2022/350/08/OR_ABI-L2-ACMF-M6_G16_s20223500800207_e20223500809515_c20223500811081.nc
2022-12-16T09:05:06,G16,0.0,58,0.0041,243,0.0298,1509,ABI-L2-ACMF/2022/350/09/OR_ABI-L2-ACMF-M6_G16_s20223500900207_e20223500909515_c20223500911079.nc
2022-12-16T11:05:06,G16,0.0345,58,0.1399,243,0.1405,1509,ABI-L2-ACMF/2022/350/11/OR_ABI-L2-ACMF-M6_G16_s20223501100207_e20223501109515_c20223501111188.nc
2022-12-16T10:05:06,G16,0.0,58,0.0,243,0.0007,1509,ABI-L2-ACMF/2022/350/10/OR_ABI-L2-ACMF-M6_G16_s20223501000207_e20223501009515_c20223501011089.nc
2022-12-16T23:05:05,G16,0.0,58,0.0,243,0.0013,1509,ABI-L2-ACMF/2022/350/23/OR_ABI-L2-ACMF-M6_G16_s20223502300205_e20223502309513_c20223502311091.nc
2022-12-16T22:05:05,G16,0.0,58,0.0,243,0.0364,1509,ABI-L2-ACMF/2022/350/22/OR_ABI-L2-ACMF-M6_G16_s20223502200205_e20223502209513_c20223502211152.nc
2022-12-17T02:05:05,G16,0.0,58,0.0,243,0.0086,1509,ABI-L2-ACMF/2022/351/02/OR_ABI-L2-ACMF-M6_G16_s20223510200205_e20223510209513_c20223510211104.nc
2022-12-17T01:05:05,G16,0.0,58,0.0,243,0.004,1509,ABI-L2-ACMF/2022/351/01/OR_ABI-L2-ACMF-M6_G16_s20223510100205_e20223510109513_c20223510111067.nc
2022-12-17T00:05:05,G16,0.0,58,0.0,243,0.0013,1509,ABI-L2-ACMF/2022/351/00/OR_ABI-L2-ACMF-M6_G16_s20223510000205_e20223510009513_c20223510011228.nc
2022-12-17T04:05:05,G16,0.0,58,0.0,243,0.0152,1509,ABI-L2-ACMF/2022/351/04/OR_ABI-L2-ACMF-M6_G16_s20223510400205_e20223510409513_c20223510411104.nc
2022-12-17T03:05:05,G16,0.0,58,0.0,243,0.0113,1509,ABI-L2-ACMF/2022/351/03/OR_ABI-L2-ACMF-M6_G16_s20223510300205_e20223510309513_c20223510311168.nc
2022-12-17T05:05:06,G16,0.0,58,0.0,243,0.0219,1509,ABI-L2-ACMF/2022/351/05/OR_ABI-L2-ACMF-M6_G16_s20223510500208_e20223510509516_c20223510511089.nc
2022-12-17T10:05:06,G16,0.0,58,0.0,243,0.0007,1509,ABI-L2-ACMF/2022/351/10/OR_ABI-L2-ACMF-M6_G16_s20223511000208_e20223511009516_c20223511011110.nc
2022-12-18T02:05:06,G16,0.0,58,0.0,243,0.004,1509,ABI-L2-ACMF/2022/352/02/OR_ABI-L2-ACMF-M6_G16_s20223520200206_e20223520209514_c20223520211077.nc
2022-12-17T09:05:06,G16,0.0,58,0.0,243,0.0484,1509,ABI-L2-ACMF/2022/351/09/OR_ABI-L2-ACMF-M6_G16_s20223510900208_e20223510909516_c20223510911118.nc
2022-12-18T01:05:06,G16,0.0,58,0.0,243,0.0,1509,ABI-L2-ACMF/2022/352/01/OR_ABI-L2-ACMF-M6_G16_s20223520100206_e20223520109514_c20223520111048.nc
2022-12-17T07:05:06,G16,0.0,58,0.0,243,0.0358,1509,ABI-L2-ACMF/2022/351/07/OR_ABI-L2-ACMF-M6_G16_s20223510700208_e20223510709516_c20223510711113.nc
2022-12-17T23:05:06,G16,0.0,58,0.0,243,0.0066,1509,ABI-L2-ACMF/2022/351/23/OR_ABI-L2-ACMF-M6_G16_s20223512300206_e20223512309514_c20223512311106.nc
2022-12-17T22:05:06,G16,0.0,58,0.0,243,0.0371,1509,ABI-L2-ACMF/2022/351/22/OR_ABI-L2-ACMF-M6_G16_s20223512200206_e20223512209514_c20223512211091.nc
2022-12-18T03:05:06,G16,0.0,58,0.0,243,0.0066,1509,ABI-L2-ACMF/2022/352/03/OR_ABI-L2-ACMF-M6_G16_s20223520300206_e20223520309514_c20223520311170.nc
2022-12-17T08:05:06,G16,0.0,58,0.0,243,0.0524,1509,ABI-L2-ACMF/2022/351/08/OR_ABI-L2-ACMF-M6_G16_s20223510800208_e20223510809516_c20223510811053.nc
2022-12-17T06:05:06,G16,0.0,58,0.0041,243,0.0338,1509,ABI-L2-ACMF/2022/351/06/OR_ABI-L2-ACMF-M6_G16_s20223510600208_e20223510609516_c20223510611176.nc
2022-12-18T07:05:06,G16,0.0,58,0.0,243,0.0252,1509,ABI-L2-ACMF/2022/352/07/OR_ABI-L2-ACMF-M6_G16_s20223520700208_e20223520709516_c20223520711057.nc
2022-12-18T08:05:06,G16,0.0,58,0.0,243,0.0258,1509,ABI-L2-ACMF/2022/352/08/OR_ABI-L2-ACMF-M6_G16_s20223520800208_e20223520809516_c20223520811150.nc
2022-12-18T05:05:06,G16,0.0,58,0.0,243,0.0152,1509,ABI-L2-ACMF/2022/352/05/OR_ABI-L2-ACMF-M6_G16_s20223520500208_e20223520509516_c20223520511091.nc
2022-12-18T09:05:06,G16,0.0,58,0.0,243,0.0338,1509,ABI-L2-ACMF/2022/352/09/OR_ABI-L2-ACMF-M6_G16_s20223520900208_e20223520909516_c20223520911165.nc
2022-12-18T04:05:06,G16,0.0,58,0.0,243,0.0099,1509,ABI-L2-ACMF/2022/352/04/OR_ABI-L2-ACMF-M6_G16_s20223520400206_e20223520409514_c20223520411213.nc
2022-12-18T06:05:06,G16,0.0,58,0.0,243,0.0199,1509,ABI-L2-ACMF/2022/352/06/OR_ABI-L2-ACMF-M6_G16_s20223520600208_e20223520609516_c20223520611129.nc
2022-12-18T23:05:06,G16,0.0,58,0.0,243,0.0285,1509,ABI-L2-ACMF/2022/352/23/OR_ABI-L2-ACMF-M6_G16_s20223522300206_e20223522309514_c20223522311231.nc
2022-12-18T10:05:06,G16,0.0,58,0.0,243,0.0007,1509,ABI-L2-ACMF/2022/352/10/OR_ABI-L2-ACMF-M6_G16_s20223521000208_e20223521009516_c20223521011219.nc
2022-12-18T22:05:06,G16,0.0,58,0.0,243,0.0689,1509,ABI-L2-ACMF/2022/352/22/OR_ABI-L2-ACMF-M6_G16_s20223522200206_e20223522209514_c20223522211085.nc
2022-12-18T11:05:06,G16,0.0,58,0.0,243,0.0179,1509,ABI-L2-ACMF/2022/352/11/OR_ABI-L2-ACMF-M6_G16_s20223521100208_e20223521109516_c20223521111069.nc
2022-12-19T03:05:06,G16,0.0,58,0.0,243,0.008,1509,ABI-L2-ACMF/2022/353/03/OR_ABI-L2-ACMF-M6_G16_s20223530300206_e20223530309514_c20223530311131.nc
2022-12-19T00:05:06,G16,0.0,58,0.0,243,0.0066,1509,ABI-L2-ACMF/2022/353/00/OR_ABI-L2-ACMF-M6_G16_s20223530000206_e20223530009514_c20223530011126.nc
2022-12-19T07:05:06,G16,0.0,58,0.0,243,0.0126,1509,ABI-L2-ACMF/2022/353/07/OR_ABI-L2-ACMF-M6_G16_s20223530700209_e20223530709517_c20223530711074.nc
2022-12-19T05:05:06,G16,0.0,58,0.0,243,0.0099,1509,ABI-L2-ACMF/2022/353/05/OR_ABI-L2-ACMF-M6_G16_s20223530500209_e20223530509517_c20223530511128.nc
2022-12-19T02:05:06,G16,0.0,58,0.0,243,0.0073,1509,ABI-L2-ACMF/2022/353/02/OR_ABI-L2-ACMF-M6_G16_s20223530200206_e20223530209514_c20223530211126.nc
2022-12-19T01:05:06,G16,0.0,58,0.0,243,0.0013,1509,ABI-L2-ACMF/2022/353/01/OR_ABI-L2-ACMF-M6_G16_s20223530100206_e20223530109514_c20223530111161.nc
2022-12-19T04:05:06,G16,0.0,58,0.0,243,0.0106,1509,ABI-L2-ACMF/2022/353/04/OR_ABI-L2-ACMF-M6_G16_s20223530400206_e20223530409514_c20223530411157.nc
2022-12-19T06:05:06,G16,0.0,58,0.0,243,0.0073,1509,ABI-L2-ACMF/2022/353/06/OR_ABI-L2-ACMF-M6_G16_s20223530600209_e20223530609517_c20223530611115.nc
2022-12-19T08:05:06,G16,0.0,58,0.0,243,0.0265,1509,ABI-L2-ACMF/2022/353/08/OR_ABI-L2-ACMF-M6_G16_s20223530800209_e20223530809517_c20223530811185.nc
2022-12-19T09:05:06,G16,0.0,58,0.0,243,0.0305,1509,ABI-L2-ACMF/2022/353/09/OR_ABI-L2-ACMF-M6_G16_s20223530900209_e20223530909517_c20223530911164.nc
2022-12-19T22:05:06,G16,0.0,58,0.0041,243,0.0524,1509,ABI-L2-ACMF/2022/353/22/OR_ABI-L2-ACMF-M6_G16_s20223532200207_e20223532209515_c20223532211098.nc
2022-12-19T23:05:06,G16,0.0,58,0.0,243,0.0073,1509,ABI-L2-ACMF/2022/353/23/OR_ABI-L2-ACMF-M6_G16_s20223532300207_e20223532309515_c20223532311076.nc
2022-12-20T03:05:06,G16,0.0,58,0.0,243,0.0053,1509,ABI-L2-ACMF/2022/354/03/OR_ABI-L2-ACMF-M6_G16_s20223540300207_e20223540309515_c20223540311134.nc
2022-12-20T02:05:06,G16,0.0,58,0.0,243,0.0053,1509,ABI-L2-ACMF/2022/354/02/OR_ABI-L2-ACMF-M6_G16_s20223540200207_e20223540209515_c20223540211153.nc
2022-12-19T11:05:06,G16,0.0,58,0.0,243,0.0285,1509,ABI-L2-ACMF/2022/353/11/OR_ABI-L2-ACMF-M6_G16_s20223531100209_e20223531109517_c20223531111186.nc
2022-12-19T10:05:06,G16,0.0,58,0.0,243,0.0007,1509,ABI-L2-ACMF/2022/353/10/OR_ABI-L2-ACMF-M6_G16_s20223531000209_e20223531009517_c20223531011173.nc
2022-12-20T00:05:06,G16,0.0,58,0.0,243,0.002,1509,ABI-L2-ACMF/2022/354/00/OR_ABI-L2-ACMF-M6_G16_s20223540000207_e20223540009515_c20223540011185.nc
2022-12-20T05:05:06,G16,0.0,58,0.0,243,0.0099,1509,ABI-L2-ACMF/2022/354/05/OR_ABI-L2-ACMF-M6_G16_s20223540500209_e20223540509517_c20223540511053.nc
2022-12-20T01:05:06,G16,0.0,58,0.0,243,0.0033,1509,ABI-L2-ACMF/2022/354/01/OR_ABI-L2-ACMF-M6_G16_s20223540100207_e20223540109515_c20223540111202.nc
2022-12-20T04:05:06,G16,0.0,58,0.0,243,0.0033,1509,ABI-L2-ACMF/2022/354/04/OR_ABI-L2-ACMF-M6_G16_s20223540400207_e20223540409515_c20223540411169.nc
2022-12-20T06:05:06,G16,0.0,58,0.0,243,0.0172,1509,ABI-L2-ACMF/2022/354/06/OR_ABI-L2-ACMF-M6_G16_s20223540600209_e20223540609517_c20223540611129.nc
2022-12-20T07:05:06,G16,0.0,58,0.0,243,0.0245,1509,ABI-L2-ACMF/2022/354/07/OR_ABI-L2-ACMF-M6_G16_s20223540700209_e20223540709517_c20223540711051.nc
2022-12-20T08:05:06,G16,0.0,58,0.0,243,0.0219,1509,ABI-L2-ACMF/2022/354/08/OR_ABI-L2-ACMF-M6_G16_s20223540800209_e20223540809517_c20223540811173.nc
2022-12-20T09:05:06,G16,0.0,58,0.0,243,0.0278,1509,ABI-L2-ACMF/2022/354/09/OR_ABI-L2-ACMF-M6_G16_s20223540900209_e20223540909517_c20223540911129.nc
2022-12-20T11:05:06,G16,0.0,58,0.0,243,0.0166,1509,ABI-L2-ACMF/2022/354/11/OR_ABI-L2-ACMF-M6_G16_s20223541100209_e20223541109517_c20223541111135.nc
2022-12-18T00:05:06,G16,0.0,58,0.0,243,0.0007,1509,ABI-L2-ACMF/2022/352/00/OR_ABI-L2-ACMF-M6_G16_s20223520000206_e20223520009514_c20223520011032.nc
2022-12-20T10:05:06,G16,0.0,58,0.0,243,0.002,1509,ABI-L2-ACMF/2022/354/10/OR_ABI-L2-ACMF-M6_G16_s20223541000209_e20223541009517_c20223541011161.nc
2022-12-17T11:05:06,G16,0.0345,58,0.1605,243,0.2313,1509,ABI-L2-ACMF/2022/351/11/OR_ABI-L2-ACMF-M6_G16_s20223511100208_e20223511109516_c20223511111150.nc
2022-12-20T22:05:06,G16,0.0,58,0.0,243,0.0113,1509,ABI-L2-ACMF/2022/354/22/OR_ABI-L2-ACMF-M6_G16_s20223542200207_e20223542209515_c20223542211149.nc
2022-12-21T07:05:06,G16,0.0,58,0.0,243,0.0219,1509,ABI-L2-ACMF/2022/355/07/OR_ABI-L2-ACMF-M6_G16_s20223550700210_e20223550709518_c20223550711077.nc
2022-12-21T02:05:06,G16,0.0,58,0.0,243,0.0033,1509,ABI-L2-ACMF/2022/355/02/OR_ABI-L2-ACMF-M6_G16_s20223550200207_e20223550209515_c20223550211235.nc
2022-12-21T04:05:06,G16,0.0,58,0.0,243,0.0113,1509,ABI-L2-ACMF/2022/355/04/OR_ABI-L2-ACMF-M6_G16_s20223550400207_e20223550409515_c20223550411152.nc
2022-12-21T09:05:06,G16,0.0172,58,0.0082,243,0.0272,1509,ABI-L2-ACMF/2022/355/09/OR_ABI-L2-ACMF-M6_G16_s20223550900210_e20223550909518_c20223550911170.nc
2022-12-21T03:05:06,G16,0.0172,58,0.0041,243,0.0046,1509,ABI-L2-ACMF/2022/355/03/OR_ABI-L2-ACMF-M6_G16_s20223550300207_e20223550309515_c20223550311119.nc
2022-12-21T00:05:06,G16,0.0,58,0.0,243,0.0013,1509,ABI-L2-ACMF/2022/355/00/OR_ABI-L2-ACMF-M6_G16_s20223550000207_e20223550009515_c20223550011162.nc
2022-12-21T01:05:06,G16,0.0,58,0.0,243,0.0013,1509,ABI-L2-ACMF/2022/355/01/OR_ABI-L2-ACMF-M6_G16_s20223550100207_e20223550109515_c20223550111173.nc
2022-12-21T06:05:06,G16,0.0,58,0.0,243,0.0166,1509,ABI-L2-ACMF/2022/355/06/OR_ABI-L2-ACMF-M6_G16_s20223550600210_e20223550609518_c20223550611212.nc
2022-12-21T08:05:06,G16,0.0,58,0.0,243,0.0239,1509,ABI-L2-ACMF/2022/355/08/OR_ABI-L2-ACMF-M6_G16_s20223550800210_e20223550809518_c20223550811080.nc
2022-12-20T23:05:06,G16,0.0,58,0.0,243,0.0,1509,ABI-L2-ACMF/2022/354/23/OR_ABI-L2-ACMF-M6_G16_s20223542300207_e20223542309515_c20223542311136.nc
2022-12-21T05:05:06,G16,0.0,58,0.0,243,0.0113,1509,ABI-L2-ACMF/2022/355/05/OR_ABI-L2-ACMF-M6_G16_s20223550500210_e20223550509518_c20223550511065.nc
2022-12-21T10:05:06,G16,0.0,58,0.0,243,0.0,1509,ABI-L2-ACMF/2022/355/10/OR_ABI-L2-ACMF-M6_G16_s20223551000210_e20223551009518_c20223551011190.nc
2022-12-21T23:05:06,G16,0.0,58,0.0,243,0.0013,1509,ABI-L2-ACMF/2022/355/23/OR_ABI-L2-ACMF-M6_G16_s20223552300208_e20223552309516_c20223552311159.nc
2022-12-22T02:05:06,G16,0.0,58,0.0,243,0.0013,1509,ABI-L2-ACMF/2022/356/02/OR_ABI-L2-ACMF-M6_G16_s20223560200208_e20223560209516_c20223560211110.nc
2022-12-21T11:05:06,G16,0.0,58,0.0,243,0.0066,1509,ABI-L2-ACMF/2022/355/11/OR_ABI-L2-ACMF-M6_G16_s20223551100210_e20223551109518_c20223551111168.nc
2022-12-22T00:05:06,G16,0.0,58,0.0,243,0.0,1509,ABI-L2-ACMF/2022/356/00/OR_ABI-L2-ACMF-M6_G16_s20223560000208_e20223560009516_c20223560011156.nc
2022-12-21T22:05:06,G16,0.0,58,0.0,243,0.0126,1509,ABI-L2-ACMF/2022/355/22/OR_ABI-L2-ACMF-M6_G16_s20223552200208_e20223552209516_c20223552211165.nc
2022-12-22T04:05:06,G16,0.0,58,0.0,243,0.004,1509,ABI-L2-ACMF/2022/356/04/OR_ABI-L2-ACMF-M6_G16_s20223560400208_e20223560409516_c20223560411149.nc
2022-12-22T01:05:06,G16,0.0,58,0.0,243,0.0013,1509,ABI-L2-ACMF/2022/356/01/OR_ABI-L2-ACMF-M6_G16_s20223560100208_e20223560109516_c20223560111121.nc
2022-12-22T03:05:06,G16,0.0,58,0.0,243,0.0066,1509,ABI-L2-ACMF/2022/356/03/OR_ABI-L2-ACMF-M6_G16_s20223560300208_e20223560309516_c20223560311164.nc
2022-12-22T05:05:06,G16,0.0,58,0.0,243,0.0033,1509,ABI-L2-ACMF/2022/356/05/OR_ABI-L2-ACMF-M6_G16_s20223560500210_e20223560509518_c20223560511174.nc
2022-12-22T06:05:06,G16,0.0,58,0.0,243,0.0093,1509,ABI-L2-ACMF/2022/356/06/OR_ABI-L2-ACMF-M6_G16_s20223560600210_e20223560609518_c20223560611113.nc
2022-12-22T07:05:06,G16,0.0,58,0.0,243,0.0146,1509,ABI-L2-ACMF/2022/356/07/OR_ABI-L2-ACMF-M6_G16_s20223560700210_e20223560709518_c20223560711116.nc
2022-12-22T08:05:06,G16,0.0,58,0.0,243,0.0119,1509,ABI-L2-ACMF/2022/356/08/OR_ABI-L2-ACMF-M6_G16_s20223560800210_e20223560809518_c20223560811175.nc
2022-12-22T11:05:06,G16,0.0,58,0.0,243,0.0093,1509,ABI-L2-ACMF/2022/356/11/OR_ABI-L2-ACMF-M6_G16_s20223561100210_e20223561109518_c20223561111198.nc
2022-12-23T01:05:06,G16,0.0,58,0.0,243,0.0033,1509,ABI-L2-ACMF/2022/357/01/OR_ABI-L2-ACMF-M6_G16_s20223570100208_e20223570109516_c20223570111162.nc
2022-12-22T10:05:06,G16,0.0,58,0.0,243,0.0,1509,ABI-L2-ACMF/2022/356/10/OR_ABI-L2-ACMF-M6_G16_s20223561000210_e20223561009518_c20223561011212.nc
2022-12-23T03:05:06,G16,0.0,58,0.0,243,0.0033,1509,ABI-L2-ACMF/2022/357/03/OR_ABI-L2-ACMF-M6_G16_s20223570300208_e20223570309516_c20223570311061.nc
2022-12-23T00:05:06,G16,0.0,58,0.0,243,0.0013,1509,ABI-L2-ACMF/2022/357/00/OR_ABI-L2-ACMF-M6_G16_s20223570000208_e20223570009516_c20223570011155.nc
2022-12-23T04:05:06,G16,0.0,58,0.0,243,0.008,1509,ABI-L2-ACMF/2022/357/04/OR_ABI-L2-ACMF-M6_G16_s20223570400208_e20223570409516_c20223570411195.nc
2022-12-22T22:05:06,G16,0.0,58,0.0,243,0.0066,1509,ABI-L2-ACMF/2022/356/22/OR_ABI-L2-ACMF-M6_G16_s20223562200208_e20223562209516_c20223562211160.nc
2022-12-23T02:05:06,G16,0.0,58,0.0,243,0.0013,1509,ABI-L2-ACMF/2022/357/02/OR_ABI-L2-ACMF-M6_G16_s20223570200208_e20223570209516_c20223570211220.nc
2022-12-22T09:05:06,G16,0.0,58,0.0,243,0.0199,1509,ABI-L2-ACMF/2022/356/09/OR_ABI-L2-ACMF-M6_G16_s20223560900210_e20223560909518_c20223560911113.nc
2022-12-23T05:05:06,G16,0.0,58,0.0,243,0.008,1509,ABI-L2-ACMF/2022/357/05/OR_ABI-L2-ACMF-M6_G16_s20223570500211_e20223570509519_c20223570511145.nc
2022-12-22T23:05:06,G16,0.0,58,0.0,243,0.0,1509,ABI-L2-ACMF/2022/356/23/OR_ABI-L2-ACMF-M6_G16_s20223562300208_e20223562309516_c20223562311277.nc
2022-12-23T06:05:06,G16,0.0,58,0.0,243,0.0172,1509,ABI-L2-ACMF/2022/357/06/OR_ABI-L2-ACMF-M6_G16_s20223570600211_e20223570609519_c20223570611118.nc
2022-12-23T07:05:06,G16,0.0,58,0.0,243,0.0245,1509,ABI-L2-ACMF/2022/357/07/OR_ABI-L2-ACMF-M6_G16_s20223570700211_e20223570709519_c20223570711232.nc
2022-12-23T08:05:06,G16,0.0,58,0.0,243,0.0338,1509,ABI-L2-ACMF/2022/357/08/OR_ABI-L2-ACMF-M6_G16_s20223570800211_e20223570809519_c20223570811148.nc
2022-12-23T22:05:06,G16,0.0,58,0.0,243,0.0364,1509,ABI-L2-ACMF/2022/357/22/OR_ABI-L2-ACMF-M6_G16_s20223572200209_e20223572209517_c20223572211234.nc
2022-12-23T10:05:06,G16,0.0,58,0.0,243,0.0033,1509,ABI-L2-ACMF/2022/357/10/OR_ABI-L2-ACMF-M6_G16_s20223571000211_e20223571009519_c20223571011071.nc
2022-12-23T11:05:06,G16,0.0,58,0.0,243,0.0086,1509,ABI-L2-ACMF/2022/357/11/OR_ABI-L2-ACMF-M6_G16_s20223571100211_e20223571109519_c20223571111126.nc
2022-12-23T23:05:06,G16,0.0,58,0.0,243,0.0086,1509,ABI-L2-ACMF/2022/357/23/OR_ABI-L2-ACMF-M6_G16_s20223572300209_e20223572309517_c20223572311125.nc
2022-12-23T09:05:06,G16,0.0,58,0.0,243,0.0364,1509,ABI-L2-ACMF/2022/357/09/OR_ABI-L2-ACMF-M6_G16_s20223570900211_e20223570909519_c20223570911044.nc
2022-12-24T01:05:06,G16,0.0,58,0.0,243,0.0053,1509,ABI-L2-ACMF/2022/358/01/OR_ABI-L2-ACMF-M6_G16_s20223580100209_e20223580109517_c20223580111126.nc
2022-12-24T02:05:06,G16,0.0,58,0.0,243,0.0053,1509,ABI-L2-ACMF/2022/358/02/OR_ABI-L2-ACMF-M6_G16_s20223580200209_e20223580209517_c20223580211138.nc
2022-12-24T00:05:06,G16,0.0,58,0.0,243,0.0053,1509,ABI-L2-ACMF/2022/358/00/OR_ABI-L2-ACMF-M6_G16_s20223580000209_e20223580009517_c20223580011208.nc
2022-12-24T03:05:06,G16,0.0,58,0.0,243,0.004,1509,ABI-L2-ACMF/2022/358/03/OR_ABI-L2-ACMF-M6_G16_s20223580300209_e20223580309517_c20223580311152.nc
2022-12-24T05:05:06,G16,0.0,58,0.0,243,0.0159,1509,ABI-L2-ACMF/2022/358/05/OR_ABI-L2-ACMF-M6_G16_s20223580500211_e20223580509519_c20223580511095.nc
2022-12-25T00:05:05,G16,0.0,58,0.0,243,0.0053,1509,ABI-L2-ACMF/2022/359/00/OR_ABI-L2-ACMF-M6_G16_s20223590000202_e20223590009510_c20223590011162.nc
2022-12-24T04:05:06,G16,0.0,58,0.0,243,0.0093,1509,ABI-L2-ACMF/2022/358/04/OR_ABI-L2-ACMF-M6_G16_s20223580400209_e20223580409517_c20223580411047.nc
2022-12-25T01:05:05,G16,0.0,58,0.0,243,0.0159,1509,ABI-L2-ACMF/2022/359/01/OR_ABI-L2-ACMF-M6_G16_s20223590100202_e20223590109510_c20223590111042.nc
2022-12-24T10:05:06,G16,0.0,58,0.0,243,0.004,1509,ABI-L2-ACMF/2022/358/10/OR_ABI-L2-ACMF-M6_G16_s20223581000211_e20223581009519_c20223581011107.nc
2022-12-24T11:15:07,G16,0.0,58,0.0041,243,0.0689,1509,ABI-L2-ACMF/2022/358/11/OR_ABI-L2-ACMF-M6_G16_s20223581110224_e20223581119532_c20223581122002.nc
2022-12-24T22:05:05,G16,0.0,58,0.0,243,0.051,1509,ABI-L2-ACMF/2022/358/22/OR_ABI-L2-ACMF-M6_G16_s20223582200202_e20223582209510_c20223582211061.nc
2022-12-24T08:05:06,G16,0.0,58,0.0,243,0.0338,1509,ABI-L2-ACMF/2022/358/08/OR_ABI-L2-ACMF-M6_G16_s20223580800211_e20223580809519_c20223580811162.nc
2022-12-24T09:05:06,G16,0.0,58,0.0041,243,0.0378,1509,ABI-L2-ACMF/2022/358/09/OR_ABI-L2-ACMF-M6_G16_s20223580900211_e20223580909519_c20223580911214.nc
2022-12-24T06:05:06,G16,0.0,58,0.0041,243,0.0245,1509,ABI-L2-ACMF/2022/358/06/OR_ABI-L2-ACMF-M6_G16_s20223580600211_e20223580609519_c20223580611075.nc
2022-12-24T07:05:06,G16,0.0172,58,0.0041,243,0.0318,1509,ABI-L2-ACMF/2022/358/07/OR_ABI-L2-ACMF-M6_G16_s20223580700211_e20223580709519_c20223580711066.nc
2022-12-24T23:05:05,G16,0.0,58,0.0,243,0.0172,1509,ABI-L2-ACMF/2022/358/23/OR_ABI-L2-ACMF-M6_G16_s20223582300202_e20223582309510_c20223582311143.nc
2022-12-25T02:05:05,G16,0.0,58,0.0,243,0.0311,1509,ABI-L2-ACMF/2022/359/02/OR_ABI-L2-ACMF-M6_G16_s20223590200202_e20223590209510_c20223590211109.nc
2022-12-25T04:05:05,G16,0.0,58,0.0,243,0.053,1509,ABI-L2-ACMF/2022/359/04/OR_ABI-L2-ACMF-M6_G16_s20223590400202_e20223590409510_c20223590411055.nc
2022-12-25T07:05:05,G16,0.0,58,0.0,243,0.0345,1509,ABI-L2-ACMF/2022/359/07/OR_ABI-L2-ACMF-M6_G16_s20223590700205_e20223590709513_c20223590711143.nc
2022-12-25T22:05:05,G16,0.0,58,0.1111,243,0.2969,1509,ABI-L2-ACMF/2022/359/22/OR_ABI-L2-ACMF-M6_G16_s20223592200203_e20223592209511_c20223592211185.nc
2022-12-25T06:05:05,G16,0.0,58,0.0,243,0.0444,1509,ABI-L2-ACMF/2022/359/06/OR_ABI-L2-ACMF-M6_G16_s20223590600205_e20223590609513_c20223590611194.nc
2022-12-25T08:05:05,G16,0.0,58,0.0,243,0.0252,1509,ABI-L2-ACMF/2022/359/08/OR_ABI-L2-ACMF-M6_G16_s20223590800205_e20223590809513_c20223590811174.nc
2022-12-25T05:05:05,G16,0.0,58,0.0,243,0.053,1509,ABI-L2-ACMF/2022/359/05/OR_ABI-L2-ACMF-M6_G16_s20223590500205_e20223590509513_c20223590510596.nc
2022-12-25T11:05:05,G16,0.0172,58,0.1934,243,0.2651,1509,ABI-L2-ACMF/2022/359/11/OR_ABI-L2-ACMF-M6_G16_s20223591100205_e20223591109513_c20223591111231.nc
2022-12-25T09:05:05,G16,0.0,58,0.0,243,0.0292,1509,ABI-L2-ACMF/2022/359/09/OR_ABI-L2-ACMF-M6_G16_s20223590900205_e20223590909513_c20223590911067.nc
2022-12-25T23:05:05,G16,0.0345,58,0.1564,243,0.2213,1509,ABI-L2-ACMF/2022/359/23/OR_ABI-L2-ACMF-M6_G16_s20223592300203_e20223592309511_c20223592311165.nc
2022-12-25T10:05:05,G16,0.0,58,0.0,243,0.0053,1509,ABI-L2-ACMF/2022/359/10/OR_ABI-L2-ACMF-M6_G16_s20223591000205_e20223591009513_c20223591011105.nc
2022-12-25T03:05:05,G16,0.0,58,0.0,243,0.0471,1509,ABI-L2-ACMF/2022/359/03/OR_ABI-L2-ACMF-M6_G16_s20223590300202_e20223590309511_c20223590311041.nc
2022-12-26T06:05:05,G16,0.0,58,0.0412,243,0.0915,1509,ABI-L2-ACMF/2022/360/06/OR_ABI-L2-ACMF-M6_G16_s20223600600205_e20223600609513_c20223600611167.nc
2022-12-26T01:05:05,G16,0.0,58,0.0453,243,0.0888,1509,ABI-L2-ACMF/2022/360/01/OR_ABI-L2-ACMF-M6_G16_s20223600100203_e20223600109511_c20223600111041.nc
2022-12-26T03:05:05,G16,0.0,58,0.0329,243,0.0848,1509,ABI-L2-ACMF/2022/360/03/OR_ABI-L2-ACMF-M6_G16_s20223600300203_e20223600309511_c20223600311194.nc
2022-12-26T02:05:05,G16,0.0,58,0.037,243,0.0868,1509,ABI-L2-ACMF/2022/360/02/OR_ABI-L2-ACMF-M6_G16_s20223600200203_e20223600209512_c20223600211063.nc
2022-12-26T04:05:05,G16,0.0,58,0.0412,243,0.0881,1509,ABI-L2-ACMF/2022/360/04/OR_ABI-L2-ACMF-M6_G16_s20223600400203_e20223600409511_c20223600411079.nc
2022-12-26T05:05:05,G16,0.0,58,0.037,243,0.0928,1509,ABI-L2-ACMF/2022/360/05/OR_ABI-L2-ACMF-M6_G16_s20223600500205_e20223600509513_c20223600511039.nc
2022-12-26T00:05:05,G16,0.0,58,0.0247,243,0.0881,1509,ABI-L2-ACMF/2022/360/00/OR_ABI-L2-ACMF-M6_G16_s20223600000203_e20223600009511_c20223600011182.nc
2022-12-26T07:05:05,G16,0.0,58,0.0412,243,0.0941,1509,ABI-L2-ACMF/2022/360/07/OR_ABI-L2-ACMF-M6_G16_s20223600700205_e20223600709513_c20223600711159.nc
2022-12-26T09:05:06,G16,0.0,58,0.0535,243,0.0981,1509,ABI-L2-ACMF/2022/360/09/OR_ABI-L2-ACMF-M6_G16_s20223600900205_e20223600909515_c20223600911171.nc
2022-12-26T08:05:05,G16,0.0,58,0.0453,243,0.0941,1509,ABI-L2-ACMF/2022/360/08/OR_ABI-L2-ACMF-M6_G16_s20223600800205_e20223600809513_c20223600811104.nc
2022-12-26T10:05:05,G16,0.0,58,0.0576,243,0.0895,1509,ABI-L2-ACMF/2022/360/10/OR_ABI-L2-ACMF-M6_G16_s20223601000205_e20223601009513_c20223601011079.nc
2022-12-26T11:05:05,G16,0.3621,58,0.3663,243,0.4049,1509,ABI-L2-ACMF/2022/360/11/OR_ABI-L2-ACMF-M6_G16_s20223601100205_e20223601109513_c20223601111207.nc
2022-12-26T22:05:05,G16,1.0,58,0.9918,243,0.7097,1509,ABI-L2-ACMF/2022/360/22/OR_ABI-L2-ACMF-M6_G16_s20223602200203_e20223602209511_c20223602211045.nc
2022-12-27T03:05:05,G16,0.0,58,0.0,243,0.0636,1509,ABI-L2-ACMF/2022/361/03/OR_ABI-L2-ACMF-M6_G16_s20223610300203_e20223610309511_c20223610311075.nc
2022-12-27T02:05:05,G16,0.0,58,0.0,243,0.1027,1509,ABI-L2-ACMF/2022/361/02/OR_ABI-L2-ACMF-M6_G16_s20223610200203_e20223610209511_c20223610211137.nc
2022-12-27T01:05:05,G16,0.0,58,0.0123,243,0.2538,1509,ABI-L2-ACMF/2022/361/01/OR_ABI-L2-ACMF-M6_G16_s20223610100203_e20223610109511_c20223610111119.nc
2022-12-27T05:05:05,G16,0.0,58,0.0,243,0.0543,1509,ABI-L2-ACMF/2022/361/05/OR_ABI-L2-ACMF-M6_G16_s20223610500206_e20223610509513_c20223610511109.nc
2022-12-26T23:05:05,G16,0.6552,58,0.642,243,0.6541,1509,ABI-L2-ACMF/2022/360/23/OR_ABI-L2-ACMF-M6_G16_s20223602300203_e20223602309516_c20223602311177.nc
2022-12-27T04:05:05,G16,0.0,58,0.0,243,0.0616,1509,ABI-L2-ACMF/2022/361/04/OR_ABI-L2-ACMF-M6_G16_s20223610400203_e20223610409511_c20223610411165.nc
2022-12-27T00:05:05,G16,0.8276,58,0.7325,243,0.446,1509,ABI-L2-ACMF/2022/361/00/OR_ABI-L2-ACMF-M6_G16_s20223610000203_e20223610009511_c20223610011230.nc
2022-12-27T06:05:06,G16,0.0,58,0.0,243,0.0471,1509,ABI-L2-ACMF/2022/361/06/OR_ABI-L2-ACMF-M6_G16_s20223610600206_e20223610609514_c20223610611146.nc
2022-12-27T07:05:06,G16,0.0,58,0.0,243,0.0517,1509,ABI-L2-ACMF/2022/361/07/OR_ABI-L2-ACMF-M6_G16_s20223610700206_e20223610709514_c20223610711154.nc
2022-12-27T08:05:06,G16,0.0,58,0.0,243,0.0451,1509,ABI-L2-ACMF/2022/361/08/OR_ABI-L2-ACMF-M6_G16_s20223610800206_e20223610809514_c20223610811094.nc
2022-12-27T09:05:06,G16,0.0,58,0.0,243,0.0497,1509,ABI-L2-ACMF/2022/361/09/OR_ABI-L2-ACMF-M6_G16_s20223610900206_e20223610909514_c20223610911170.nc
2022-12-28T01:05:05,G16,0.0,58,0.0,243,0.0013,1509,ABI-L2-ACMF/2022/362/01/OR_ABI-L2-ACMF-M6_G16_s20223620100204_e20223620109512_c20223620111112.nc
2022-12-28T07:05:06,G16,0.0,58,0.0,243,0.0172,1509,ABI-L2-ACMF/2022/362/07/OR_ABI-L2-ACMF-M6_G16_s20223620700206_e20223620709514_c20223620711211.nc
2022-12-28T00:05:05,G16,0.0,58,0.0,243,0.0133,1509,ABI-L2-ACMF/2022/362/00/OR_ABI-L2-ACMF-M6_G16_s20223620000204_e20223620009512_c20223620011211.nc
2022-12-27T23:05:05,G16,0.0,58,0.0,243,0.0351,1509,ABI-L2-ACMF/2022/361/23/OR_ABI-L2-ACMF-M6_G16_s20223612300204_e20223612309512_c20223612311164.nc
2022-12-28T05:05:06,G16,0.0,58,0.0,243,0.0013,1509,ABI-L2-ACMF/2022/362/05/OR_ABI-L2-ACMF-M6_G16_s20223620500206_e20223620509514_c20223620511118.nc
2022-12-28T06:05:06,G16,0.0,58,0.0041,243,0.0073,1509,ABI-L2-ACMF/2022/362/06/OR_ABI-L2-ACMF-M6_G16_s20223620600206_e20223620609514_c20223620611103.nc
2022-12-27T11:05:06,G16,0.0,58,0.0206,243,0.0921,1509,ABI-L2-ACMF/2022/361/11/OR_ABI-L2-ACMF-M6_G16_s20223611100206_e20223611109514_c20223611111238.nc
2022-12-28T04:05:05,G16,0.0,58,0.0,243,0.0027,1509,ABI-L2-ACMF/2022/362/04/OR_ABI-L2-ACMF-M6_G16_s20223620400204_e20223620409512_c20223620411153.nc
2022-12-28T02:05:05,G16,0.0,58,0.0,243,0.002,1509,ABI-L2-ACMF/2022/362/02/OR_ABI-L2-ACMF-M6_G16_s20223620200204_e20223620209512_c20223620211060.nc
2022-12-27T22:05:05,G16,0.0,58,0.0041,243,0.0915,1509,ABI-L2-ACMF/2022/361/22/OR_ABI-L2-ACMF-M6_G16_s20223612200204_e20223612209512_c20223612211129.nc
2022-12-28T03:05:05,G16,0.0,58,0.0,243,0.002,1509,ABI-L2-ACMF/2022/362/03/OR_ABI-L2-ACMF-M6_G16_s20223620300204_e20223620309512_c20223620311120.nc
2022-12-27T10:05:06,G16,0.0,58,0.0,243,0.0391,1509,ABI-L2-ACMF/2022/361/10/OR_ABI-L2-ACMF-M6_G16_s20223611000206_e20223611009514_c20223611011184.nc
2022-12-28T08:05:06,G16,0.0,58,0.0,243,0.0166,1509,ABI-L2-ACMF/2022/362/08/OR_ABI-L2-ACMF-M6_G16_s20223620800206_e20223620809514_c20223620811089.nc
2022-12-28T09:05:06,G16,0.0,58,0.0,243,0.0199,1509,ABI-L2-ACMF/2022/362/09/OR_ABI-L2-ACMF-M6_G16_s20223620900206_e20223620909514_c20223620911221.nc
2022-12-29T04:05:05,G16,0.0,58,0.0,243,0.0033,1509,ABI-L2-ACMF/2022/363/04/OR_ABI-L2-ACMF-M6_G16_s20223630400204_e20223630409512_c20223630411191.nc
2022-12-28T10:05:06,G16,0.0,58,0.0,243,0.0013,1509,ABI-L2-ACMF/2022/362/10/OR_ABI-L2-ACMF-M6_G16_s20223621000206_e20223621009514_c20223621011211.nc
2022-12-29T00:05:05,G16,0.0,58,0.0,243,0.0,1509,ABI-L2-ACMF/2022/363/00/OR_ABI-L2-ACMF-M6_G16_s20223630000204_e20223630009512_c20223630011169.nc
2022-12-28T11:05:06,G16,0.0,58,0.0123,243,0.0828,1509,ABI-L2-ACMF/2022/362/11/OR_ABI-L2-ACMF-M6_G16_s20223621100206_e20223621109514_c20223621111216.nc
2022-12-28T23:05:05,G16,0.0,58,0.0,243,0.0126,1509,ABI-L2-ACMF/2022/362/23/OR_ABI-L2-ACMF-M6_G16_s20223622300204_e20223622309512_c20223622311154.nc
2022-12-29T01:05:05,G16,0.0,58,0.0,243,0.0013,1509,ABI-L2-ACMF/2022/363/01/OR_ABI-L2-ACMF-M6_G16_s20223630100204_e20223630109512_c20223630111079.nc
2022-12-29T03:05:05,G16,0.0,58,0.0,243,0.0007,1509,ABI-L2-ACMF/2022/363/03/OR_ABI-L2-ACMF-M6_G16_s20223630300204_e20223630309512_c20223630311168.nc
2022-12-29T02:05:05,G16,0.0,58,0.0,243,0.002,1509,ABI-L2-ACMF/2022/363/02/OR_ABI-L2-ACMF-M6_G16_s20223630200204_e20223630209512_c20223630211075.nc
2022-12-29T05:05:06,G16,0.0,58,0.0,243,0.0027,1509,ABI-L2-ACMF/2022/363/05/OR_ABI-L2-ACMF-M6_G16_s20223630500207_e20223630509515_c20223630511100.nc
2022-12-29T06:05:06,G16,0.0,58,0.0,243,0.0046,1509,ABI-L2-ACMF/2022/363/06/OR_ABI-L2-ACMF-M6_G16_s20223630600207_e20223630609514_c20223630611083.nc
2022-12-29T07:05:06,G16,0.0,58,0.0,243,0.008,1509,ABI-L2-ACMF/2022/363/07/OR_ABI-L2-ACMF-M6_G16_s20223630700207_e20223630709515_c20223630711106.nc
2022-12-28T22:05:05,G16,0.0,58,0.0,243,0.0855,1509,ABI-L2-ACMF/2022/362/22/OR_ABI-L2-ACMF-M6_G16_s20223622200204_e20223622209512_c20223622211166.nc
2022-12-29T09:05:06,G16,0.0,58,0.0,243,0.0119,1509,ABI-L2-ACMF/2022/363/09/OR_ABI-L2-ACMF-M6_G16_s20223630900207_e20223630909515_c20223630911080.nc
2022-12-29T10:05:06,G16,0.0,58,0.0,243,0.0013,1509,ABI-L2-ACMF/2022/363/10/OR_ABI-L2-ACMF-M6_G16_s20223631000207_e20223631009515_c20223631011194.nc
2022-12-29T11:05:06,G16,0.0,58,0.0,243,0.0239,1509,ABI-L2-ACMF/2022/363/11/OR_ABI-L2-ACMF-M6_G16_s20223631100207_e20223631109518_c20223631111109.nc
2022-12-29T23:05:05,G16,0.0,58,0.0,243,0.0053,1509,ABI-L2-ACMF/2022/363/23/OR_ABI-L2-ACMF-M6_G16_s20223632300205_e20223632309513_c20223632311207.nc
2022-12-29T08:05:06,G16,0.0,58,0.0,243,0.0106,1509,ABI-L2-ACMF/2022/363/08/OR_ABI-L2-ACMF-M6_G16_s20223630800207_e20223630809515_c20223630811102.nc
2022-12-30T01:05:05,G16,0.0,58,0.0,243,0.0106,1509,ABI-L2-ACMF/2022/364/01/OR_ABI-L2-ACMF-M6_G16_s20223640100205_e20223640109513_c20223640111173.nc
2022-12-30T00:05:05,G16,0.0,58,0.0,243,0.0066,1509,ABI-L2-ACMF/2022/364/00/OR_ABI-L2-ACMF-M6_G16_s20223640000205_e20223640009513_c20223640011162.nc
2022-12-29T22:05:05,G16,0.0,58,0.0,243,0.0311,1509,ABI-L2-ACMF/2022/363/22/OR_ABI-L2-ACMF-M6_G16_s20223632200205_e20223632209513_c20223632211138.nc
2022-12-30T02:05:05,G16,0.0,58,0.0,243,0.0364,1509,ABI-L2-ACMF/2022/364/02/OR_ABI-L2-ACMF-M6_G16_s20223640200205_e20223640209513_c20223640211145.nc
2022-12-30T04:05:05,G16,0.0,58,0.0,243,0.0252,1509,ABI-L2-ACMF/2022/364/04/OR_ABI-L2-ACMF-M6_G16_s20223640400205_e20223640409513_c20223640411196.nc
2022-12-30T03:05:05,G16,0.0,58,0.0,243,0.0345,1509,ABI-L2-ACMF/2022/364/03/OR_ABI-L2-ACMF-M6_G16_s20223640300205_e20223640309513_c20223640311232.nc
2022-12-30T05:05:06,G16,0.0,58,0.0041,243,0.0471,1509,ABI-L2-ACMF/2022/364/05/OR_ABI-L2-ACMF-M6_G16_s20223640500207_e20223640509515_c20223640511187.nc
2022-12-30T07:05:06,G16,0.0,58,0.0165,243,0.0636,1509,ABI-L2-ACMF/2022/364/07/OR_ABI-L2-ACMF-M6_G16_s20223640700207_e20223640709515_c20223640711140.nc
2022-12-30T06:05:06,G16,0.0,58,0.0123,243,0.0557,1509,ABI-L2-ACMF/2022/364/06/OR_ABI-L2-ACMF-M6_G16_s20223640600207_e20223640609515_c20223640611176.nc
2022-12-30T09:05:06,G16,0.0,58,0.0165,243,0.049,1509,ABI-L2-ACMF/2022/364/09/OR_ABI-L2-ACMF-M6_G16_s20223640900207_e20223640909515_c20223640911207.nc
2022-12-30T11:05:06,G16,0.0172,58,0.177,243,0.216,1509,ABI-L2-ACMF/2022/364/11/OR_ABI-L2-ACMF-M6_G16_s20223641100207_e20223641109515_c20223641111205.nc
2022-12-30T08:05:06,G16,0.0,58,0.0247,243,0.0557,1509,ABI-L2-ACMF/2022/364/08/OR_ABI-L2-ACMF-M6_G16_s20223640800207_e20223640809515_c20223640811038.nc
2022-12-30T10:05:06,G16,0.0,58,0.0,243,0.006,1509,ABI-L2-ACMF/2022/364/10/OR_ABI-L2-ACMF-M6_G16_s20223641000207_e20223641009515_c20223641011204.nc
2022-12-30T23:05:05,G16,0.0,58,0.0,243,0.1034,1509,ABI-L2-ACMF/2022/364/23/OR_ABI-L2-ACMF-M6_G16_s20223642300205_e20223642309514_c20223642311189.nc
2022-12-30T22:05:05,G16,0.0,58,0.0041,243,0.106,1509,ABI-L2-ACMF/2022/364/22/OR_ABI-L2-ACMF-M6_G16_s20223642200205_e20223642209513_c20223642211224.nc
2022-12-31T00:05:05,G16,0.0,58,0.0041,243,0.051,1509,ABI-L2-ACMF/2022/365/00/OR_ABI-L2-ACMF-M6_G16_s20223650000205_e20223650009513_c20223650011155.nc
2022-12-31T01:05:05,G16,0.0,58,0.0165,243,0.0636,1509,ABI-L2-ACMF/2022/365/01/OR_ABI-L2-ACMF-M6_G16_s20223650100205_e20223650109513_c20223650111216.nc
2022-12-31T04:05:05,G16,0.0,58,0.0329,243,0.0855,1509,ABI-L2-ACMF/2022/365/04/OR_ABI-L2-ACMF-M6_G16_s20223650400205_e20223650409513_c20223650411078.nc
2022-12-31T09:05:06,G16,0.0,58,0.0535,243,0.1173,1509,ABI-L2-ACMF/2022/365/09/OR_ABI-L2-ACMF-M6_G16_s20223650900208_e20223650909516_c20223650911243.nc
2022-12-31T11:05:06,G16,0.0862,58,0.1481,243,0.3174,1509,ABI-L2-ACMF/2022/365/11/OR_ABI-L2-ACMF-M6_G16_s20223651100208_e20223651109516_c20223651111236.nc
2022-12-31T07:05:06,G16,0.0,58,0.0412,243,0.1014,1509,ABI-L2-ACMF/2022/365/07/OR_ABI-L2-ACMF-M6_G16_s20223650700208_e20223650709516_c20223650711212.nc
2022-12-31T10:05:06,G16,0.0,58,0.0123,243,0.0848,1509,ABI-L2-ACMF/2022/365/10/OR_ABI-L2-ACMF-M6_G16_s20223651000208_e20223651009516_c20223651011118.nc
2022-12-31T22:05:06,G16,0.0,58,0.0206,243,0.1922,1509,ABI-L2-ACMF/2022/365/22/OR_ABI-L2-ACMF-M6_G16_s20223652200206_e20223652209514_c20223652211220.nc
2022-12-31T08:05:06,G16,0.0,58,0.0412,243,0.0928,1509,ABI-L2-ACMF/2022/365/08/OR_ABI-L2-ACMF-M6_G16_s20223650800208_e20223650809516_c20223650811047.nc
2022-12-31T06:05:06,G16,0.0,58,0.0412,243,0.1206,1509,ABI-L2-ACMF/2022/365/06/OR_ABI-L2-ACMF-M6_G16_s20223650600208_e20223650609516_c20223650611137.nc
2022-12-31T05:05:06,G16,0.0,58,0.0288,243,0.0828,1509,ABI-L2-ACMF/2022/365/05/OR_ABI-L2-ACMF-M6_G16_s20223650500208_e20223650509516_c20223650511202.nc
2022-12-31T03:05:05,G16,0.0,58,0.0329,243,0.0722,1509,ABI-L2-ACMF/2022/365/03/OR_ABI-L2-ACMF-M6_G16_s20223650300205_e20223650309513_c20223650311127.nc
2022-12-31T02:05:05,G16,0.0,58,0.0329,243,0.0722,1509,ABI-L2-ACMF/2022/365/02/OR_ABI-L2-ACMF-M6_G16_s20223650200205_e20223650209513_c20223650211144.nc
2022-12-31T23:05:06,G16,0.0,58,0.0,243,0.1133,1509,ABI-L2-ACMF/2022/365/23/OR_ABI-L2-ACMF-M6_G16_s20223652300206_e20223652309514_c20223652311111.nc
2023-01-01T01:05:06,G16,0.0,58,0.0,243,0.0789,1509,ABI-L2-ACMF/2023/001/01/OR_ABI-L2-ACMF-M6_G16_s20230010100206_e20230010109514_c20230010111199.nc
2023-01-01T02:05:06,G16,0.0,58,0.0,243,0.0292,1509,ABI-L2-ACMF/2023/001/02/OR_ABI-L2-ACMF-M6_G16_s20230010200206_e20230010209514_c20230010211165.nc
2023-01-01T00:05:06,G16,0.0,58,0.0288,243,0.1206,1509,ABI-L2-ACMF/2023/001/00/OR_ABI-L2-ACMF-M6_G16_s20230010000206_e20230010009514_c20230010011177.nc
2023-01-01T03:05:06,G16,0.0,58,0.0041,243,0.0179,1509,ABI-L2-ACMF/2023/001/03/OR_ABI-L2-ACMF-M6_G16_s20230010300206_e20230010309514_c20230010311175.nc
2023-01-01T04:05:06,G16,0.0,58,0.0,243,0.0172,1509,ABI-L2-ACMF/2023/001/04/OR_ABI-L2-ACMF-M6_G16_s20230010400206_e20230010409514_c20230010411167.nc
2023-01-01T09:05:06,G16,0.0,58,0.0,243,0.0186,1509,ABI-L2-ACMF/2023/001/09/OR_ABI-L2-ACMF-M6_G16_s20230010900208_e20230010909516_c20230010911168.nc
2023-01-01T08:05:06,G16,0.0,58,0.0,243,0.0245,1509,ABI-L2-ACMF/2023/001/08/OR_ABI-L2-ACMF-M6_G16_s20230010800208_e20230010809516_c20230010811160.nc
2023-01-01T07:05:06,G16,0.0,58,0.0,243,0.0219,1509,ABI-L2-ACMF/2023/001/07/OR_ABI-L2-ACMF-M6_G16_s20230010700208_e20230010709516_c20230010711232.nc
2023-01-01T10:05:06,G16,0.0,58,0.0,243,0.004,1509,ABI-L2-ACMF/2023/001/10/OR_ABI-L2-ACMF-M6_G16_s20230011000208_e20230011009516_c20230011011152.nc
2023-01-01T11:05:06,G16,0.0,58,0.0041,243,0.0252,1509,ABI-L2-ACMF/2023/001/11/OR_ABI-L2-ACMF-M6_G16_s20230011100208_e20230011109516_c20230011111169.nc
2023-01-01T06:05:06,G16,0.0,58,0.0,243,0.0205,1509,ABI-L2-ACMF/2023/001/06/OR_ABI-L2-ACMF-M6_G16_s20230010600208_e20230010609516_c20230010611118.nc
2023-01-01T05:05:06,G16,0.0,58,0.0,243,0.0179,1509,ABI-L2-ACMF/2023/001/05/OR_ABI-L2-ACMF-M6_G16_s20230010500208_e20230010509517_c20230010511166.nc
2023-01-01T22:05:06,G16,0.0,58,0.0041,243,0.0331,1509,ABI-L2-ACMF/2023/001/22/OR_ABI-L2-ACMF-M6_G16_s20230012200206_e20230012209514_c20230012211222.nc
2023-01-02T03:05:06,G16,0.0,58,0.0,243,0.0179,1509,ABI-L2-ACMF/2023/002/03/OR_ABI-L2-ACMF-M6_G16_s20230020300206_e20230020309514_c20230020311177.nc
2023-01-02T02:05:06,G16,0.0,58,0.0,243,0.0133,1509,ABI-L2-ACMF/2023/002/02/OR_ABI-L2-ACMF-M6_G16_s20230020200206_e20230020209514_c20230020211115.nc
2023-01-01T23:05:06,G16,0.0,58,0.0,243,0.0139,1509,ABI-L2-ACMF/2023/001/23/OR_ABI-L2-ACMF-M6_G16_s20230012300206_e20230012309514_c20230012311226.nc
2023-01-02T07:05:06,G16,0.0,58,0.0,243,0.0358,1509,ABI-L2-ACMF/2023/002/07/OR_ABI-L2-ACMF-M6_G16_s20230020700209_e20230020709517_c20230020711229.nc
2023-01-02T00:05:06,G16,0.0,58,0.0,243,0.004,1509,ABI-L2-ACMF/2023/002/00/OR_ABI-L2-ACMF-M6_G16_s20230020000206_e20230020009514_c20230020011117.nc
2023-01-02T05:05:06,G16,0.0,58,0.0,243,0.0239,1509,ABI-L2-ACMF/2023/002/05/OR_ABI-L2-ACMF-M6_G16_s20230020500209_e20230020509517_c20230020511195.nc
2023-01-02T06:05:06,G16,0.0,58,0.0,243,0.0305,1509,ABI-L2-ACMF/2023/002/06/OR_ABI-L2-ACMF-M6_G16_s20230020600209_e20230020609517_c20230020611205.nc
2023-01-02T01:05:06,G16,0.0,58,0.0,243,0.0126,1509,ABI-L2-ACMF/2023/002/01/OR_ABI-L2-ACMF-M6_G16_s20230020100206_e20230020109514_c20230020111264.nc
2023-01-02T08:05:06,G16,0.0,58,0.0,243,0.0345,1509,ABI-L2-ACMF/2023/002/08/OR_ABI-L2-ACMF-M6_G16_s20230020800209_e20230020809517_c20230020811176.nc
2023-01-02T04:05:06,G16,0.0,58,0.0,243,0.0232,1509,ABI-L2-ACMF/2023/002/04/OR_ABI-L2-ACMF-M6_G16_s20230020400206_e20230020409514_c20230020411172.nc
2023-01-02T09:05:06,G16,0.0,58,0.0,243,0.0411,1509,ABI-L2-ACMF/2023/002/09/OR_ABI-L2-ACMF-M6_G16_s20230020900209_e20230020909517_c20230020911207.nc
2023-01-02T10:05:06,G16,0.0,58,0.0,243,0.0013,1509,ABI-L2-ACMF/2023/002/10/OR_ABI-L2-ACMF-M6_G16_s20230021000209_e20230021009517_c20230021011161.nc
2023-01-02T22:05:06,G16,0.0,58,0.0123,243,0.0895,1509,ABI-L2-ACMF/2023/002/22/OR_ABI-L2-ACMF-M6_G16_s20230022200207_e20230022209515_c20230022211260.nc
2023-01-03T00:05:06,G16,0.0,58,0.0,243,0.0139,1509,ABI-L2-ACMF/2023/003/00/OR_ABI-L2-ACMF-M6_G16_s20230030000207_e20230030009515_c20230030011140.nc
2023-01-02T11:05:06,G16,0.0,58,0.0,243,0.0417,1509,ABI-L2-ACMF/2023/002/11/OR_ABI-L2-ACMF-M6_G16_s20230021100209_e20230021109517_c20230021111253.nc
2023-01-02T23:05:06,G16,0.0,58,0.0041,243,0.0444,1509,ABI-L2-ACMF/2023/002/23/OR_ABI-L2-ACMF-M6_G16_s20230022300207_e20230022309515_c20230022311170.nc
2023-01-03T01:05:06,G16,0.0,58,0.0,243,0.0119,1509,ABI-L2-ACMF/2023/003/01/OR_ABI-L2-ACMF-M6_G16_s20230030100207_e20230030109515_c20230030111211.nc
2023-01-03T02:05:06,G16,0.0,58,0.0,243,0.0152,1509,ABI-L2-ACMF/2023/003/02/OR_ABI-L2-ACMF-M6_G16_s20230030200207_e20230030209515_c20230030211205.nc
2023-01-03T04:05:06,G16,0.0,58,0.0,243,0.0292,1509,ABI-L2-ACMF/2023/003/04/OR_ABI-L2-ACMF-M6_G16_s20230030400207_e20230030409515_c20230030411165.nc
2023-01-03T05:05:06,G16,0.0,58,0.0,243,0.0258,1509,ABI-L2-ACMF/2023/003/05/OR_ABI-L2-ACMF-M6_G16_s20230030500209_e20230030509517_c20230030511140.nc
2023-01-03T06:05:06,G16,0.0,58,0.0,243,0.0292,1509,ABI-L2-ACMF/2023/003/06/OR_ABI-L2-ACMF-M6_G16_s20230030600209_e20230030609517_c20230030611074.nc
2023-01-03T03:05:06,G16,0.0,58,0.0,243,0.0265,1509,ABI-L2-ACMF/2023/003/03/OR_ABI-L2-ACMF-M6_G16_s20230030300207_e20230030309515_c20230030311092.nc
2023-01-03T07:05:06,G16,0.0,58,0.0,243,0.0285,1509,ABI-L2-ACMF/2023/003/07/OR_ABI-L2-ACMF-M6_G16_s20230030700209_e20230030709517_c20230030711148.nc
2023-01-03T08:05:06,G16,0.0,58,0.0,243,0.0252,1509,ABI-L2-ACMF/2023/003/08/OR_ABI-L2-ACMF-M6_G16_s20230030800209_e20230030809517_c20230030811071.nc
2023-01-04T05:05:06,G16,0.0,58,0.0,243,0.008,1509,ABI-L2-ACMF/2023/004/05/OR_ABI-L2-ACMF-M6_G16_s20230040500210_e20230040509517_c20230040511154.nc
2023-01-03T22:05:06,G16,0.0,58,0.0041,243,0.0769,1509,ABI-L2-ACMF/2023/003/22/OR_ABI-L2-ACMF-M6_G16_s20230032200207_e20230032209515_c20230032211165.nc
2023-01-03T11:05:06,G16,0.0,58,0.0,243,0.0471,1509,ABI-L2-ACMF/2023/003/11/OR_ABI-L2-ACMF-M6_G16_s20230031100209_e20230031109517_c20230031111160.nc
2023-01-04T02:05:06,G16,0.0,58,0.0,243,0.0172,1509,ABI-L2-ACMF/2023/004/02/OR_ABI-L2-ACMF-M6_G16_s20230040200207_e20230040209515_c20230040211199.nc
2023-01-04T01:05:06,G16,0.0,58,0.0,243,0.0212,1509,ABI-L2-ACMF/2023/004/01/OR_ABI-L2-ACMF-M6_G16_s20230040100207_e20230040109515_c20230040111165.nc
2023-01-03T23:05:06,G16,0.0,58,0.0041,243,0.0616,1509,ABI-L2-ACMF/2023/003/23/OR_ABI-L2-ACMF-M6_G16_s20230032300207_e20230032309515_c20230032311155.nc
2023-01-03T10:05:06,G16,0.0,58,0.0,243,0.002,1509,ABI-L2-ACMF/2023/003/10/OR_ABI-L2-ACMF-M6_G16_s20230031000209_e20230031009517_c20230031011111.nc
2023-01-03T09:05:06,G16,0.0,58,0.0,243,0.0258,1509,ABI-L2-ACMF/2023/003/09/OR_ABI-L2-ACMF-M6_G16_s20230030900209_e20230030909517_c20230030911223.nc
2023-01-04T03:05:06,G16,0.0,58,0.0,243,0.0113,1509,ABI-L2-ACMF/2023/004/03/OR_ABI-L2-ACMF-M6_G16_s20230040300207_e20230040309515_c20230040311174.nc
2023-01-04T00:05:06,G16,0.0,58,0.0,243,0.0232,1509,ABI-L2-ACMF/2023/004/00/OR_ABI-L2-ACMF-M6_G16_s20230040000207_e20230040009515_c20230040011152.nc
2023-01-04T04:05:06,G16,0.0,58,0.0,243,0.0073,1509,ABI-L2-ACMF/2023/004/04/OR_ABI-L2-ACMF-M6_G16_s20230040400207_e20230040409515_c20230040411131.nc
2023-01-04T06:05:06,G16,0.0,58,0.0,243,0.0113,1509,ABI-L2-ACMF/2023/004/06/OR_ABI-L2-ACMF-M6_G16_s20230040600210_e20230040609517_c20230040611153.nc
2023-01-04T07:05:06,G16,0.0,58,0.0,243,0.0232,1509,ABI-L2-ACMF/2023/004/07/OR_ABI-L2-ACMF-M6_G16_s20230040700210_e20230040709517_c20230040711201.nc
2023-01-04T08:05:06,G16,0.0,58,0.0,243,0.0351,1509,ABI-L2-ACMF/2023/004/08/OR_ABI-L2-ACMF-M6_G16_s20230040800210_e20230040809518_c20230040811196.nc
2023-01-04T23:05:06,G16,0.0,58,0.0,243,0.1107,1509,ABI-L2-ACMF/2023/004/23/OR_ABI-L2-ACMF-M6_G16_s20230042300208_e20230042309516_c20230042311168.nc
2023-01-04T11:05:06,G16,0.0,58,0.0247,243,0.1438,1509,ABI-L2-ACMF/2023/004/11/OR_ABI-L2-ACMF-M6_G16_s20230041100210_e20230041109518_c20230041111161.nc
2023-01-04T09:05:06,G16,0.0,58,0.0,243,0.0444,1509,ABI-L2-ACMF/2023/004/09/OR_ABI-L2-ACMF-M6_G16_s20230040900210_e20230040909518_c20230040911150.nc
2023-01-05T00:05:06,G16,0.0,58,0.0,243,0.118,1509,ABI-L2-ACMF/2023/005/00/OR_ABI-L2-ACMF-M6_G16_s20230050000208_e20230050009516_c20230050011224.nc
2023-01-04T22:05:06,G16,0.0,58,0.0,243,0.0835,1509,ABI-L2-ACMF/2023/004/22/OR_ABI-L2-ACMF-M6_G16_s20230042200208_e20230042209516_c20230042211304.nc
2023-01-04T10:05:06,G16,0.0,58,0.0,243,0.0046,1509,ABI-L2-ACMF/2023/004/10/OR_ABI-L2-ACMF-M6_G16_s20230041000210_e20230041009518_c20230041011151.nc
2023-01-05T01:05:06,G16,0.0,58,0.0,243,0.0239,1509,ABI-L2-ACMF/2023/005/01/OR_ABI-L2-ACMF-M6_G16_s20230050100208_e20230050109516_c20230050111237.nc
2023-01-05T02:05:06,G16,0.0,58,0.0,243,0.0338,1509,ABI-L2-ACMF/2023/005/02/OR_ABI-L2-ACMF-M6_G16_s20230050200208_e20230050209516_c20230050211136.nc
2023-01-05T03:05:06,G16,0.0,58,0.0,243,0.0981,1509,ABI-L2-ACMF/2023/005/03/OR_ABI-L2-ACMF-M6_G16_s20230050300208_e20230050309516_c20230050311191.nc
2023-01-05T04:05:06,G16,0.0,58,0.0288,243,0.0464,1509,ABI-L2-ACMF/2023/005/04/OR_ABI-L2-ACMF-M6_G16_s20230050400208_e20230050409516_c20230050411034.nc
2023-01-05T06:05:06,G16,0.0,58,0.0,243,0.0934,1509,ABI-L2-ACMF/2023/005/06/OR_ABI-L2-ACMF-M6_G16_s20230050600210_e20230050609518_c20230050611180.nc
2023-01-05T05:05:06,G16,0.0,58,0.0,243,0.0636,1509,ABI-L2-ACMF/2023/005/05/OR_ABI-L2-ACMF-M6_G16_s20230050500208_e20230050509516_c20230050511065.nc
2023-01-05T07:05:06,G16,0.0,58,0.0,243,0.061,1509,ABI-L2-ACMF/2023/005/07/OR_ABI-L2-ACMF-M6_G16_s20230050700210_e20230050709518_c20230050711076.nc
2023-01-05T08:05:06,G16,0.0,58,0.0,243,0.0424,1509,ABI-L2-ACMF/2023/005/08/OR_ABI-L2-ACMF-M6_G16_s20230050800210_e20230050809518_c20230050811238.nc
2023-01-05T09:05:06,G16,0.0,58,0.0,243,0.1544,1509,ABI-L2-ACMF/2023/005/09/OR_ABI-L2-ACMF-M6_G16_s20230050900210_e20230050909518_c20230050911164.nc
2023-01-05T22:05:06,G16,0.4138,58,0.2222,243,0.3101,1509,ABI-L2-ACMF/2023/005/22/OR_ABI-L2-ACMF-M6_G16_s20230052200208_e20230052209516_c20230052211061.nc
2023-01-05T11:05:06,G16,0.0517,58,0.1646,243,0.2903,1509,ABI-L2-ACMF/2023/005/11/OR_ABI-L2-ACMF-M6_G16_s20230051100210_e20230051109518_c20230051111219.nc
2023-01-05T10:05:06,G16,0.0517,58,0.2058,243,0.2929,1509,ABI-L2-ACMF/2023/005/10/OR_ABI-L2-ACMF-M6_G16_s20230051000210_e20230051009518_c20230051011167.nc
2023-01-05T23:05:06,G16,0.0,58,0.0165,243,0.3539,1509,ABI-L2-ACMF/2023/005/23/OR_ABI-L2-ACMF-M6_G16_s20230052300208_e20230052309516_c20230052311186.nc
2023-01-06T01:05:06,G16,0.1207,58,0.3128,243,0.3817,1509,ABI-L2-ACMF/2023/006/01/OR_ABI-L2-ACMF-M6_G16_s20230060100208_e20230060109516_c20230060111234.nc
2023-01-06T00:05:06,G16,0.2759,58,0.3621,243,0.381,1509,ABI-L2-ACMF/2023/006/00/OR_ABI-L2-ACMF-M6_G16_s20230060000208_e20230060009517_c20230060011171.nc
2023-01-06T02:05:06,G16,0.0,58,0.0494,243,0.2717,1509,ABI-L2-ACMF/2023/006/02/OR_ABI-L2-ACMF-M6_G16_s20230060200208_e20230060209516_c20230060211081.nc
2023-01-06T04:05:06,G16,0.7069,58,0.7654,243,0.4997,1509,ABI-L2-ACMF/2023/006/04/OR_ABI-L2-ACMF-M6_G16_s20230060400208_e20230060409516_c20230060411124.nc
2023-01-06T06:05:06,G16,0.9483,58,0.8601,243,0.7071,1509,ABI-L2-ACMF/2023/006/06/OR_ABI-L2-ACMF-M6_G16_s20230060600211_e20230060609519_c20230060611098.nc
2023-01-06T03:05:06,G16,0.1379,58,0.1193,243,0.2949,1509,ABI-L2-ACMF/2023/006/03/OR_ABI-L2-ACMF-M6_G16_s20230060300208_e20230060309516_c20230060311193.nc
2023-01-06T07:05:06,G16,1.0,58,0.9753,243,0.7866,1509,ABI-L2-ACMF/2023/006/07/OR_ABI-L2-ACMF-M6_G16_s20230060700211_e20230060709519_c20230060711171.nc
2023-01-06T05:05:06,G16,0.3103,58,0.4033,243,0.5089,1509,ABI-L2-ACMF/2023/006/05/OR_ABI-L2-ACMF-M6_G16_s20230060500208_e20230060509516_c20230060511121.nc
2023-01-06T08:05:06,G16,1.0,58,0.9835,243,0.715,1509,ABI-L2-ACMF/2023/006/08/OR_ABI-L2-ACMF-M6_G16_s20230060800211_e20230060809518_c20230060811244.nc
2023-01-06T22:05:06,G16,0.8966,58,0.7572,243,0.666,1509,ABI-L2-ACMF/2023/006/22/OR_ABI-L2-ACMF-M6_G16_s20230062200209_e20230062209517_c20230062211227.nc
2023-01-06T09:05:06,G16,0.931,58,0.856,243,0.5891,1509,ABI-L2-ACMF/2023/006/09/OR_ABI-L2-ACMF-M6_G16_s20230060900211_e20230060909519_c20230060911065.nc
2023-01-06T10:05:06,G16,1.0,58,1.0,243,0.9046,1509,ABI-L2-ACMF/2023/006/10/OR_ABI-L2-ACMF-M6_G16_s20230061000211_e20230061009520_c20230061011189.nc
2023-01-06T11:05:06,G16,1.0,58,1.0,243,0.9973,1509,ABI-L2-ACMF/2023/006/11/OR_ABI-L2-ACMF-M6_G16_s20230061100211_e20230061109519_c20230061111177.nc
2023-01-06T23:05:06,G16,0.4483,58,0.6091,243,0.5361,1509,ABI-L2-ACMF/2023/006/23/OR_ABI-L2-ACMF-M6_G16_s20230062300209_e20230062309517_c20230062311176.nc
2023-01-07T10:05:06,G16,1.0,58,1.0,243,0.9384,1509,ABI-L2-ACMF/2023/007/10/OR_ABI-L2-ACMF-M6_G16_s20230071000211_e20230071009519_c20230071011103.nc
2023-01-07T03:05:06,G16,0.9828,58,0.786,243,0.6594,1509,ABI-L2-ACMF/2023/007/03/OR_ABI-L2-ACMF-M6_G16_s20230070300209_e20230070309517_c20230070311095.nc
2023-01-07T09:05:06,G16,1.0,58,0.9136,243,0.8933,1509,ABI-L2-ACMF/2023/007/09/OR_ABI-L2-ACMF-M6_G16_s20230070900211_e20230070909519_c20230070911227.nc
2023-01-07T07:05:06,G16,1.0,58,0.9671,243,0.8025,1509,ABI-L2-ACMF/2023/007/07/OR_ABI-L2-ACMF-M6_G16_s20230070700211_e20230070709519_c20230070711069.nc
2023-01-07T02:05:06,G16,0.7069,58,0.5967,243,0.5355,1509,ABI-L2-ACMF/2023/007/02/OR_ABI-L2-ACMF-M6_G16_s20230070200209_e20230070209517_c20230070211167.nc
2023-01-07T11:15:07,G16,1.0,58,1.0,243,0.7276,1509,ABI-L2-ACMF/2023/007/11/OR_ABI-L2-ACMF-M6_G16_s20230071110224_e20230071119532_c20230071121181.nc
2023-01-07T08:05:06,G16,0.1897,58,0.5473,243,0.7753,1509,ABI-L2-ACMF/2023/007/08/OR_ABI-L2-ACMF-M6_G16_s20230070800211_e20230070809519_c20230070811163.nc
2023-01-07T05:05:06,G16,1.0,58,0.8765,243,0.7329,1509,ABI-L2-ACMF/2023/007/05/OR_ABI-L2-ACMF-M6_G16_s20230070500209_e20230070509517_c20230070511163.nc
2023-01-07T01:05:06,G16,0.0,58,0.0,243,0.3101,1509,ABI-L2-ACMF/2023/007/01/OR_ABI-L2-ACMF-M6_G16_s20230070100209_e20230070109517_c20230070111160.nc
2023-01-07T04:05:06,G16,1.0,58,0.9424,243,0.7396,1509,ABI-L2-ACMF/2023/007/04/OR_ABI-L2-ACMF-M6_G16_s20230070400209_e20230070409517_c20230070411153.nc
2023-01-07T00:05:06,G16,0.0,58,0.0247,243,0.3718,1509,ABI-L2-ACMF/2023/007/00/OR_ABI-L2-ACMF-M6_G16_s20230070000209_e20230070009517_c20230070011045.nc
2023-01-07T06:05:06,G16,1.0,58,0.9959,243,0.8118,1509,ABI-L2-ACMF/2023/007/06/OR_ABI-L2-ACMF-M6_G16_s20230070600211_e20230070609521_c20230070611202.nc
2023-01-07T22:05:05,G16,0.0,58,0.0,243,0.108,1509,ABI-L2-ACMF/2023/007/22/OR_ABI-L2-ACMF-M6_G16_s20230072200202_e20230072209510_c20230072211093.nc
2023-01-08T00:05:05,G16,0.0,58,0.0,243,0.0842,1509,ABI-L2-ACMF/2023/008/00/OR_ABI-L2-ACMF-M6_G16_s20230080000202_e20230080009510_c20230080011183.nc
2023-01-07T23:05:05,G16,0.0,58,0.0,243,0.1166,1509,ABI-L2-ACMF/2023/007/23/OR_ABI-L2-ACMF-M6_G16_s20230072300202_e20230072309510_c20230072311073.nc
2023-01-08T01:05:05,G16,0.0,58,0.0,243,0.0471,1509,ABI-L2-ACMF/2023/008/01/OR_ABI-L2-ACMF-M6_G16_s20230080100202_e20230080109510_c20230080111145.nc
2023-01-08T07:05:05,G16,0.0,58,0.0,243,0.0398,1509,ABI-L2-ACMF/2023/008/07/OR_ABI-L2-ACMF-M6_G16_s20230080700205_e20230080709513_c20230080711044.nc
2023-01-08T02:05:05,G16,0.0,58,0.0,243,0.0517,1509,ABI-L2-ACMF/2023/008/02/OR_ABI-L2-ACMF-M6_G16_s20230080200202_e20230080209510_c20230080211102.nc
2023-01-08T05:05:05,G16,0.0,58,0.0,243,0.0411,1509,ABI-L2-ACMF/2023/008/05/OR_ABI-L2-ACMF-M6_G16_s20230080500202_e20230080509510_c20230080511198.nc
2023-01-08T09:05:05,G16,0.0,58,0.0,243,0.0358,1509,ABI-L2-ACMF/2023/008/09/OR_ABI-L2-ACMF-M6_G16_s20230080900205_e20230080909513_c20230080911111.nc
2023-01-08T03:05:05,G16,0.0,58,0.0,243,0.049,1509,ABI-L2-ACMF/2023/008/03/OR_ABI-L2-ACMF-M6_G16_s20230080300202_e20230080309510_c20230080311176.nc
2023-01-08T06:05:05,G16,0.0,58,0.0,243,0.0305,1509,ABI-L2-ACMF/2023/008/06/OR_ABI-L2-ACMF-M6_G16_s20230080600205_e20230080609513_c20230080611151.nc
2023-01-08T08:05:05,G16,0.0,58,0.0,243,0.0338,1509,ABI-L2-ACMF/2023/008/08/OR_ABI-L2-ACMF-M6_G16_s20230080800205_e20230080809513_c20230080811053.nc
2023-01-08T10:05:05,G16,0.0,58,0.0,243,0.0444,1509,ABI-L2-ACMF/2023/008/10/OR_ABI-L2-ACMF-M6_G16_s20230081000205_e20230081009513_c20230081011199.nc
2023-01-08T22:05:05,G16,0.0,58,0.0,243,0.1637,1509,ABI-L2-ACMF/2023/008/22/OR_ABI-L2-ACMF-M6_G16_s20230082200203_e20230082209511_c20230082211038.nc
2023-01-08T23:05:05,G16,0.0,58,0.0041,243,0.214,1509,ABI-L2-ACMF/2023/008/23/OR_ABI-L2-ACMF-M6_G16_s20230082300203_e20230082309511_c20230082311241.nc
2023-01-08T11:05:05,G16,0.0,58,0.0041,243,0.0928,1509,ABI-L2-ACMF/2023/008/11/OR_ABI-L2-ACMF-M6_G16_s20230081100205_e20230081109513_c20230081111080.nc
2023-01-09T02:05:05,G16,0.0,58,0.0,243,0.0504,1509,ABI-L2-ACMF/2023/009/02/OR_ABI-L2-ACMF-M6_G16_s20230090200203_e20230090209513_c20230090211111.nc
2023-01-09T00:05:05,G16,0.0,58,0.0,243,0.0537,1509,ABI-L2-ACMF/2023/009/00/OR_ABI-L2-ACMF-M6_G16_s20230090000203_e20230090009511_c20230090011165.nc
2023-01-09T01:05:05,G16,0.0,58,0.0,243,0.0477,1509,ABI-L2-ACMF/2023/009/01/OR_ABI-L2-ACMF-M6_G16_s20230090100203_e20230090109511_c20230090111206.nc
2023-01-09T05:05:05,G16,0.0,58,0.0,243,0.0331,1509,ABI-L2-ACMF/2023/009/05/OR_ABI-L2-ACMF-M6_G16_s20230090500203_e20230090509511_c20230090511053.nc
2023-01-09T04:05:05,G16,0.0,58,0.0,243,0.0338,1509,ABI-L2-ACMF/2023/009/04/OR_ABI-L2-ACMF-M6_G16_s20230090400203_e20230090409511_c20230090411092.nc
2023-01-09T03:05:05,G16,0.0,58,0.0,243,0.0325,1509,ABI-L2-ACMF/2023/009/03/OR_ABI-L2-ACMF-M6_G16_s20230090300203_e20230090309511_c20230090311087.nc
2023-01-09T06:05:05,G16,0.0,58,0.0,243,0.0285,1509,ABI-L2-ACMF/2023/009/06/OR_ABI-L2-ACMF-M6_G16_s20230090600205_e20230090609513_c20230090611162.nc
2023-01-09T07:05:05,G16,0.0,58,0.0,243,0.0272,1509,ABI-L2-ACMF/2023/009/07/OR_ABI-L2-ACMF-M6_G16_s20230090700205_e20230090709513_c20230090711035.nc
2023-01-09T08:05:05,G16,0.0,58,0.0,243,0.0245,1509,ABI-L2-ACMF/2023/009/08/OR_ABI-L2-ACMF-M6_G16_s20230090800205_e20230090809513_c20230090811178.nc
2023-01-09T09:05:05,G16,0.0,58,0.0,243,0.0391,1509,ABI-L2-ACMF/2023/009/09/OR_ABI-L2-ACMF-M6_G16_s20230090900205_e20230090909513_c20230090911105.nc
2023-01-09T10:05:05,G16,0.0,58,0.0,243,0.0285,1509,ABI-L2-ACMF/2023/009/10/OR_ABI-L2-ACMF-M6_G16_s20230091000205_e20230091009513_c20230091011065.nc
2023-01-09T11:05:05,G16,0.0,58,0.0082,243,0.0895,1509,ABI-L2-ACMF/2023/009/11/OR_ABI-L2-ACMF-M6_G16_s20230091100205_e20230091109513_c20230091111179.nc
2023-01-09T22:05:05,G16,0.0,58,0.0,243,0.0285,1509,ABI-L2-ACMF/2023/009/22/OR_ABI-L2-ACMF-M6_G16_s20230092200203_e20230092209511_c20230092211035.nc
2023-01-10T01:05:05,G16,0.0,58,0.0,243,0.0133,1509,ABI-L2-ACMF/2023/010/01/OR_ABI-L2-ACMF-M6_G16_s20230100100203_e20230100109511_c20230100111116.nc
2023-01-09T23:05:05,G16,0.0,58,0.0,243,0.0139,1509,ABI-L2-ACMF/2023/009/23/OR_ABI-L2-ACMF-M6_G16_s20230092300203_e20230092309511_c20230092311300.nc
2023-01-10T02:05:05,G16,0.0,58,0.0,243,0.0166,1509,ABI-L2-ACMF/2023/010/02/OR_ABI-L2-ACMF-M6_G16_s20230100200203_e20230100209511_c20230100211145.nc
2023-01-10T00:05:05,G16,0.0,58,0.0,243,0.0159,1509,ABI-L2-ACMF/2023/010/00/OR_ABI-L2-ACMF-M6_G16_s20230100000203_e20230100009511_c20230100011042.nc
2023-01-08T04:05:05,G16,0.0,58,0.0,243,0.0431,1509,ABI-L2-ACMF/2023/008/04/OR_ABI-L2-ACMF-M6_G16_s20230080400202_e20230080409510_c20230080411146.nc
2023-01-10T04:05:05,G16,0.0,58,0.0,243,0.0166,1509,ABI-L2-ACMF/2023/010/04/OR_ABI-L2-ACMF-M6_G16_s20230100400203_e20230100409511_c20230100411127.nc
2023-01-10T03:05:05,G16,0.0,58,0.0,243,0.0179,1509,ABI-L2-ACMF/2023/010/03/OR_ABI-L2-ACMF-M6_G16_s20230100300203_e20230100309511_c20230100311173.nc
2023-01-10T05:05:05,G16,0.0,58,0.0,243,0.0159,1509,ABI-L2-ACMF/2023/010/05/OR_ABI-L2-ACMF-M6_G16_s20230100500203_e20230100509511_c20230100511124.nc
2023-01-10T22:05:05,G16,0.0,58,0.0123,243,0.0822,1509,ABI-L2-ACMF/2023/010/22/OR_ABI-L2-ACMF-M6_G16_s20230102200204_e20230102209512_c20230102211142.nc
2023-01-10T10:05:06,G16,0.0,58,0.0,243,0.0033,1509,ABI-L2-ACMF/2023/010/10/OR_ABI-L2-ACMF-M6_G16_s20230101000206_e20230101009514_c20230101011201.nc
2023-01-11T03:05:05,G16,0.0,58,0.0,243,0.0464,1509,ABI-L2-ACMF/2023/011/03/OR_ABI-L2-ACMF-M6_G16_s20230110300204_e20230110309512_c20230110311224.nc
2023-01-11T00:05:05,G16,0.0,58,0.0,243,0.0133,1509,ABI-L2-ACMF/2023/011/00/OR_ABI-L2-ACMF-M6_G16_s20230110000204_e20230110009512_c20230110011263.nc
2023-01-11T01:05:05,G16,0.0,58,0.0,243,0.0285,1509,ABI-L2-ACMF/2023/011/01/OR_ABI-L2-ACMF-M6_G16_s20230110100204_e20230110109512_c20230110111158.nc
2023-01-10T11:05:06,G16,0.0,58,0.0,243,0.1034,1509,ABI-L2-ACMF/2023/010/11/OR_ABI-L2-ACMF-M6_G16_s20230101100206_e20230101109514_c20230101111152.nc
2023-01-11T02:05:05,G16,0.0,58,0.0,243,0.0411,1509,ABI-L2-ACMF/2023/011/02/OR_ABI-L2-ACMF-M6_G16_s20230110200204_e20230110209512_c20230110211039.nc
2023-01-10T08:05:06,G16,0.0,58,0.0,243,0.0663,1509,ABI-L2-ACMF/2023/010/08/OR_ABI-L2-ACMF-M6_G16_s20230100800206_e20230100809514_c20230100811109.nc
2023-01-10T23:05:05,G16,0.0,58,0.0,243,0.055,1509,ABI-L2-ACMF/2023/010/23/OR_ABI-L2-ACMF-M6_G16_s20230102300204_e20230102309512_c20230102311072.nc
2023-01-10T06:05:06,G16,0.0,58,0.0,243,0.0152,1509,ABI-L2-ACMF/2023/010/06/OR_ABI-L2-ACMF-M6_G16_s20230100600206_e20230100609514_c20230100611196.nc
2023-01-10T09:05:06,G16,0.0,58,0.0576,243,0.218,1509,ABI-L2-ACMF/2023/010/09/OR_ABI-L2-ACMF-M6_G16_s20230100900206_e20230100909514_c20230100911198.nc
2023-01-10T07:05:06,G16,0.0,58,0.0,243,0.0172,1509,ABI-L2-ACMF/2023/010/07/OR_ABI-L2-ACMF-M6_G16_s20230100700206_e20230100709514_c20230100711194.nc
2023-01-11T05:05:05,G16,0.0,58,0.0,243,0.0451,1509,ABI-L2-ACMF/2023/011/05/OR_ABI-L2-ACMF-M6_G16_s20230110500204_e20230110509512_c20230110511093.nc
2023-01-11T04:05:05,G16,0.0,58,0.0,243,0.049,1509,ABI-L2-ACMF/2023/011/04/OR_ABI-L2-ACMF-M6_G16_s20230110400204_e20230110409512_c20230110411151.nc
2023-01-11T07:05:06,G16,0.0,58,0.0,243,0.0417,1509,ABI-L2-ACMF/2023/011/07/OR_ABI-L2-ACMF-M6_G16_s20230110700206_e20230110709515_c20230110711144.nc
2023-01-11T06:05:06,G16,0.0,58,0.0,243,0.0351,1509,ABI-L2-ACMF/2023/011/06/OR_ABI-L2-ACMF-M6_G16_s20230110600206_e20230110609514_c20230110611098.nc
2023-01-11T10:05:06,G16,0.0,58,0.0,243,0.0239,1509,ABI-L2-ACMF/2023/011/10/OR_ABI-L2-ACMF-M6_G16_s20230111000206_e20230111009514_c20230111011138.nc
2023-01-12T00:05:05,G16,0.0,58,0.0,243,0.0146,1509,ABI-L2-ACMF/2023/012/00/OR_ABI-L2-ACMF-M6_G16_s20230120000204_e20230120009512_c20230120011202.nc
2023-01-11T08:05:06,G16,0.0,58,0.0,243,0.0345,1509,ABI-L2-ACMF/2023/011/08/OR_ABI-L2-ACMF-M6_G16_s20230110800206_e20230110809514_c20230110811184.nc
2023-01-11T11:05:06,G16,0.0,58,0.0082,243,0.0815,1509,ABI-L2-ACMF/2023/011/11/OR_ABI-L2-ACMF-M6_G16_s20230111100206_e20230111109514_c20230111111215.nc
2023-01-11T22:05:05,G16,0.0,58,0.0,243,0.0636,1509,ABI-L2-ACMF/2023/011/22/OR_ABI-L2-ACMF-M6_G16_s20230112200204_e20230112209512_c20230112211186.nc
2023-01-11T09:05:06,G16,0.0,58,0.0,243,0.0398,1509,ABI-L2-ACMF/2023/011/09/OR_ABI-L2-ACMF-M6_G16_s20230110900206_e20230110909515_c20230110911245.nc
2023-01-12T01:05:05,G16,0.0,58,0.0,243,0.0159,1509,ABI-L2-ACMF/2023/012/01/OR_ABI-L2-ACMF-M6_G16_s20230120100204_e20230120109512_c20230120111227.nc
2023-01-11T23:05:05,G16,0.0,58,0.0,243,0.059,1509,ABI-L2-ACMF/2023/011/23/OR_ABI-L2-ACMF-M6_G16_s20230112300204_e20230112309513_c20230112311211.nc
2023-01-12T02:05:05,G16,0.0,58,0.0,243,0.0225,1509,ABI-L2-ACMF/2023/012/02/OR_ABI-L2-ACMF-M6_G16_s20230120200204_e20230120209512_c20230120211121.nc
2023-01-12T04:05:05,G16,0.0,58,0.0,243,0.0192,1509,ABI-L2-ACMF/2023/012/04/OR_ABI-L2-ACMF-M6_G16_s20230120400204_e20230120409512_c20230120411116.nc
2023-01-12T08:05:06,G16,0.0,58,0.0,243,0.0311,1509,ABI-L2-ACMF/2023/012/08/OR_ABI-L2-ACMF-M6_G16_s20230120800207_e20230120809515_c20230120811136.nc
2023-01-12T06:05:06,G16,0.0,58,0.0,243,0.0239,1509,ABI-L2-ACMF/2023/012/06/OR_ABI-L2-ACMF-M6_G16_s20230120600207_e20230120609515_c20230120611129.nc
2023-01-12T10:05:06,G16,0.0,58,0.0,243,0.0146,1509,ABI-L2-ACMF/2023/012/10/OR_ABI-L2-ACMF-M6_G16_s20230121000207_e20230121009515_c20230121011112.nc
2023-01-12T03:05:05,G16,0.0,58,0.0,243,0.0205,1509,ABI-L2-ACMF/2023/012/03/OR_ABI-L2-ACMF-M6_G16_s20230120300204_e20230120309512_c20230120311068.nc
2023-01-12T07:05:06,G16,0.0,58,0.0,243,0.0258,1509,ABI-L2-ACMF/2023/012/07/OR_ABI-L2-ACMF-M6_G16_s20230120700207_e20230120709515_c20230120711147.nc
2023-01-12T05:05:05,G16,0.0,58,0.0,243,0.0239,1509,ABI-L2-ACMF/2023/012/05/OR_ABI-L2-ACMF-M6_G16_s20230120500204_e20230120509512_c20230120511116.nc
2023-01-12T22:05:05,G16,0.569,58,0.6091,243,0.6673,1509,ABI-L2-ACMF/2023/012/22/OR_ABI-L2-ACMF-M6_G16_s20230122200205_e20230122209513_c20230122211249.nc
2023-01-12T09:05:06,G16,0.0,58,0.0,243,0.0318,1509,ABI-L2-ACMF/2023/012/09/OR_ABI-L2-ACMF-M6_G16_s20230120900207_e20230120909515_c20230120911102.nc
2023-01-12T11:05:06,G16,0.0,58,0.0123,243,0.3154,1509,ABI-L2-ACMF/2023/012/11/OR_ABI-L2-ACMF-M6_G16_s20230121100207_e20230121109515_c20230121111180.nc
2023-01-13T00:05:05,G16,0.2759,58,0.3909,243,0.3976,1509,ABI-L2-ACMF/2023/013/00/OR_ABI-L2-ACMF-M6_G16_s20230130000205_e20230130009513_c20230130011300.nc
2023-01-13T01:05:06,G16,0.0,58,0.0041,243,0.2406,1509,ABI-L2-ACMF/2023/013/01/OR_ABI-L2-ACMF-M6_G16_s20230130100205_e20230130109515_c20230130111180.nc
2023-01-13T02:05:05,G16,0.0,58,0.0,243,0.0437,1509,ABI-L2-ACMF/2023/013/02/OR_ABI-L2-ACMF-M6_G16_s20230130200205_e20230130209513_c20230130211080.nc
2023-01-13T03:05:05,G16,0.0,58,0.0,243,0.0338,1509,ABI-L2-ACMF/2023/013/03/OR_ABI-L2-ACMF-M6_G16_s20230130300205_e20230130309513_c20230130311189.nc
2023-01-13T05:05:05,G16,0.0,58,0.0,243,0.0311,1509,ABI-L2-ACMF/2023/013/05/OR_ABI-L2-ACMF-M6_G16_s20230130500205_e20230130509513_c20230130511226.nc
2023-01-13T07:05:06,G16,0.0,58,0.0,243,0.049,1509,ABI-L2-ACMF/2023/013/07/OR_ABI-L2-ACMF-M6_G16_s20230130700207_e20230130709515_c20230130711214.nc
2023-01-13T04:05:05,G16,0.0,58,0.0,243,0.0311,1509,ABI-L2-ACMF/2023/013/04/OR_ABI-L2-ACMF-M6_G16_s20230130400205_e20230130409513_c20230130411081.nc
2023-01-13T09:05:06,G16,0.0,58,0.0,243,0.0424,1509,ABI-L2-ACMF/2023/013/09/OR_ABI-L2-ACMF-M6_G16_s20230130900207_e20230130909515_c20230130911192.nc
2023-01-13T08:05:06,G16,0.0,58,0.0,243,0.0451,1509,ABI-L2-ACMF/2023/013/08/OR_ABI-L2-ACMF-M6_G16_s20230130800207_e20230130809515_c20230130811148.nc
2023-01-13T10:05:06,G16,0.0,58,0.0,243,0.0252,1509,ABI-L2-ACMF/2023/013/10/OR_ABI-L2-ACMF-M6_G16_s20230131000207_e20230131009515_c20230131011055.nc
2023-01-13T06:05:06,G16,0.0,58,0.0,243,0.0437,1509,ABI-L2-ACMF/2023/013/06/OR_ABI-L2-ACMF-M6_G16_s20230130600207_e20230130609515_c20230130611181.nc
2023-01-13T11:05:06,G16,0.0,58,0.0082,243,0.0789,1509,ABI-L2-ACMF/2023/013/11/OR_ABI-L2-ACMF-M6_G16_s20230131100207_e20230131109515_c20230131111106.nc
2023-01-12T23:05:05,G16,0.8793,58,0.7613,243,0.6276,1509,ABI-L2-ACMF/2023/012/23/OR_ABI-L2-ACMF-M6_G16_s20230122300205_e20230122309513_c20230122311241.nc
2023-01-13T22:05:05,G16,0.0,58,0.0082,243,0.063,1509,ABI-L2-ACMF/2023/013/22/OR_ABI-L2-ACMF-M6_G16_s20230132200205_e20230132209513_c20230132211257.nc
2023-01-14T01:05:05,G16,0.0,58,0.0,243,0.0186,1509,ABI-L2-ACMF/2023/014/01/OR_ABI-L2-ACMF-M6_G16_s20230140100205_e20230140109513_c20230140111151.nc
2023-01-14T05:05:05,G16,0.0,58,0.0,243,0.0199,1509,ABI-L2-ACMF/2023/014/05/OR_ABI-L2-ACMF-M6_G16_s20230140500205_e20230140509513_c20230140511210.nc
2023-01-14T02:05:05,G16,0.0,58,0.0,243,0.0219,1509,ABI-L2-ACMF/2023/014/02/OR_ABI-L2-ACMF-M6_G16_s20230140200205_e20230140209513_c20230140211166.nc
2023-01-14T08:05:06,G16,0.0,58,0.0041,243,0.061,1509,ABI-L2-ACMF/2023/014/08/OR_ABI-L2-ACMF-M6_G16_s20230140800208_e20230140809516_c20230140811028.nc
2023-01-14T09:05:06,G16,0.0,58,0.0,243,0.063,1509,ABI-L2-ACMF/2023/014/09/OR_ABI-L2-ACMF-M6_G16_s20230140900208_e20230140909516_c20230140911226.nc
2023-01-14T03:05:05,G16,0.0,58,0.0,243,0.0192,1509,ABI-L2-ACMF/2023/014/03/OR_ABI-L2-ACMF-M6_G16_s20230140300205_e20230140309513_c20230140311139.nc
2023-01-14T00:05:05,G16,0.0,58,0.0,243,0.0146,1509,ABI-L2-ACMF/2023/014/00/OR_ABI-L2-ACMF-M6_G16_s20230140000205_e20230140009513_c20230140011242.nc
2023-01-14T07:05:06,G16,0.0,58,0.0,243,0.055,1509,ABI-L2-ACMF/2023/014/07/OR_ABI-L2-ACMF-M6_G16_s20230140700208_e20230140709516_c20230140711195.nc
2023-01-14T06:05:06,G16,0.0,58,0.0082,243,0.0457,1509,ABI-L2-ACMF/2023/014/06/OR_ABI-L2-ACMF-M6_G16_s20230140600208_e20230140609516_c20230140611158.nc
2023-01-14T04:05:05,G16,0.0,58,0.0,243,0.0199,1509,ABI-L2-ACMF/2023/014/04/OR_ABI-L2-ACMF-M6_G16_s20230140400205_e20230140409513_c20230140411185.nc
2023-01-13T23:05:05,G16,0.0,58,0.0,243,0.0391,1509,ABI-L2-ACMF/2023/013/23/OR_ABI-L2-ACMF-M6_G16_s20230132300205_e20230132309513_c20230132311109.nc
2023-01-14T10:05:06,G16,0.0,58,0.0247,243,0.0649,1509,ABI-L2-ACMF/2023/014/10/OR_ABI-L2-ACMF-M6_G16_s20230141000208_e20230141009516_c20230141011103.nc
2023-01-14T11:05:06,G16,0.0,58,0.0617,243,0.1763,1509,ABI-L2-ACMF/2023/014/11/OR_ABI-L2-ACMF-M6_G16_s20230141100208_e20230141109516_c20230141111121.nc
2023-01-15T01:05:06,G16,0.0,58,0.0,243,0.0186,1509,ABI-L2-ACMF/2023/015/01/OR_ABI-L2-ACMF-M6_G16_s20230150100206_e20230150109514_c20230150111053.nc
2023-01-14T22:05:06,G16,0.0,58,0.0,243,0.0663,1509,ABI-L2-ACMF/2023/014/22/OR_ABI-L2-ACMF-M6_G16_s20230142200206_e20230142209514_c20230142211208.nc
2023-01-14T23:05:06,G16,0.0,58,0.0,243,0.057,1509,ABI-L2-ACMF/2023/014/23/OR_ABI-L2-ACMF-M6_G16_s20230142300206_e20230142309514_c20230142311185.nc
2023-01-15T00:05:06,G16,0.0,58,0.0,243,0.0166,1509,ABI-L2-ACMF/2023/015/00/OR_ABI-L2-ACMF-M6_G16_s20230150000206_e20230150009514_c20230150011118.nc
2023-01-15T04:05:06,G16,0.0,58,0.0,243,0.0265,1509,ABI-L2-ACMF/2023/015/04/OR_ABI-L2-ACMF-M6_G16_s20230150400206_e20230150409514_c20230150411093.nc
2023-01-15T03:05:06,G16,0.0,58,0.0,243,0.0239,1509,ABI-L2-ACMF/2023/015/03/OR_ABI-L2-ACMF-M6_G16_s20230150300206_e20230150309514_c20230150311131.nc
2023-01-15T02:05:06,G16,0.0,58,0.0,243,0.0212,1509,ABI-L2-ACMF/2023/015/02/OR_ABI-L2-ACMF-M6_G16_s20230150200206_e20230150209514_c20230150211125.nc
2023-01-15T06:05:06,G16,0.0,58,0.0,243,0.0225,1509,ABI-L2-ACMF/2023/015/06/OR_ABI-L2-ACMF-M6_G16_s20230150600208_e20230150609516_c20230150611121.nc
2023-01-15T05:05:06,G16,0.0,58,0.0,243,0.0225,1509,ABI-L2-ACMF/2023/015/05/OR_ABI-L2-ACMF-M6_G16_s20230150500206_e20230150509514_c20230150511152.nc
2023-01-15T07:05:06,G16,0.0,58,0.0,243,0.0265,1509,ABI-L2-ACMF/2023/015/07/OR_ABI-L2-ACMF-M6_G16_s20230150700208_e20230150709518_c20230150711116.nc
2023-01-15T08:05:06,G16,0.0,58,0.0,243,0.0292,1509,ABI-L2-ACMF/2023/015/08/OR_ABI-L2-ACMF-M6_G16_s20230150800208_e20230150809516_c20230150811174.nc
2023-01-15T09:05:06,G16,0.0,58,0.0,243,0.0239,1509,ABI-L2-ACMF/2023/015/09/OR_ABI-L2-ACMF-M6_G16_s20230150900208_e20230150909516_c20230150911114.nc
2023-01-15T11:05:06,G16,0.0,58,0.0041,243,0.0338,1509,ABI-L2-ACMF/2023/015/11/OR_ABI-L2-ACMF-M6_G16_s20230151100208_e20230151109516_c20230151111214.nc
2023-01-15T22:05:06,G16,0.0,58,0.0,243,0.0543,1509,ABI-L2-ACMF/2023/015/22/OR_ABI-L2-ACMF-M6_G16_s20230152200206_e20230152209514_c20230152211205.nc
2023-01-15T23:05:06,G16,0.0,58,0.0,243,0.0351,1509,ABI-L2-ACMF/2023/015/23/OR_ABI-L2-ACMF-M6_G16_s20230152300206_e20230152309514_c20230152311181.nc
2023-01-16T00:05:06,G16,0.0,58,0.0,243,0.0113,1509,ABI-L2-ACMF/2023/016/00/OR_ABI-L2-ACMF-M6_G16_s20230160000206_e20230160009514_c20230160011164.nc
2023-01-16T02:05:06,G16,0.0,58,0.0,243,0.0292,1509,ABI-L2-ACMF/2023/016/02/OR_ABI-L2-ACMF-M6_G16_s20230160200206_e20230160209514_c20230160211070.nc
2023-01-16T01:05:06,G16,0.0,58,0.0,243,0.0179,1509,ABI-L2-ACMF/2023/016/01/OR_ABI-L2-ACMF-M6_G16_s20230160100206_e20230160109517_c20230160111079.nc
2023-01-16T04:05:06,G16,0.0,58,0.0,243,0.0318,1509,ABI-L2-ACMF/2023/016/04/OR_ABI-L2-ACMF-M6_G16_s20230160400206_e20230160409514_c20230160411093.nc
2023-01-15T10:05:06,G16,0.0,58,0.0,243,0.0113,1509,ABI-L2-ACMF/2023/015/10/OR_ABI-L2-ACMF-M6_G16_s20230151000208_e20230151009516_c20230151011073.nc
2023-01-16T03:05:06,G16,0.0,58,0.0,243,0.0285,1509,ABI-L2-ACMF/2023/016/03/OR_ABI-L2-ACMF-M6_G16_s20230160300206_e20230160309514_c20230160311156.nc
2023-01-16T05:05:06,G16,0.0,58,0.0,243,0.0318,1509,ABI-L2-ACMF/2023/016/05/OR_ABI-L2-ACMF-M6_G16_s20230160500206_e20230160509514_c20230160511184.nc
2023-01-16T06:05:06,G16,0.0,58,0.0,243,0.0537,1509,ABI-L2-ACMF/2023/016/06/OR_ABI-L2-ACMF-M6_G16_s20230160600209_e20230160609517_c20230160611174.nc
2023-01-16T08:05:06,G16,0.0,58,0.0,243,0.061,1509,ABI-L2-ACMF/2023/016/08/OR_ABI-L2-ACMF-M6_G16_s20230160800209_e20230160809517_c20230160811179.nc
2023-01-16T07:05:06,G16,0.0,58,0.0,243,0.061,1509,ABI-L2-ACMF/2023/016/07/OR_ABI-L2-ACMF-M6_G16_s20230160700209_e20230160709517_c20230160711140.nc
2023-01-16T09:05:06,G16,0.0,58,0.0,243,0.0596,1509,ABI-L2-ACMF/2023/016/09/OR_ABI-L2-ACMF-M6_G16_s20230160900209_e20230160909517_c20230160911060.nc
2023-01-16T11:05:06,G16,0.0,58,0.0535,243,0.1902,1509,ABI-L2-ACMF/2023/016/11/OR_ABI-L2-ACMF-M6_G16_s20230161100209_e20230161109517_c20230161111194.nc
2023-01-16T22:05:06,G16,0.0,58,0.0,243,0.0636,1509,ABI-L2-ACMF/2023/016/22/OR_ABI-L2-ACMF-M6_G16_s20230162200207_e20230162209515_c20230162211245.nc
2023-01-16T10:05:06,G16,0.0,58,0.0123,243,0.0709,1509,ABI-L2-ACMF/2023/016/10/OR_ABI-L2-ACMF-M6_G16_s20230161000209_e20230161009517_c20230161011202.nc
2023-01-16T23:05:06,G16,0.0,58,0.0,243,0.0285,1509,ABI-L2-ACMF/2023/016/23/OR_ABI-L2-ACMF-M6_G16_s20230162300207_e20230162309515_c20230162311258.nc
2023-01-17T01:05:06,G16,0.0,58,0.0,243,0.008,1509,ABI-L2-ACMF/2023/017/01/OR_ABI-L2-ACMF-M6_G16_s20230170100207_e20230170109515_c20230170111198.nc
2023-01-17T00:05:06,G16,0.0,58,0.0,243,0.0033,1509,ABI-L2-ACMF/2023/017/00/OR_ABI-L2-ACMF-M6_G16_s20230170000207_e20230170009515_c20230170011156.nc
2023-01-17T02:05:06,G16,0.0,58,0.0,243,0.0126,1509,ABI-L2-ACMF/2023/017/02/OR_ABI-L2-ACMF-M6_G16_s20230170200207_e20230170209515_c20230170211106.nc
2023-01-17T03:05:06,G16,0.0,58,0.0,243,0.0172,1509,ABI-L2-ACMF/2023/017/03/OR_ABI-L2-ACMF-M6_G16_s20230170300207_e20230170309515_c20230170311046.nc
2023-01-17T05:05:06,G16,0.0,58,0.0,243,0.0099,1509,ABI-L2-ACMF/2023/017/05/OR_ABI-L2-ACMF-M6_G16_s20230170500207_e20230170509515_c20230170511099.nc
2023-01-17T23:05:06,G16,0.0,58,0.0,243,0.0219,1509,ABI-L2-ACMF/2023/017/23/OR_ABI-L2-ACMF-M6_G16_s20230172300207_e20230172309515_c20230172311232.nc
2023-01-17T22:05:06,G16,0.0,58,0.0,243,0.0417,1509,ABI-L2-ACMF/2023/017/22/OR_ABI-L2-ACMF-M6_G16_s20230172200207_e20230172209515_c20230172211136.nc
2023-01-17T08:05:06,G16,0.7586,58,0.716,243,0.5467,1509,ABI-L2-ACMF/2023/017/08/OR_ABI-L2-ACMF-M6_G16_s20230170800209_e20230170809517_c20230170811159.nc
2023-01-17T09:05:06,G16,0.9828,58,0.9712,243,0.827,1509,ABI-L2-ACMF/2023/017/09/OR_ABI-L2-ACMF-M6_G16_s20230170900209_e20230170909517_c20230170911196.nc
2023-01-18T00:05:06,G16,0.0,58,0.0,243,0.0013,1509,ABI-L2-ACMF/2023/018/00/OR_ABI-L2-ACMF-M6_G16_s20230180000207_e20230180009515_c20230180011133.nc
2023-01-17T07:05:06,G16,0.0,58,0.0,243,0.0305,1509,ABI-L2-ACMF/2023/017/07/OR_ABI-L2-ACMF-M6_G16_s20230170700209_e20230170709518_c20230170711226.nc
2023-01-18T01:05:06,G16,0.0,58,0.0,243,0.0073,1509,ABI-L2-ACMF/2023/018/01/OR_ABI-L2-ACMF-M6_G16_s20230180100207_e20230180109515_c20230180111121.nc
2023-01-17T06:05:06,G16,0.0,58,0.0,243,0.0239,1509,ABI-L2-ACMF/2023/017/06/OR_ABI-L2-ACMF-M6_G16_s20230170600209_e20230170609517_c20230170611061.nc
2023-01-17T10:05:06,G16,0.8793,58,0.8807,243,0.9079,1509,ABI-L2-ACMF/2023/017/10/OR_ABI-L2-ACMF-M6_G16_s20230171000209_e20230171009517_c20230171011187.nc
2023-01-17T11:05:06,G16,0.0,58,0.0082,243,0.0981,1509,ABI-L2-ACMF/2023/017/11/OR_ABI-L2-ACMF-M6_G16_s20230171100209_e20230171109517_c20230171111163.nc
2023-01-17T04:05:06,G16,0.0,58,0.0,243,0.0146,1509,ABI-L2-ACMF/2023/017/04/OR_ABI-L2-ACMF-M6_G16_s20230170400207_e20230170409515_c20230170411226.nc
2023-01-18T02:05:06,G16,0.0,58,0.0,243,0.0093,1509,ABI-L2-ACMF/2023/018/02/OR_ABI-L2-ACMF-M6_G16_s20230180200207_e20230180209515_c20230180211053.nc
2023-01-18T03:05:06,G16,0.0,58,0.0,243,0.0119,1509,ABI-L2-ACMF/2023/018/03/OR_ABI-L2-ACMF-M6_G16_s20230180300207_e20230180309515_c20230180311129.nc
2023-01-18T08:05:06,G16,0.0,58,0.0,243,0.0205,1509,ABI-L2-ACMF/2023/018/08/OR_ABI-L2-ACMF-M6_G16_s20230180800210_e20230180809518_c20230180811101.nc
2023-01-18T05:05:06,G16,0.0,58,0.0,243,0.0119,1509,ABI-L2-ACMF/2023/018/05/OR_ABI-L2-ACMF-M6_G16_s20230180500207_e20230180509515_c20230180511145.nc
2023-01-18T06:05:06,G16,0.0,58,0.0,243,0.0239,1509,ABI-L2-ACMF/2023/018/06/OR_ABI-L2-ACMF-M6_G16_s20230180600210_e20230180609518_c20230180611077.nc
2023-01-18T09:05:06,G16,0.0,58,0.0,243,0.0219,1509,ABI-L2-ACMF/2023/018/09/OR_ABI-L2-ACMF-M6_G16_s20230180900210_e20230180909518_c20230180911139.nc
2023-01-18T04:05:06,G16,0.0,58,0.0,243,0.0239,1509,ABI-L2-ACMF/2023/018/04/OR_ABI-L2-ACMF-M6_G16_s20230180400207_e20230180409515_c20230180411101.nc
2023-01-18T22:05:06,G16,0.0,58,0.0,243,0.0272,1509,ABI-L2-ACMF/2023/018/22/OR_ABI-L2-ACMF-M6_G16_s20230182200208_e20230182209517_c20230182211128.nc
2023-01-18T11:05:06,G16,0.0,58,0.0,243,0.0139,1509,ABI-L2-ACMF/2023/018/11/OR_ABI-L2-ACMF-M6_G16_s20230181100210_e20230181109518_c20230181111111.nc
2023-01-18T07:05:06,G16,0.0,58,0.0,243,0.0245,1509,ABI-L2-ACMF/2023/018/07/OR_ABI-L2-ACMF-M6_G16_s20230180700210_e20230180709518_c20230180711154.nc
2023-01-18T10:05:06,G16,0.0,58,0.0,243,0.0563,1509,ABI-L2-ACMF/2023/018/10/OR_ABI-L2-ACMF-M6_G16_s20230181000210_e20230181009518_c20230181011099.nc
2023-01-18T23:05:06,G16,0.0,58,0.0,243,0.0159,1509,ABI-L2-ACMF/2023/018/23/OR_ABI-L2-ACMF-M6_G16_s20230182300208_e20230182309516_c20230182311157.nc
2023-01-19T00:05:06,G16,0.0,58,0.0,243,0.0033,1509,ABI-L2-ACMF/2023/019/00/OR_ABI-L2-ACMF-M6_G16_s20230190000208_e20230190009516_c20230190011245.nc
2023-01-19T02:05:06,G16,0.0,58,0.0,243,0.0106,1509,ABI-L2-ACMF/2023/019/02/OR_ABI-L2-ACMF-M6_G16_s20230190200208_e20230190209520_c20230190211096.nc
2023-01-19T06:05:06,G16,0.0,58,0.0,243,0.0338,1509,ABI-L2-ACMF/2023/019/06/OR_ABI-L2-ACMF-M6_G16_s20230190600210_e20230190609518_c20230190611136.nc
2023-01-19T04:05:06,G16,0.0,58,0.0,243,0.0239,1509,ABI-L2-ACMF/2023/019/04/OR_ABI-L2-ACMF-M6_G16_s20230190400208_e20230190409516_c20230190411106.nc
2023-01-19T01:05:06,G16,0.0,58,0.0,243,0.0073,1509,ABI-L2-ACMF/2023/019/01/OR_ABI-L2-ACMF-M6_G16_s20230190100208_e20230190109516_c20230190111040.nc
2023-01-19T09:05:06,G16,0.0,58,0.0,243,0.0331,1509,ABI-L2-ACMF/2023/019/09/OR_ABI-L2-ACMF-M6_G16_s20230190900210_e20230190909518_c20230190911141.nc
2023-01-19T03:05:06,G16,0.0,58,0.0,243,0.0093,1509,ABI-L2-ACMF/2023/019/03/OR_ABI-L2-ACMF-M6_G16_s20230190300208_e20230190309516_c20230190311132.nc
2023-01-19T07:05:06,G16,0.0,58,0.0,243,0.0378,1509,ABI-L2-ACMF/2023/019/07/OR_ABI-L2-ACMF-M6_G16_s20230190700210_e20230190709518_c20230190711093.nc
2023-01-19T08:05:06,G16,0.0,58,0.0,243,0.0371,1509,ABI-L2-ACMF/2023/019/08/OR_ABI-L2-ACMF-M6_G16_s20230190800210_e20230190809518_c20230190811109.nc
2023-01-19T10:05:06,G16,0.0,58,0.0206,243,0.1021,1509,ABI-L2-ACMF/2023/019/10/OR_ABI-L2-ACMF-M6_G16_s20230191000210_e20230191009518_c20230191011217.nc
2023-01-19T05:05:06,G16,0.0,58,0.0,243,0.0265,1509,ABI-L2-ACMF/2023/019/05/OR_ABI-L2-ACMF-M6_G16_s20230190500208_e20230190509516_c20230190511205.nc
2023-01-19T11:05:06,G16,0.0172,58,0.0864,243,0.1286,1509,ABI-L2-ACMF/2023/019/11/OR_ABI-L2-ACMF-M6_G16_s20230191100210_e20230191109518_c20230191111198.nc
2023-01-20T01:05:06,G16,0.0,58,0.0,243,0.0046,1509,ABI-L2-ACMF/2023/020/01/OR_ABI-L2-ACMF-M6_G16_s20230200100208_e20230200109516_c20230200111097.nc
2023-01-19T22:05:06,G16,0.0,58,0.0,243,0.0119,1509,ABI-L2-ACMF/2023/019/22/OR_ABI-L2-ACMF-M6_G16_s20230192200208_e20230192209517_c20230192211078.nc
2023-01-20T00:05:06,G16,0.0,58,0.0,243,0.0,1509,ABI-L2-ACMF/2023/020/00/OR_ABI-L2-ACMF-M6_G16_s20230200000208_e20230200009516_c20230200011219.nc
2023-01-20T04:05:06,G16,0.0,58,0.0,243,0.0099,1509,ABI-L2-ACMF/2023/020/04/OR_ABI-L2-ACMF-M6_G16_s20230200400208_e20230200409516_c20230200411066.nc
2023-01-20T07:05:06,G16,0.0,58,0.0,243,0.0172,1509,ABI-L2-ACMF/2023/020/07/OR_ABI-L2-ACMF-M6_G16_s20230200700211_e20230200709519_c20230200711139.nc
2023-01-19T23:05:06,G16,0.0,58,0.0,243,0.006,1509,ABI-L2-ACMF/2023/019/23/OR_ABI-L2-ACMF-M6_G16_s20230192300208_e20230192309516_c20230192311220.nc
2023-01-20T03:05:06,G16,0.0,58,0.0,243,0.0053,1509,ABI-L2-ACMF/2023/020/03/OR_ABI-L2-ACMF-M6_G16_s20230200300208_e20230200309516_c20230200311208.nc
2023-01-20T02:05:06,G16,0.0,58,0.0,243,0.008,1509,ABI-L2-ACMF/2023/020/02/OR_ABI-L2-ACMF-M6_G16_s20230200200208_e20230200209516_c20230200211212.nc
2023-01-20T05:05:06,G16,0.0,58,0.0,243,0.0053,1509,ABI-L2-ACMF/2023/020/05/OR_ABI-L2-ACMF-M6_G16_s20230200500208_e20230200509516_c20230200511155.nc
2023-01-20T09:05:06,G16,0.0,58,0.0,243,0.0278,1509,ABI-L2-ACMF/2023/020/09/OR_ABI-L2-ACMF-M6_G16_s20230200900211_e20230200909519_c20230200911228.nc
2023-01-20T06:05:06,G16,0.0,58,0.0,243,0.0106,1509,ABI-L2-ACMF/2023/020/06/OR_ABI-L2-ACMF-M6_G16_s20230200600211_e20230200609519_c20230200611119.nc
2023-01-20T08:05:06,G16,0.0,58,0.0,243,0.0225,1509,ABI-L2-ACMF/2023/020/08/OR_ABI-L2-ACMF-M6_G16_s20230200800211_e20230200809519_c20230200811185.nc
2023-01-21T07:05:06,G16,0.0,58,0.0,243,0.0099,1509,ABI-L2-ACMF/2023/021/07/OR_ABI-L2-ACMF-M6_G16_s20230210700211_e20230210709519_c20230210711193.nc
2023-01-21T01:05:06,G16,0.0,58,0.0,243,0.002,1509,ABI-L2-ACMF/2023/021/01/OR_ABI-L2-ACMF-M6_G16_s20230210100209_e20230210109517_c20230210111065.nc
2023-01-21T00:05:06,G16,0.0,58,0.0,243,0.0,1509,ABI-L2-ACMF/2023/021/00/OR_ABI-L2-ACMF-M6_G16_s20230210000209_e20230210009517_c20230210011201.nc
2023-01-21T04:05:06,G16,0.0,58,0.0,243,0.008,1509,ABI-L2-ACMF/2023/021/04/OR_ABI-L2-ACMF-M6_G16_s20230210400209_e20230210409517_c20230210411224.nc
2023-01-20T11:05:06,G16,0.0,58,0.0,243,0.0027,1509,ABI-L2-ACMF/2023/020/11/OR_ABI-L2-ACMF-M6_G16_s20230201100211_e20230201109519_c20230201111242.nc
2023-01-21T05:05:06,G16,0.0,58,0.0,243,0.0053,1509,ABI-L2-ACMF/2023/021/05/OR_ABI-L2-ACMF-M6_G16_s20230210500209_e20230210509517_c20230210511170.nc
2023-01-20T23:05:06,G16,0.0,58,0.0,243,0.0073,1509,ABI-L2-ACMF/2023/020/23/OR_ABI-L2-ACMF-M6_G16_s20230202300209_e20230202309517_c20230202311176.nc
2023-01-20T22:05:06,G16,0.0,58,0.0,243,0.0219,1509,ABI-L2-ACMF/2023/020/22/OR_ABI-L2-ACMF-M6_G16_s20230202200209_e20230202209517_c20230202211080.nc
2023-01-21T03:05:06,G16,0.0,58,0.0,243,0.0027,1509,ABI-L2-ACMF/2023/021/03/OR_ABI-L2-ACMF-M6_G16_s20230210300209_e20230210309517_c20230210311193.nc
2023-01-21T02:05:06,G16,0.0,58,0.0,243,0.0027,1509,ABI-L2-ACMF/2023/021/02/OR_ABI-L2-ACMF-M6_G16_s20230210200209_e20230210209517_c20230210211144.nc
2023-01-20T10:05:06,G16,0.0,58,0.0,243,0.0371,1509,ABI-L2-ACMF/2023/020/10/OR_ABI-L2-ACMF-M6_G16_s20230201000211_e20230201009519_c20230201011115.nc
2023-01-21T06:05:06,G16,0.0,58,0.0,243,0.0086,1509,ABI-L2-ACMF/2023/021/06/OR_ABI-L2-ACMF-M6_G16_s20230210600211_e20230210609519_c20230210611039.nc
2023-01-21T09:05:06,G16,0.0,58,0.0,243,0.0066,1509,ABI-L2-ACMF/2023/021/09/OR_ABI-L2-ACMF-M6_G16_s20230210900211_e20230210909519_c20230210911225.nc
2023-01-21T10:05:06,G16,0.0,58,0.0,243,0.0411,1509,ABI-L2-ACMF/2023/021/10/OR_ABI-L2-ACMF-M6_G16_s20230211000211_e20230211009519_c20230211011252.nc
2023-01-21T08:05:06,G16,0.0,58,0.0,243,0.0066,1509,ABI-L2-ACMF/2023/021/08/OR_ABI-L2-ACMF-M6_G16_s20230210800211_e20230210809519_c20230210811178.nc
2023-01-22T02:05:05,G16,0.0,58,0.0,243,0.0152,1509,ABI-L2-ACMF/2023/022/02/OR_ABI-L2-ACMF-M6_G16_s20230220200202_e20230220209510_c20230220211153.nc
2023-01-21T23:05:05,G16,0.0,58,0.0,243,0.0139,1509,ABI-L2-ACMF/2023/021/23/OR_ABI-L2-ACMF-M6_G16_s20230212300202_e20230212309510_c20230212311104.nc
2023-01-22T00:05:05,G16,0.0,58,0.0,243,0.002,1509,ABI-L2-ACMF/2023/022/00/OR_ABI-L2-ACMF-M6_G16_s20230220000202_e20230220009510_c20230220011134.nc
2023-01-21T22:05:05,G16,0.0,58,0.0,243,0.0444,1509,ABI-L2-ACMF/2023/021/22/OR_ABI-L2-ACMF-M6_G16_s20230212200202_e20230212209510_c20230212211078.nc
2023-01-21T11:05:06,G16,0.0,58,0.0,243,0.0199,1509,ABI-L2-ACMF/2023/021/11/OR_ABI-L2-ACMF-M6_G16_s20230211100211_e20230211109519_c20230211111093.nc
2023-01-22T04:05:05,G16,0.0,58,0.0,243,0.0212,1509,ABI-L2-ACMF/2023/022/04/OR_ABI-L2-ACMF-M6_G16_s20230220400202_e20230220409510_c20230220411151.nc
2023-01-22T01:05:05,G16,0.0,58,0.0,243,0.0139,1509,ABI-L2-ACMF/2023/022/01/OR_ABI-L2-ACMF-M6_G16_s20230220100202_e20230220109514_c20230220111164.nc
2023-01-22T03:05:05,G16,0.0,58,0.0,243,0.0159,1509,ABI-L2-ACMF/2023/022/03/OR_ABI-L2-ACMF-M6_G16_s20230220300202_e20230220309510_c20230220311142.nc
2023-01-22T05:05:05,G16,0.0,58,0.0,243,0.0133,1509,ABI-L2-ACMF/2023/022/05/OR_ABI-L2-ACMF-M6_G16_s20230220500202_e20230220509510_c20230220511059.nc
2023-01-22T06:05:05,G16,0.0,58,0.0,243,0.0133,1509,ABI-L2-ACMF/2023/022/06/OR_ABI-L2-ACMF-M6_G16_s20230220600205_e20230220609513_c20230220611113.nc
2023-01-22T07:05:05,G16,0.0,58,0.0,243,0.0205,1509,ABI-L2-ACMF/2023/022/07/OR_ABI-L2-ACMF-M6_G16_s20230220700205_e20230220709513_c20230220711197.nc
2023-01-22T09:05:05,G16,0.0,58,0.0,243,0.0179,1509,ABI-L2-ACMF/2023/022/09/OR_ABI-L2-ACMF-M6_G16_s20230220900205_e20230220909513_c20230220911214.nc
2023-01-22T11:05:05,G16,0.0,58,0.0,243,0.0464,1509,ABI-L2-ACMF/2023/022/11/OR_ABI-L2-ACMF-M6_G16_s20230221100205_e20230221109513_c20230221111147.nc
2023-01-22T22:05:05,G16,0.0,58,0.0,243,0.0179,1509,ABI-L2-ACMF/2023/022/22/OR_ABI-L2-ACMF-M6_G16_s20230222200203_e20230222209511_c20230222211178.nc
2023-01-22T10:05:05,G16,0.0,58,0.0,243,0.0954,1509,ABI-L2-ACMF/2023/022/10/OR_ABI-L2-ACMF-M6_G16_s20230221000205_e20230221009513_c20230221011131.nc
2023-01-23T00:05:05,G16,0.0,58,0.0,243,0.0007,1509,ABI-L2-ACMF/2023/023/00/OR_ABI-L2-ACMF-M6_G16_s20230230000203_e20230230009511_c20230230011099.nc
2023-01-22T08:05:05,G16,0.0,58,0.0,243,0.0133,1509,ABI-L2-ACMF/2023/022/08/OR_ABI-L2-ACMF-M6_G16_s20230220800205_e20230220809513_c20230220811192.nc
2023-01-22T23:05:05,G16,0.0,58,0.0,243,0.0086,1509,ABI-L2-ACMF/2023/022/23/OR_ABI-L2-ACMF-M6_G16_s20230222300203_e20230222309511_c20230222311077.nc
2023-01-23T01:05:05,G16,0.0,58,0.0,243,0.002,1509,ABI-L2-ACMF/2023/023/01/OR_ABI-L2-ACMF-M6_G16_s20230230100203_e20230230109511_c20230230111246.nc
2023-01-23T02:05:05,G16,0.0,58,0.0,243,0.0046,1509,ABI-L2-ACMF/2023/023/02/OR_ABI-L2-ACMF-M6_G16_s20230230200203_e20230230209511_c20230230211059.nc
2023-01-23T03:05:05,G16,0.0,58,0.0,243,0.0066,1509,ABI-L2-ACMF/2023/023/03/OR_ABI-L2-ACMF-M6_G16_s20230230300203_e20230230309511_c20230230311164.nc
2023-01-23T04:05:05,G16,0.0,58,0.0,243,0.0126,1509,ABI-L2-ACMF/2023/023/04/OR_ABI-L2-ACMF-M6_G16_s20230230400203_e20230230409511_c20230230411191.nc
2023-01-23T06:05:05,G16,0.0,58,0.0,243,0.0146,1509,ABI-L2-ACMF/2023/023/06/OR_ABI-L2-ACMF-M6_G16_s20230230600205_e20230230609513_c20230230611173.nc
2023-01-23T05:05:05,G16,0.0,58,0.0,243,0.0106,1509,ABI-L2-ACMF/2023/023/05/OR_ABI-L2-ACMF-M6_G16_s20230230500203_e20230230509511_c20230230511021.nc
2023-01-23T09:05:05,G16,0.0,58,0.0,243,0.0113,1509,ABI-L2-ACMF/2023/023/09/OR_ABI-L2-ACMF-M6_G16_s20230230900205_e20230230909513_c20230230911051.nc
2023-01-23T07:05:05,G16,0.0,58,0.0,243,0.0172,1509,ABI-L2-ACMF/2023/023/07/OR_ABI-L2-ACMF-M6_G16_s20230230700205_e20230230709513_c20230230711143.nc
2023-01-23T08:05:05,G16,0.0,58,0.0,243,0.0126,1509,ABI-L2-ACMF/2023/023/08/OR_ABI-L2-ACMF-M6_G16_s20230230800205_e20230230809513_c20230230811194.nc
2023-01-24T00:05:05,G16,0.0,58,0.0,243,0.0007,1509,ABI-L2-ACMF/2023/024/00/OR_ABI-L2-ACMF-M6_G16_s20230240000203_e20230240009511_c20230240011092.nc
2023-01-23T10:05:05,G16,0.0,58,0.0,243,0.0676,1509,ABI-L2-ACMF/2023/023/10/OR_ABI-L2-ACMF-M6_G16_s20230231000205_e20230231009514_c20230231011051.nc
2023-01-23T22:05:05,G16,0.0,58,0.0041,243,0.0557,1509,ABI-L2-ACMF/2023/023/22/OR_ABI-L2-ACMF-M6_G16_s20230232200203_e20230232209511_c20230232211043.nc
2023-01-23T23:05:05,G16,0.0,58,0.0,243,0.0245,1509,ABI-L2-ACMF/2023/023/23/OR_ABI-L2-ACMF-M6_G16_s20230232300203_e20230232309511_c20230232311008.nc
2023-01-23T11:05:05,G16,0.0,58,0.0,243,0.0146,1509,ABI-L2-ACMF/2023/023/11/OR_ABI-L2-ACMF-M6_G16_s20230231100205_e20230231109513_c20230231111161.nc
2023-01-24T01:05:05,G16,0.0,58,0.0,243,0.0086,1509,ABI-L2-ACMF/2023/024/01/OR_ABI-L2-ACMF-M6_G16_s20230240100203_e20230240109511_c20230240111150.nc
2023-01-24T10:05:06,G16,0.0,58,0.0,243,0.0881,1509,ABI-L2-ACMF/2023/024/10/OR_ABI-L2-ACMF-M6_G16_s20230241000206_e20230241009514_c20230241011115.nc
2023-01-24T06:05:06,G16,0.0,58,0.0,243,0.0265,1509,ABI-L2-ACMF/2023/024/06/OR_ABI-L2-ACMF-M6_G16_s20230240600206_e20230240609514_c20230240611158.nc
2023-01-24T04:05:05,G16,0.0,58,0.0,243,0.0212,1509,ABI-L2-ACMF/2023/024/04/OR_ABI-L2-ACMF-M6_G16_s20230240400203_e20230240409511_c20230240411122.nc
2023-01-24T09:05:06,G16,0.0,58,0.0,243,0.0292,1509,ABI-L2-ACMF/2023/024/09/OR_ABI-L2-ACMF-M6_G16_s20230240900206_e20230240909514_c20230240911088.nc
2023-01-24T22:05:05,G16,0.0,58,0.0,243,0.0603,1509,ABI-L2-ACMF/2023/024/22/OR_ABI-L2-ACMF-M6_G16_s20230242200204_e20230242209512_c20230242211192.nc
2023-01-24T07:05:06,G16,0.0,58,0.0,243,0.0252,1509,ABI-L2-ACMF/2023/024/07/OR_ABI-L2-ACMF-M6_G16_s20230240700206_e20230240709514_c20230240711154.nc
2023-01-24T05:05:05,G16,0.0,58,0.0,243,0.0113,1509,ABI-L2-ACMF/2023/024/05/OR_ABI-L2-ACMF-M6_G16_s20230240500203_e20230240509512_c20230240511188.nc
2023-01-24T11:05:06,G16,0.0,58,0.0,243,0.0358,1509,ABI-L2-ACMF/2023/024/11/OR_ABI-L2-ACMF-M6_G16_s20230241100206_e20230241109514_c20230241111156.nc
2023-01-24T03:05:05,G16,0.0,58,0.0,243,0.0186,1509,ABI-L2-ACMF/2023/024/03/OR_ABI-L2-ACMF-M6_G16_s20230240300203_e20230240309511_c20230240311185.nc
2023-01-24T23:05:05,G16,0.0,58,0.0,243,0.0431,1509,ABI-L2-ACMF/2023/024/23/OR_ABI-L2-ACMF-M6_G16_s20230242300204_e20230242309512_c20230242311063.nc
2023-01-24T02:05:05,G16,0.0,58,0.0,243,0.0126,1509,ABI-L2-ACMF/2023/024/02/OR_ABI-L2-ACMF-M6_G16_s20230240200203_e20230240209511_c20230240211023.nc
2023-01-24T08:05:06,G16,0.0,58,0.0,243,0.0338,1509,ABI-L2-ACMF/2023/024/08/OR_ABI-L2-ACMF-M6_G16_s20230240800206_e20230240809514_c20230240811074.nc
2023-01-25T01:05:05,G16,0.0,58,0.0,243,0.006,1509,ABI-L2-ACMF/2023/025/01/OR_ABI-L2-ACMF-M6_G16_s20230250100204_e20230250109512_c20230250111161.nc
2023-01-25T00:05:05,G16,0.0,58,0.0,243,0.006,1509,ABI-L2-ACMF/2023/025/00/OR_ABI-L2-ACMF-M6_G16_s20230250000204_e20230250009512_c20230250011076.nc
2023-01-25T02:05:05,G16,0.0,58,0.0,243,0.0093,1509,ABI-L2-ACMF/2023/025/02/OR_ABI-L2-ACMF-M6_G16_s20230250200204_e20230250209512_c20230250211122.nc
2023-01-25T06:05:06,G16,0.0,58,0.0,243,0.0099,1509,ABI-L2-ACMF/2023/025/06/OR_ABI-L2-ACMF-M6_G16_s20230250600206_e20230250609514_c20230250611108.nc
2023-01-25T03:05:05,G16,0.0,58,0.0,243,0.0232,1509,ABI-L2-ACMF/2023/025/03/OR_ABI-L2-ACMF-M6_G16_s20230250300204_e20230250309512_c20230250311085.nc
2023-01-25T04:05:05,G16,0.0,58,0.0,243,0.006,1509,ABI-L2-ACMF/2023/025/04/OR_ABI-L2-ACMF-M6_G16_s20230250400204_e20230250409512_c20230250411061.nc
2023-01-25T05:05:05,G16,0.0,58,0.0,243,0.0053,1509,ABI-L2-ACMF/2023/025/05/OR_ABI-L2-ACMF-M6_G16_s20230250500204_e20230250509513_c20230250511088.nc
2023-01-25T10:05:06,G16,0.0,58,0.0,243,0.0649,1509,ABI-L2-ACMF/2023/025/10/OR_ABI-L2-ACMF-M6_G16_s20230251000206_e20230251009514_c20230251011099.nc
2023-01-25T11:05:06,G16,0.0,58,0.0,243,0.0205,1509,ABI-L2-ACMF/2023/025/11/OR_ABI-L2-ACMF-M6_G16_s20230251100206_e20230251109517_c20230251111150.nc
2023-01-25T08:05:06,G16,0.0,58,0.0,243,0.0205,1509,ABI-L2-ACMF/2023/025/08/OR_ABI-L2-ACMF-M6_G16_s20230250800206_e20230250809514_c20230250811183.nc
2023-01-25T07:05:06,G16,0.0,58,0.0,243,0.0166,1509,ABI-L2-ACMF/2023/025/07/OR_ABI-L2-ACMF-M6_G16_s20230250700206_e20230250709518_c20230250711065.nc
2023-01-25T09:05:06,G16,0.0,58,0.0,243,0.0199,1509,ABI-L2-ACMF/2023/025/09/OR_ABI-L2-ACMF-M6_G16_s20230250900206_e20230250909514_c20230250911188.nc
2023-01-25T23:05:05,G16,0.0,58,0.0,243,0.0325,1509,ABI-L2-ACMF/2023/025/23/OR_ABI-L2-ACMF-M6_G16_s20230252300204_e20230252309512_c20230252311103.nc
2023-01-26T02:05:05,G16,0.0,58,0.0,243,0.0199,1509,ABI-L2-ACMF/2023/026/02/OR_ABI-L2-ACMF-M6_G16_s20230260200204_e20230260209512_c20230260211100.nc
2023-01-25T22:05:05,G16,0.0,58,0.0041,243,0.0696,1509,ABI-L2-ACMF/2023/025/22/OR_ABI-L2-ACMF-M6_G16_s20230252200204_e20230252209512_c20230252211141.nc
2023-01-26T06:05:06,G16,0.0,58,0.0,243,0.0232,1509,ABI-L2-ACMF/2023/026/06/OR_ABI-L2-ACMF-M6_G16_s20230260600207_e20230260609515_c20230260611095.nc
2023-01-26T01:05:05,G16,0.0,58,0.0,243,0.0093,1509,ABI-L2-ACMF/2023/026/01/OR_ABI-L2-ACMF-M6_G16_s20230260100204_e20230260109512_c20230260111097.nc
2023-01-26T00:05:05,G16,0.0,58,0.0,243,0.004,1509,ABI-L2-ACMF/2023/026/00/OR_ABI-L2-ACMF-M6_G16_s20230260000204_e20230260009512_c20230260011026.nc
2023-01-26T04:05:05,G16,0.0,58,0.0,243,0.0245,1509,ABI-L2-ACMF/2023/026/04/OR_ABI-L2-ACMF-M6_G16_s20230260400204_e20230260409512_c20230260411043.nc
2023-01-26T05:05:05,G16,0.0,58,0.0,243,0.0119,1509,ABI-L2-ACMF/2023/026/05/OR_ABI-L2-ACMF-M6_G16_s20230260500204_e20230260509512_c20230260511127.nc
2023-01-26T03:05:05,G16,0.0,58,0.0,243,0.0205,1509,ABI-L2-ACMF/2023/026/03/OR_ABI-L2-ACMF-M6_G16_s20230260300204_e20230260309512_c20230260311044.nc
2023-01-26T08:05:06,G16,0.0,58,0.0,243,0.0212,1509,ABI-L2-ACMF/2023/026/08/OR_ABI-L2-ACMF-M6_G16_s20230260800207_e20230260809515_c20230260811022.nc
2023-01-26T07:05:06,G16,0.0,58,0.0,243,0.0212,1509,ABI-L2-ACMF/2023/026/07/OR_ABI-L2-ACMF-M6_G16_s20230260700207_e20230260709515_c20230260711123.nc
2023-01-26T09:05:06,G16,0.0,58,0.0,243,0.0225,1509,ABI-L2-ACMF/2023/026/09/OR_ABI-L2-ACMF-M6_G16_s20230260900207_e20230260909515_c20230260911158.nc
2023-01-26T10:05:06,G16,0.0,58,0.0,243,0.0676,1509,ABI-L2-ACMF/2023/026/10/OR_ABI-L2-ACMF-M6_G16_s20230261000207_e20230261009515_c20230261011098.nc
2023-01-26T22:05:05,G16,0.0,58,0.0,243,0.0305,1509,ABI-L2-ACMF/2023/026/22/OR_ABI-L2-ACMF-M6_G16_s20230262200205_e20230262209513_c20230262211016.nc
2023-01-26T23:05:05,G16,0.0,58,0.0,243,0.0106,1509,ABI-L2-ACMF/2023/026/23/OR_ABI-L2-ACMF-M6_G16_s20230262300205_e20230262309513_c20230262311007.nc
2023-01-27T04:05:05,G16,0.0,58,0.0,243,0.0159,1509,ABI-L2-ACMF/2023/027/04/OR_ABI-L2-ACMF-M6_G16_s20230270400205_e20230270409513_c20230270411116.nc
2023-01-27T02:05:05,G16,0.0,58,0.0,243,0.0086,1509,ABI-L2-ACMF/2023/027/02/OR_ABI-L2-ACMF-M6_G16_s20230270200205_e20230270209513_c20230270211143.nc
2023-01-26T11:05:06,G16,0.0,58,0.0,243,0.0212,1509,ABI-L2-ACMF/2023/026/11/OR_ABI-L2-ACMF-M6_G16_s20230261100207_e20230261109515_c20230261111196.nc
2023-01-27T01:05:05,G16,0.0,58,0.0,243,0.002,1509,ABI-L2-ACMF/2023/027/01/OR_ABI-L2-ACMF-M6_G16_s20230270100205_e20230270109513_c20230270111035.nc
2023-01-27T00:05:05,G16,0.0,58,0.0,243,0.0,1509,ABI-L2-ACMF/2023/027/00/OR_ABI-L2-ACMF-M6_G16_s20230270000205_e20230270009513_c20230270011151.nc
2023-01-27T05:05:05,G16,0.0,58,0.0,243,0.0093,1509,ABI-L2-ACMF/2023/027/05/OR_ABI-L2-ACMF-M6_G16_s20230270500205_e20230270509513_c20230270511145.nc
2023-01-27T03:05:05,G16,0.0,58,0.0,243,0.0139,1509,ABI-L2-ACMF/2023/027/03/OR_ABI-L2-ACMF-M6_G16_s20230270300205_e20230270309513_c20230270311165.nc
2023-01-27T06:05:06,G16,0.0,58,0.0,243,0.0219,1509,ABI-L2-ACMF/2023/027/06/OR_ABI-L2-ACMF-M6_G16_s20230270600207_e20230270609517_c20230270611194.nc
2023-01-27T07:05:06,G16,0.0,58,0.0,243,0.0205,1509,ABI-L2-ACMF/2023/027/07/OR_ABI-L2-ACMF-M6_G16_s20230270700207_e20230270709516_c20230270711009.nc
2023-01-28T02:05:05,G16,0.0,58,0.0,243,0.0046,1509,ABI-L2-ACMF/2023/028/02/OR_ABI-L2-ACMF-M6_G16_s20230280200205_e20230280209513_c20230280211122.nc
2023-01-28T01:05:05,G16,0.0,58,0.0,243,0.0007,1509,ABI-L2-ACMF/2023/028/01/OR_ABI-L2-ACMF-M6_G16_s20230280100205_e20230280109513_c20230280111192.nc
2023-01-27T08:05:06,G16,0.0,58,0.0,243,0.0205,1509,ABI-L2-ACMF/2023/027/08/OR_ABI-L2-ACMF-M6_G16_s20230270800207_e20230270809515_c20230270811044.nc
2023-01-28T05:05:05,G16,0.0,58,0.0,243,0.004,1509,ABI-L2-ACMF/2023/028/05/OR_ABI-L2-ACMF-M6_G16_s20230280500205_e20230280509513_c20230280511071.nc
2023-01-27T11:05:06,G16,0.0,58,0.0,243,0.0192,1509,ABI-L2-ACMF/2023/027/11/OR_ABI-L2-ACMF-M6_G16_s20230271100207_e20230271109515_c20230271111062.nc
2023-01-27T10:05:06,G16,0.0,58,0.0,243,0.0563,1509,ABI-L2-ACMF/2023/027/10/OR_ABI-L2-ACMF-M6_G16_s20230271000207_e20230271009516_c20230271011119.nc
2023-01-28T04:05:05,G16,0.0,58,0.0,243,0.006,1509,ABI-L2-ACMF/2023/028/04/OR_ABI-L2-ACMF-M6_G16_s20230280400205_e20230280409513_c20230280411112.nc
2023-01-28T00:05:05,G16,0.0,58,0.0,243,0.0013,1509,ABI-L2-ACMF/2023/028/00/OR_ABI-L2-ACMF-M6_G16_s20230280000205_e20230280009513_c20230280011094.nc
2023-01-27T23:05:05,G16,0.0,58,0.0,243,0.0146,1509,ABI-L2-ACMF/2023/027/23/OR_ABI-L2-ACMF-M6_G16_s20230272300205_e20230272309513_c20230272311052.nc
2023-01-27T22:05:05,G16,0.0,58,0.0,243,0.0325,1509,ABI-L2-ACMF/2023/027/22/OR_ABI-L2-ACMF-M6_G16_s20230272200205_e20230272209513_c20230272211049.nc
2023-01-28T03:05:05,G16,0.0,58,0.0,243,0.0053,1509,ABI-L2-ACMF/2023/028/03/OR_ABI-L2-ACMF-M6_G16_s20230280300205_e20230280309514_c20230280311189.nc
2023-01-27T09:05:06,G16,0.0,58,0.0,243,0.0172,1509,ABI-L2-ACMF/2023/027/09/OR_ABI-L2-ACMF-M6_G16_s20230270900207_e20230270909515_c20230270911184.nc
2023-01-28T10:05:06,G16,0.0,58,0.0,243,0.0364,1509,ABI-L2-ACMF/2023/028/10/OR_ABI-L2-ACMF-M6_G16_s20230281000208_e20230281009516_c20230281011004.nc
2023-01-28T08:05:06,G16,0.0,58,0.0,243,0.0066,1509,ABI-L2-ACMF/2023/028/08/OR_ABI-L2-ACMF-M6_G16_s20230280800208_e20230280809516_c20230280811028.nc
2023-01-28T06:05:06,G16,0.0,58,0.0,243,0.0073,1509,ABI-L2-ACMF/2023/028/06/OR_ABI-L2-ACMF-M6_G16_s20230280600208_e20230280609516_c20230280611197.nc
2023-01-28T07:05:06,G16,0.0,58,0.0,243,0.0073,1509,ABI-L2-ACMF/2023/028/07/OR_ABI-L2-ACMF-M6_G16_s20230280700208_e20230280709516_c20230280711052.nc
2023-01-28T11:05:06,G16,0.0,58,0.0,243,0.0139,1509,ABI-L2-ACMF/2023/028/11/OR_ABI-L2-ACMF-M6_G16_s20230281100208_e20230281109516_c20230281111151.nc
2023-01-28T09:05:06,G16,0.0,58,0.0,243,0.008,1509,ABI-L2-ACMF/2023/028/09/OR_ABI-L2-ACMF-M6_G16_s20230280900208_e20230280909516_c20230280911170.nc
2023-01-28T23:05:06,G16,0.0,58,0.0,243,0.0007,1509,ABI-L2-ACMF/2023/028/23/OR_ABI-L2-ACMF-M6_G16_s20230282300206_e20230282309514_c20230282311172.nc
2023-01-29T00:05:06,G16,0.0,58,0.0,243,0.0007,1509,ABI-L2-ACMF/2023/029/00/OR_ABI-L2-ACMF-M6_G16_s20230290000206_e20230290009514_c20230290011037.nc
2023-01-28T22:05:06,G16,0.0,58,0.0,243,0.0199,1509,ABI-L2-ACMF/2023/028/22/OR_ABI-L2-ACMF-M6_G16_s20230282200206_e20230282209514_c20230282211076.nc
2023-01-29T03:05:06,G16,0.0,58,0.0,243,0.0046,1509,ABI-L2-ACMF/2023/029/03/OR_ABI-L2-ACMF-M6_G16_s20230290300206_e20230290309514_c20230290311164.nc
2023-01-29T02:05:06,G16,0.0,58,0.0,243,0.0007,1509,ABI-L2-ACMF/2023/029/02/OR_ABI-L2-ACMF-M6_G16_s20230290200206_e20230290209514_c20230290211182.nc
2023-01-29T01:05:06,G16,0.0,58,0.0041,243,0.0007,1509,ABI-L2-ACMF/2023/029/01/OR_ABI-L2-ACMF-M6_G16_s20230290100206_e20230290109514_c20230290111018.nc
2023-01-29T07:05:06,G16,0.0,58,0.0,243,0.0139,1509,ABI-L2-ACMF/2023/029/07/OR_ABI-L2-ACMF-M6_G16_s20230290700208_e20230290709516_c20230290711196.nc
2023-01-29T10:05:06,G16,0.0,58,0.0,243,0.051,1509,ABI-L2-ACMF/2023/029/10/OR_ABI-L2-ACMF-M6_G16_s20230291000208_e20230291009516_c20230291011060.nc
2023-01-29T06:05:06,G16,0.0,58,0.0,243,0.0086,1509,ABI-L2-ACMF/2023/029/06/OR_ABI-L2-ACMF-M6_G16_s20230290600208_e20230290609516_c20230290611135.nc
2023-01-29T05:05:06,G16,0.0,58,0.0,243,0.0106,1509,ABI-L2-ACMF/2023/029/05/OR_ABI-L2-ACMF-M6_G16_s20230290500206_e20230290509514_c20230290511178.nc
2023-01-29T04:05:06,G16,0.0,58,0.0,243,0.006,1509,ABI-L2-ACMF/2023/029/04/OR_ABI-L2-ACMF-M6_G16_s20230290400206_e20230290409514_c20230290411105.nc
2023-01-29T08:05:06,G16,0.0,58,0.0,243,0.0159,1509,ABI-L2-ACMF/2023/029/08/OR_ABI-L2-ACMF-M6_G16_s20230290800208_e20230290809516_c20230290811057.nc
2023-01-29T09:05:06,G16,0.0,58,0.0,243,0.0139,1509,ABI-L2-ACMF/2023/029/09/OR_ABI-L2-ACMF-M6_G16_s20230290900208_e20230290909521_c20230290911068.nc
2023-01-29T22:05:06,G16,0.0,58,0.0,243,0.0146,1509,ABI-L2-ACMF/2023/029/22/OR_ABI-L2-ACMF-M6_G16_s20230292200206_e20230292209514_c20230292211152.nc
2023-01-29T23:05:06,G16,0.0,58,0.0,243,0.0033,1509,ABI-L2-ACMF/2023/029/23/OR_ABI-L2-ACMF-M6_G16_s20230292300206_e20230292309514_c20230292311102.nc
2023-01-29T11:05:06,G16,0.0,58,0.0,243,0.0192,1509,ABI-L2-ACMF/2023/029/11/OR_ABI-L2-ACMF-M6_G16_s20230291100208_e20230291109516_c20230291111175.nc
2023-01-30T00:05:06,G16,0.0,58,0.0,243,0.0,1509,ABI-L2-ACMF/2023/030/00/OR_ABI-L2-ACMF-M6_G16_s20230300000206_e20230300009514_c20230300011173.nc
2023-01-30T01:05:06,G16,0.0,58,0.0,243,0.0013,1509,ABI-L2-ACMF/2023/030/01/OR_ABI-L2-ACMF-M6_G16_s20230300100206_e20230300109514_c20230300111037.nc
2023-01-30T02:05:06,G16,0.0,58,0.0,243,0.0027,1509,ABI-L2-ACMF/2023/030/02/OR_ABI-L2-ACMF-M6_G16_s20230300200206_e20230300209514_c20230300211139.nc
2023-01-30T03:05:06,G16,0.0,58,0.0,243,0.0033,1509,ABI-L2-ACMF/2023/030/03/OR_ABI-L2-ACMF-M6_G16_s20230300300206_e20230300309514_c20230300311044.nc
2023-01-30T07:05:06,G16,0.0,58,0.0,243,0.0126,1509,ABI-L2-ACMF/2023/030/07/OR_ABI-L2-ACMF-M6_G16_s20230300700208_e20230300709516_c20230300711172.nc
2023-01-30T06:05:06,G16,0.0,58,0.0,243,0.008,1509,ABI-L2-ACMF/2023/030/06/OR_ABI-L2-ACMF-M6_G16_s20230300600208_e20230300609518_c20230300611056.nc
2023-01-30T04:05:06,G16,0.0,58,0.0,243,0.0053,1509,ABI-L2-ACMF/2023/030/04/OR_ABI-L2-ACMF-M6_G16_s20230300400206_e20230300409514_c20230300411027.nc
2023-01-30T05:05:06,G16,0.0,58,0.0,243,0.0053,1509,ABI-L2-ACMF/2023/030/05/OR_ABI-L2-ACMF-M6_G16_s20230300500206_e20230300509514_c20230300511042.nc
2023-01-30T10:05:06,G16,0.0,58,0.0,243,0.0603,1509,ABI-L2-ACMF/2023/030/10/OR_ABI-L2-ACMF-M6_G16_s20230301000209_e20230301009517_c20230301011129.nc
2023-01-30T08:05:06,G16,0.0,58,0.0,243,0.0126,1509,ABI-L2-ACMF/2023/030/08/OR_ABI-L2-ACMF-M6_G16_s20230300800209_e20230300809517_c20230300811163.nc
2023-01-30T11:05:06,G16,0.0,58,0.0,243,0.0186,1509,ABI-L2-ACMF/2023/030/11/OR_ABI-L2-ACMF-M6_G16_s20230301100209_e20230301109517_c20230301111134.nc
2023-01-30T09:05:06,G16,0.0,58,0.0,243,0.0133,1509,ABI-L2-ACMF/2023/030/09/OR_ABI-L2-ACMF-M6_G16_s20230300900209_e20230300909517_c20230300911162.nc
2023-01-30T22:05:06,G16,0.0,58,0.0,243,0.0252,1509,ABI-L2-ACMF/2023/030/22/OR_ABI-L2-ACMF-M6_G16_s20230302200207_e20230302209515_c20230302211012.nc
2023-01-30T23:05:06,G16,0.0,58,0.0,243,0.0099,1509,ABI-L2-ACMF/2023/030/23/OR_ABI-L2-ACMF-M6_G16_s20230302300207_e20230302309515_c20230302311021.nc
2023-01-31T03:05:06,G16,0.0,58,0.0,243,0.002,1509,ABI-L2-ACMF/2023/031/03/OR_ABI-L2-ACMF-M6_G16_s20230310300207_e20230310309515_c20230310311073.nc
2023-01-31T02:05:06,G16,0.0,58,0.0,243,0.0007,1509,ABI-L2-ACMF/2023/031/02/OR_ABI-L2-ACMF-M6_G16_s20230310200207_e20230310209515_c20230310210587.nc
2023-01-31T11:05:06,G16,0.0,58,0.0,243,0.0192,1509,ABI-L2-ACMF/2023/031/11/OR_ABI-L2-ACMF-M6_G16_s20230311100209_e20230311109517_c20230311111060.nc
2023-01-31T09:05:06,G16,0.0,58,0.0,243,0.0186,1509,ABI-L2-ACMF/2023/031/09/OR_ABI-L2-ACMF-M6_G16_s20230310900209_e20230310909517_c20230310911138.nc
2023-01-31T10:05:06,G16,0.0,58,0.0,243,0.049,1509,ABI-L2-ACMF/2023/031/10/OR_ABI-L2-ACMF-M6_G16_s20230311000209_e20230311009517_c20230311011184.nc
2023-01-31T07:05:06,G16,0.0,58,0.0,243,0.0265,1509,ABI-L2-ACMF/2023/031/07/OR_ABI-L2-ACMF-M6_G16_s20230310700209_e20230310709517_c20230310711027.nc
2023-01-31T04:05:06,G16,0.0,58,0.0,243,0.0066,1509,ABI-L2-ACMF/2023/031/04/OR_ABI-L2-ACMF-M6_G16_s20230310400207_e20230310409515_c20230310411003.nc
2023-01-31T06:05:06,G16,0.0,58,0.0,243,0.0245,1509,ABI-L2-ACMF/2023/031/06/OR_ABI-L2-ACMF-M6_G16_s20230310600209_e20230310609517_c20230310611061.nc
2023-01-31T08:05:06,G16,0.0,58,0.0,243,0.0225,1509,ABI-L2-ACMF/2023/031/08/OR_ABI-L2-ACMF-M6_G16_s20230310800209_e20230310809517_c20230310811097.nc
2023-01-31T00:05:06,G16,0.0,58,0.0,243,0.0013,1509,ABI-L2-ACMF/2023/031/00/OR_ABI-L2-ACMF-M6_G16_s20230310000207_e20230310009515_c20230310011121.nc
2023-01-31T05:05:06,G16,0.0,58,0.0,243,0.0179,1509,ABI-L2-ACMF/2023/031/05/OR_ABI-L2-ACMF-M6_G16_s20230310500207_e20230310509515_c20230310510598.nc
2023-01-31T01:05:06,G16,0.0,58,0.0,243,0.0013,1509,ABI-L2-ACMF/2023/031/01/OR_ABI-L2-ACMF-M6_G16_s20230310100207_e20230310109515_c20230310111098.nc
2023-02-01T01:05:06,G16,0.0,58,0.0,243,0.006,1509,ABI-L2-ACMF/2023/032/01/OR_ABI-L2-ACMF-M6_G16_s20230320100207_e20230320109515_c20230320111170.nc
2023-02-01T06:05:06,G16,0.0,58,0.0,243,0.0007,1509,ABI-L2-ACMF/2023/032/06/OR_ABI-L2-ACMF-M6_G16_s20230320600209_e20230320609517_c20230320611145.nc
2023-02-01T05:05:06,G16,0.0,58,0.0,243,0.0013,1509,ABI-L2-ACMF/2023/032/05/OR_ABI-L2-ACMF-M6_G16_s20230320500207_e20230320509515_c20230320511024.nc
2023-02-01T04:05:06,G16,0.0,58,0.0,243,0.0007,1509,ABI-L2-ACMF/2023/032/04/OR_ABI-L2-ACMF-M6_G16_s20230320400207_e20230320409515_c20230320411153.nc
2023-01-31T22:05:06,G16,0.0,58,0.0453,243,0.1074,1509,ABI-L2-ACMF/2023/031/22/OR_ABI-L2-ACMF-M6_G16_s20230312200207_e20230312209515_c20230312210586.nc
2023-02-01T02:05:06,G16,0.0,58,0.0,243,0.0,1509,ABI-L2-ACMF/2023/032/02/OR_ABI-L2-ACMF-M6_G16_s20230320200207_e20230320209515_c20230320210596.nc
2023-01-31T23:05:06,G16,0.0,58,0.0,243,0.0126,1509,ABI-L2-ACMF/2023/031/23/OR_ABI-L2-ACMF-M6_G16_s20230312300207_e20230312309515_c20230312311040.nc
2023-02-01T03:05:06,G16,0.0,58,0.0,243,0.0,1509,ABI-L2-ACMF/2023/032/03/OR_ABI-L2-ACMF-M6_G16_s20230320300207_e20230320309515_c20230320311088.nc
2023-02-01T07:05:06,G16,0.0,58,0.0,243,0.0007,1509,ABI-L2-ACMF/2023/032/07/OR_ABI-L2-ACMF-M6_G16_s20230320700209_e20230320709517_c20230320711072.nc
2023-02-01T09:05:06,G16,0.0,58,0.0,243,0.002,1509,ABI-L2-ACMF/2023/032/09/OR_ABI-L2-ACMF-M6_G16_s20230320900210_e20230320909517_c20230320911020.nc
2023-02-01T08:05:06,G16,0.0,58,0.0,243,0.0007,1509,ABI-L2-ACMF/2023/032/08/OR_ABI-L2-ACMF-M6_G16_s20230320800209_e20230320809517_c20230320811008.nc
2023-02-01T11:05:06,G16,0.0,58,0.0,243,0.0205,1509,ABI-L2-ACMF/2023/032/11/OR_ABI-L2-ACMF-M6_G16_s20230321100210_e20230321109517_c20230321111034.nc
2023-02-01T10:05:06,G16,0.0,58,0.0,243,0.0245,1509,ABI-L2-ACMF/2023/032/10/OR_ABI-L2-ACMF-M6_G16_s20230321000210_e20230321009517_c20230321011107.nc
2023-02-02T01:05:06,G16,0.0,58,0.0,243,0.0033,1509,ABI-L2-ACMF/2023/033/01/OR_ABI-L2-ACMF-M6_G16_s20230330100208_e20230330109516_c20230330111132.nc
2023-02-01T22:05:06,G16,0.0,58,0.0,243,0.0106,1509,ABI-L2-ACMF/2023/032/22/OR_ABI-L2-ACMF-M6_G16_s20230322200208_e20230322209515_c20230322211106.nc
2023-02-02T03:05:06,G16,0.0,58,0.0,243,0.0033,1509,ABI-L2-ACMF/2023/033/03/OR_ABI-L2-ACMF-M6_G16_s20230330300208_e20230330309516_c20230330311090.nc
2023-02-02T02:05:06,G16,0.0,58,0.0,243,0.006,1509,ABI-L2-ACMF/2023/033/02/OR_ABI-L2-ACMF-M6_G16_s20230330200208_e20230330209515_c20230330211166.nc
2023-02-01T23:05:06,G16,0.0,58,0.0,243,0.0053,1509,ABI-L2-ACMF/2023/032/23/OR_ABI-L2-ACMF-M6_G16_s20230322300208_e20230322309516_c20230322311100.nc
2023-02-02T04:05:06,G16,0.0,58,0.0,243,0.0093,1509,ABI-L2-ACMF/2023/033/04/OR_ABI-L2-ACMF-M6_G16_s20230330400208_e20230330409516_c20230330411065.nc
2023-02-02T00:05:06,G16,0.0,58,0.0,243,0.0,1509,ABI-L2-ACMF/2023/033/00/OR_ABI-L2-ACMF-M6_G16_s20230330000208_e20230330009516_c20230330011014.nc
2023-02-02T06:05:06,G16,0.0,58,0.0,243,0.0093,1509,ABI-L2-ACMF/2023/033/06/OR_ABI-L2-ACMF-M6_G16_s20230330600210_e20230330609518_c20230330611154.nc
2023-02-02T05:05:06,G16,0.0,58,0.0,243,0.0106,1509,ABI-L2-ACMF/2023/033/05/OR_ABI-L2-ACMF-M6_G16_s20230330500208_e20230330509516_c20230330511164.nc
2023-02-02T07:05:06,G16,0.0,58,0.0,243,0.0106,1509,ABI-L2-ACMF/2023/033/07/OR_ABI-L2-ACMF-M6_G16_s20230330700210_e20230330709518_c20230330711107.nc
2023-02-02T08:05:06,G16,0.0,58,0.0,243,0.0133,1509,ABI-L2-ACMF/2023/033/08/OR_ABI-L2-ACMF-M6_G16_s20230330800210_e20230330809518_c20230330811127.nc
2023-02-02T23:05:06,G16,0.0,58,0.0,243,0.0113,1509,ABI-L2-ACMF/2023/033/23/OR_ABI-L2-ACMF-M6_G16_s20230332300208_e20230332309516_c20230332311045.nc
2023-02-02T10:05:06,G16,0.0,58,0.0,243,0.0477,1509,ABI-L2-ACMF/2023/033/10/OR_ABI-L2-ACMF-M6_G16_s20230331000210_e20230331009518_c20230331011144.nc
2023-02-02T09:05:06,G16,0.0,58,0.0,243,0.0152,1509,ABI-L2-ACMF/2023/033/09/OR_ABI-L2-ACMF-M6_G16_s20230330900210_e20230330909518_c20230330911029.nc
2023-02-03T03:05:06,G16,0.0,58,0.0,243,0.0073,1509,ABI-L2-ACMF/2023/034/03/OR_ABI-L2-ACMF-M6_G16_s20230340300208_e20230340309516_c20230340311035.nc
2023-02-03T00:05:06,G16,0.0,58,0.0,243,0.0,1509,ABI-L2-ACMF/2023/034/00/OR_ABI-L2-ACMF-M6_G16_s20230340000208_e20230340009516_c20230340011008.nc
2023-02-03T02:05:06,G16,0.0,58,0.0,243,0.0013,1509,ABI-L2-ACMF/2023/034/02/OR_ABI-L2-ACMF-M6_G16_s20230340200208_e20230340209516_c20230340211073.nc
2023-02-02T22:05:06,G16,0.0,58,0.0,243,0.0265,1509,ABI-L2-ACMF/2023/033/22/OR_ABI-L2-ACMF-M6_G16_s20230332200208_e20230332209516_c20230332211116.nc
2023-02-03T01:05:06,G16,0.0,58,0.0,243,0.0007,1509,ABI-L2-ACMF/2023/034/01/OR_ABI-L2-ACMF-M6_G16_s20230340100208_e20230340109516_c20230340111156.nc
2023-02-02T11:05:06,G16,0.0,58,0.0,243,0.0027,1509,ABI-L2-ACMF/2023/033/11/OR_ABI-L2-ACMF-M6_G16_s20230331100210_e20230331109518_c20230331111110.nc
2023-02-03T04:05:06,G16,0.0,58,0.0,243,0.0199,1509,ABI-L2-ACMF/2023/034/04/OR_ABI-L2-ACMF-M6_G16_s20230340400208_e20230340409516_c20230340411174.nc
2023-02-03T05:05:06,G16,0.0,58,0.0,243,0.0186,1509,ABI-L2-ACMF/2023/034/05/OR_ABI-L2-ACMF-M6_G16_s20230340500208_e20230340509516_c20230340511132.nc
2023-02-01T00:05:06,G16,0.0,58,0.0,243,0.0093,1509,ABI-L2-ACMF/2023/032/00/OR_ABI-L2-ACMF-M6_G16_s20230320000207_e20230320009515_c20230320011157.nc
2023-02-04T02:05:06,G16,1.0,58,1.0,243,0.9689,1509,ABI-L2-ACMF/2023/035/02/OR_ABI-L2-ACMF-M6_G16_s20230350200209_e20230350209516_c20230350210596.nc
2023-02-04T01:05:06,G16,1.0,58,1.0,243,0.9165,1509,ABI-L2-ACMF/2023/035/01/OR_ABI-L2-ACMF-M6_G16_s20230350100209_e20230350109516_c20230350111088.nc
2023-02-04T03:05:06,G16,1.0,58,0.9588,243,0.7932,1509,ABI-L2-ACMF/2023/035/03/OR_ABI-L2-ACMF-M6_G16_s20230350300209_e20230350309516_c20230350311061.nc
2023-02-03T10:05:06,G16,0.0,58,0.0041,243,0.0583,1509,ABI-L2-ACMF/2023/034/10/OR_ABI-L2-ACMF-M6_G16_s20230341000210_e20230341009518_c20230341011064.nc
2023-02-03T06:05:06,G16,0.0,58,0.0,243,0.0152,1509,ABI-L2-ACMF/2023/034/06/OR_ABI-L2-ACMF-M6_G16_s20230340600210_e20230340609518_c20230340611130.nc
2023-02-04T00:05:06,G16,1.0,58,1.0,243,0.7806,1509,ABI-L2-ACMF/2023/035/00/OR_ABI-L2-ACMF-M6_G16_s20230350000209_e20230350009516_c20230350010582.nc
2023-02-03T23:05:06,G16,1.0,58,0.7737,243,0.5799,1509,ABI-L2-ACMF/2023/034/23/OR_ABI-L2-ACMF-M6_G16_s20230342300209_e20230342309516_c20230342311140.nc
2023-02-03T08:05:06,G16,0.0,58,0.0,243,0.0053,1509,ABI-L2-ACMF/2023/034/08/OR_ABI-L2-ACMF-M6_G16_s20230340800210_e20230340809518_c20230340811064.nc
2023-02-03T07:05:06,G16,0.0,58,0.0,243,0.008,1509,ABI-L2-ACMF/2023/034/07/OR_ABI-L2-ACMF-M6_G16_s20230340700210_e20230340709518_c20230340711049.nc
2023-02-03T09:05:06,G16,0.0,58,0.0,243,0.004,1509,ABI-L2-ACMF/2023/034/09/OR_ABI-L2-ACMF-M6_G16_s20230340900210_e20230340909518_c20230340911106.nc
2023-02-03T11:05:06,G16,0.0,58,0.0,243,0.0013,1509,ABI-L2-ACMF/2023/034/11/OR_ABI-L2-ACMF-M6_G16_s20230341100210_e20230341109518_c20230341111066.nc
2023-02-03T22:05:06,G16,0.0517,58,0.2551,243,0.4314,1509,ABI-L2-ACMF/2023/034/22/OR_ABI-L2-ACMF-M6_G16_s20230342200209_e20230342209516_c20230342211084.nc
2023-02-04T09:05:06,G16,0.0,58,0.0,243,0.0583,1509,ABI-L2-ACMF/2023/035/09/OR_ABI-L2-ACMF-M6_G16_s20230350900211_e20230350909519_c20230350911036.nc
2023-02-04T06:05:06,G16,0.1552,58,0.1523,243,0.1199,1509,ABI-L2-ACMF/2023/035/06/OR_ABI-L2-ACMF-M6_G16_s20230350600211_e20230350609519_c20230350611157.nc
2023-02-04T08:05:06,G16,0.0,58,0.0082,243,0.0848,1509,ABI-L2-ACMF/2023/035/08/OR_ABI-L2-ACMF-M6_G16_s20230350800211_e20230350809519_c20230350811135.nc
2023-02-04T05:05:06,G16,0.0,58,0.0165,243,0.1133,1509,ABI-L2-ACMF/2023/035/05/OR_ABI-L2-ACMF-M6_G16_s20230350500209_e20230350509516_c20230350511063.nc
2023-02-04T07:05:06,G16,0.0862,58,0.0617,243,0.0987,1509,ABI-L2-ACMF/2023/035/07/OR_ABI-L2-ACMF-M6_G16_s20230350700211_e20230350709519_c20230350711038.nc
2023-02-04T22:05:05,G16,0.9655,58,0.8477,243,0.8622,1509,ABI-L2-ACMF/2023/035/22/OR_ABI-L2-ACMF-M6_G16_s20230352200202_e20230352209510_c20230352211039.nc
2023-02-04T04:05:06,G16,0.7586,58,0.3128,243,0.2836,1509,ABI-L2-ACMF/2023/035/04/OR_ABI-L2-ACMF-M6_G16_s20230350400209_e20230350409517_c20230350411010.nc
2023-02-04T23:05:05,G16,1.0,58,0.9753,243,0.78,1509,ABI-L2-ACMF/2023/035/23/OR_ABI-L2-ACMF-M6_G16_s20230352300202_e20230352309510_c20230352310560.nc
2023-02-04T10:05:06,G16,0.0,58,0.0165,243,0.108,1509,ABI-L2-ACMF/2023/035/10/OR_ABI-L2-ACMF-M6_G16_s20230351000211_e20230351009519_c20230351011113.nc
2023-02-04T11:05:06,G16,0.0,58,0.0329,243,0.1233,1509,ABI-L2-ACMF/2023/035/11/OR_ABI-L2-ACMF-M6_G16_s20230351100211_e20230351109519_c20230351111165.nc
2023-02-05T01:05:05,G16,0.0172,58,0.1687,243,0.1975,1509,ABI-L2-ACMF/2023/036/01/OR_ABI-L2-ACMF-M6_G16_s20230360100202_e20230360109510_c20230360110587.nc
2023-02-05T00:05:05,G16,1.0,58,0.963,243,0.4573,1509,ABI-L2-ACMF/2023/036/00/OR_ABI-L2-ACMF-M6_G16_s20230360000202_e20230360009510_c20230360010588.nc
2023-02-05T02:05:05,G16,0.0,58,0.0,243,0.0133,1509,ABI-L2-ACMF/2023/036/02/OR_ABI-L2-ACMF-M6_G16_s20230360200202_e20230360209510_c20230360211091.nc
2023-02-05T06:05:05,G16,0.0,58,0.0,243,0.0139,1509,ABI-L2-ACMF/2023/036/06/OR_ABI-L2-ACMF-M6_G16_s20230360600205_e20230360609513_c20230360611154.nc
2023-02-05T04:05:05,G16,0.0,58,0.0,243,0.0133,1509,ABI-L2-ACMF/2023/036/04/OR_ABI-L2-ACMF-M6_G16_s20230360400202_e20230360409510_c20230360411032.nc
2023-02-05T07:05:05,G16,0.0,58,0.0,243,0.0172,1509,ABI-L2-ACMF/2023/036/07/OR_ABI-L2-ACMF-M6_G16_s20230360700205_e20230360709513_c20230360711167.nc
2023-02-05T03:05:05,G16,0.0,58,0.0,243,0.0106,1509,ABI-L2-ACMF/2023/036/03/OR_ABI-L2-ACMF-M6_G16_s20230360300202_e20230360309510_c20230360311118.nc
2023-02-05T05:05:05,G16,0.0,58,0.0,243,0.0126,1509,ABI-L2-ACMF/2023/036/05/OR_ABI-L2-ACMF-M6_G16_s20230360500202_e20230360509510_c20230360510589.nc
2023-02-05T11:05:05,G16,0.0,58,0.0,243,0.0013,1509,ABI-L2-ACMF/2023/036/11/OR_ABI-L2-ACMF-M6_G16_s20230361100205_e20230361109513_c20230361111021.nc
2023-02-05T10:05:05,G16,0.0,58,0.0,243,0.0464,1509,ABI-L2-ACMF/2023/036/10/OR_ABI-L2-ACMF-M6_G16_s20230361000205_e20230361009513_c20230361011028.nc
2023-02-05T09:05:05,G16,0.0,58,0.0,243,0.0205,1509,ABI-L2-ACMF/2023/036/09/OR_ABI-L2-ACMF-M6_G16_s20230360900205_e20230360909512_c20230360911023.nc
2023-02-05T22:05:05,G16,0.0345,58,0.1358,243,0.1577,1509,ABI-L2-ACMF/2023/036/22/OR_ABI-L2-ACMF-M6_G16_s20230362200203_e20230362209511_c20230362211114.nc
2023-02-05T08:05:05,G16,0.0,58,0.0,243,0.0159,1509,ABI-L2-ACMF/2023/036/08/OR_ABI-L2-ACMF-M6_G16_s20230360800205_e20230360809513_c20230360810577.nc
2023-02-05T23:05:05,G16,0.0345,58,0.1893,243,0.3082,1509,ABI-L2-ACMF/2023/036/23/OR_ABI-L2-ACMF-M6_G16_s20230362300203_e20230362309511_c20230362311048.nc
2023-02-06T03:05:05,G16,0.0,58,0.0,243,0.0027,1509,ABI-L2-ACMF/2023/037/03/OR_ABI-L2-ACMF-M6_G16_s20230370300203_e20230370309511_c20230370311014.nc
2023-02-06T02:05:05,G16,0.0,58,0.0453,243,0.0504,1509,ABI-L2-ACMF/2023/037/02/OR_ABI-L2-ACMF-M6_G16_s20230370200203_e20230370209511_c20230370211038.nc
2023-02-06T05:05:05,G16,0.0,58,0.0,243,0.0027,1509,ABI-L2-ACMF/2023/037/05/OR_ABI-L2-ACMF-M6_G16_s20230370500203_e20230370509511_c20230370511133.nc
2023-02-06T00:05:05,G16,0.8966,58,0.642,243,0.3552,1509,ABI-L2-ACMF/2023/037/00/OR_ABI-L2-ACMF-M6_G16_s20230370000203_e20230370009511_c20230370011076.nc
2023-02-06T04:05:05,G16,0.0,58,0.0,243,0.002,1509,ABI-L2-ACMF/2023/037/04/OR_ABI-L2-ACMF-M6_G16_s20230370400203_e20230370409511_c20230370411130.nc
2023-02-06T09:05:05,G16,0.0,58,0.0,243,0.0046,1509,ABI-L2-ACMF/2023/037/09/OR_ABI-L2-ACMF-M6_G16_s20230370900205_e20230370909513_c20230370911051.nc
2023-02-06T07:05:05,G16,0.0,58,0.0,243,0.004,1509,ABI-L2-ACMF/2023/037/07/OR_ABI-L2-ACMF-M6_G16_s20230370700205_e20230370709513_c20230370711141.nc
2023-02-06T08:05:05,G16,0.0,58,0.0,243,0.004,1509,ABI-L2-ACMF/2023/037/08/OR_ABI-L2-ACMF-M6_G16_s20230370800205_e20230370809513_c20230370811144.nc
2023-02-06T10:05:05,G16,0.0,58,0.0,243,0.0278,1509,ABI-L2-ACMF/2023/037/10/OR_ABI-L2-ACMF-M6_G16_s20230371000205_e20230371009513_c20230371011031.nc
2023-02-06T01:05:05,G16,0.8276,58,0.6337,243,0.3638,1509,ABI-L2-ACMF/2023/037/01/OR_ABI-L2-ACMF-M6_G16_s20230370100203_e20230370109511_c20230370111141.nc
2023-02-06T06:05:05,G16,0.0,58,0.0,243,0.004,1509,ABI-L2-ACMF/2023/037/06/OR_ABI-L2-ACMF-M6_G16_s20230370600205_e20230370609513_c20230370610595.nc
2023-02-06T11:05:05,G16,0.0,58,0.0,243,0.0106,1509,ABI-L2-ACMF/2023/037/11/OR_ABI-L2-ACMF-M6_G16_s20230371100205_e20230371109513_c20230371111050.nc
2023-02-07T05:05:05,G16,0.0,58,0.0,243,0.0186,1509,ABI-L2-ACMF/2023/038/05/OR_ABI-L2-ACMF-M6_G16_s20230380500203_e20230380509511_c20230380511059.nc
2023-02-07T06:05:06,G16,0.0,58,0.0,243,0.0179,1509,ABI-L2-ACMF/2023/038/06/OR_ABI-L2-ACMF-M6_G16_s20230380600206_e20230380609514_c20230380611112.nc
2023-02-07T04:05:05,G16,0.0,58,0.0,243,0.0093,1509,ABI-L2-ACMF/2023/038/04/OR_ABI-L2-ACMF-M6_G16_s20230380400203_e20230380409511_c20230380411147.nc
2023-02-06T22:05:05,G16,0.0,58,0.0,243,0.0477,1509,ABI-L2-ACMF/2023/037/22/OR_ABI-L2-ACMF-M6_G16_s20230372200203_e20230372209511_c20230372211101.nc
2023-02-07T09:05:06,G16,0.0,58,0.0,243,0.0119,1509,ABI-L2-ACMF/2023/038/09/OR_ABI-L2-ACMF-M6_G16_s20230380900206_e20230380909514_c20230380911080.nc
2023-02-07T07:05:06,G16,0.0,58,0.0041,243,0.0239,1509,ABI-L2-ACMF/2023/038/07/OR_ABI-L2-ACMF-M6_G16_s20230380700206_e20230380709514_c20230380711094.nc
2023-02-07T03:05:05,G16,0.0,58,0.0,243,0.0073,1509,ABI-L2-ACMF/2023/038/03/OR_ABI-L2-ACMF-M6_G16_s20230380300203_e20230380309511_c20230380311131.nc
2023-02-07T01:05:05,G16,0.0,58,0.0,243,0.004,1509,ABI-L2-ACMF/2023/038/01/OR_ABI-L2-ACMF-M6_G16_s20230380100203_e20230380109511_c20230380111045.nc
2023-02-06T23:05:05,G16,0.0,58,0.0,243,0.0345,1509,ABI-L2-ACMF/2023/037/23/OR_ABI-L2-ACMF-M6_G16_s20230372300203_e20230372309511_c20230372311052.nc
2023-02-07T02:05:05,G16,0.0,58,0.0,243,0.006,1509,ABI-L2-ACMF/2023/038/02/OR_ABI-L2-ACMF-M6_G16_s20230380200203_e20230380209511_c20230380211177.nc
2023-02-07T00:05:05,G16,0.0,58,0.0,243,0.002,1509,ABI-L2-ACMF/2023/038/00/OR_ABI-L2-ACMF-M6_G16_s20230380000203_e20230380009511_c20230380011172.nc
2023-02-07T08:05:06,G16,0.0,58,0.0,243,0.0166,1509,ABI-L2-ACMF/2023/038/08/OR_ABI-L2-ACMF-M6_G16_s20230380800206_e20230380809514_c20230380811171.nc
2023-02-07T10:05:06,G16,0.0,58,0.0,243,0.0669,1509,ABI-L2-ACMF/2023/038/10/OR_ABI-L2-ACMF-M6_G16_s20230381000206_e20230381009514_c20230381011136.nc
2023-02-07T23:05:05,G16,0.0,58,0.0,243,0.2286,1509,ABI-L2-ACMF/2023/038/23/OR_ABI-L2-ACMF-M6_G16_s20230382300204_e20230382309512_c20230382311119.nc
2023-02-07T11:05:06,G16,0.0,58,0.0,243,0.004,1509,ABI-L2-ACMF/2023/038/11/OR_ABI-L2-ACMF-M6_G16_s20230381100206_e20230381109514_c20230381111047.nc
2023-02-08T00:05:05,G16,0.0,58,0.0,243,0.0994,1509,ABI-L2-ACMF/2023/039/00/OR_ABI-L2-ACMF-M6_G16_s20230390000204_e20230390009512_c20230390011065.nc
2023-02-08T04:05:05,G16,0.0,58,0.0,243,0.0663,1509,ABI-L2-ACMF/2023/039/04/OR_ABI-L2-ACMF-M6_G16_s20230390400204_e20230390409512_c20230390411150.nc
2023-02-08T06:05:06,G16,0.0,58,0.0,243,0.0378,1509,ABI-L2-ACMF/2023/039/06/OR_ABI-L2-ACMF-M6_G16_s20230390600206_e20230390609514_c20230390611108.nc
2023-02-08T05:05:05,G16,0.0,58,0.0,243,0.0835,1509,ABI-L2-ACMF/2023/039/05/OR_ABI-L2-ACMF-M6_G16_s20230390500204_e20230390509512_c20230390511013.nc
2023-02-08T03:05:05,G16,0.0,58,0.0,243,0.0311,1509,ABI-L2-ACMF/2023/039/03/OR_ABI-L2-ACMF-M6_G16_s20230390300204_e20230390309512_c20230390311051.nc
2023-02-08T02:05:05,G16,0.0,58,0.0,243,0.0623,1509,ABI-L2-ACMF/2023/039/02/OR_ABI-L2-ACMF-M6_G16_s20230390200204_e20230390209512_c20230390211088.nc
2023-02-07T22:05:05,G16,0.0,58,0.0,243,0.161,1509,ABI-L2-ACMF/2023/038/22/OR_ABI-L2-ACMF-M6_G16_s20230382200204_e20230382209512_c20230382211161.nc
2023-02-08T01:05:05,G16,0.0,58,0.0,243,0.0517,1509,ABI-L2-ACMF/2023/039/01/OR_ABI-L2-ACMF-M6_G16_s20230390100204_e20230390109512_c20230390111082.nc
2023-02-08T07:05:06,G16,0.0,58,0.0,243,0.0166,1509,ABI-L2-ACMF/2023/039/07/OR_ABI-L2-ACMF-M6_G16_s20230390700206_e20230390709514_c20230390711148.nc
2023-02-08T09:05:06,G16,0.0,58,0.0,243,0.0179,1509,ABI-L2-ACMF/2023/039/09/OR_ABI-L2-ACMF-M6_G16_s20230390900206_e20230390909514_c20230390911005.nc
2023-02-08T23:05:05,G16,0.0,58,0.0,243,0.0358,1509,ABI-L2-ACMF/2023/039/23/OR_ABI-L2-ACMF-M6_G16_s20230392300204_e20230392309512_c20230392311171.nc
2023-02-08T08:05:06,G16,0.0,58,0.0,243,0.0225,1509,ABI-L2-ACMF/2023/039/08/OR_ABI-L2-ACMF-M6_G16_s20230390800206_e20230390809514_c20230390811054.nc
2023-02-09T00:05:05,G16,0.0,58,0.0,243,0.0205,1509,ABI-L2-ACMF/2023/040/00/OR_ABI-L2-ACMF-M6_G16_s20230400000204_e20230400009512_c20230400011120.nc
2023-02-08T10:05:06,G16,0.0,58,0.0041,243,0.0656,1509,ABI-L2-ACMF/2023/039/10/OR_ABI-L2-ACMF-M6_G16_s20230391000206_e20230391009514_c20230391011187.nc
2023-02-08T22:05:05,G16,0.0,58,0.0,243,0.0477,1509,ABI-L2-ACMF/2023/039/22/OR_ABI-L2-ACMF-M6_G16_s20230392200204_e20230392209512_c20230392211128.nc
2023-02-09T02:05:05,G16,0.0,58,0.0,243,0.0159,1509,ABI-L2-ACMF/2023/040/02/OR_ABI-L2-ACMF-M6_G16_s20230400200204_e20230400209512_c20230400211022.nc
2023-02-09T03:05:05,G16,0.0,58,0.0,243,0.0192,1509,ABI-L2-ACMF/2023/040/03/OR_ABI-L2-ACMF-M6_G16_s20230400300204_e20230400309512_c20230400311058.nc
2023-02-09T05:05:05,G16,0.0,58,0.0,243,0.0152,1509,ABI-L2-ACMF/2023/040/05/OR_ABI-L2-ACMF-M6_G16_s20230400500204_e20230400509512_c20230400511146.nc
2023-02-09T01:05:05,G16,0.0,58,0.0,243,0.0106,1509,ABI-L2-ACMF/2023/040/01/OR_ABI-L2-ACMF-M6_G16_s20230400100204_e20230400109512_c20230400111162.nc
2023-02-08T11:05:06,G16,0.0,58,0.0,243,0.0146,1509,ABI-L2-ACMF/2023/039/11/OR_ABI-L2-ACMF-M6_G16_s20230391100206_e20230391109514_c20230391111139.nc
2023-02-09T04:05:05,G16,0.0,58,0.0,243,0.0172,1509,ABI-L2-ACMF/2023/040/04/OR_ABI-L2-ACMF-M6_G16_s20230400400204_e20230400409512_c20230400411153.nc
2023-02-09T08:05:06,G16,0.0,58,0.0,243,0.0166,1509,ABI-L2-ACMF/2023/040/08/OR_ABI-L2-ACMF-M6_G16_s20230400800207_e20230400809515_c20230400811029.nc
2023-02-09T09:05:06,G16,0.0,58,0.0,243,0.0199,1509,ABI-L2-ACMF/2023/040/09/OR_ABI-L2-ACMF-M6_G16_s20230400900207_e20230400909515_c20230400911180.nc
2023-02-09T06:05:06,G16,0.0,58,0.0,243,0.0159,1509,ABI-L2-ACMF/2023/040/06/OR_ABI-L2-ACMF-M6_G16_s20230400600207_e20230400609514_c20230400611032.nc
2023-02-09T10:05:06,G16,0.0,58,0.0,243,0.0722,1509,ABI-L2-ACMF/2023/040/10/OR_ABI-L2-ACMF-M6_G16_s20230401000207_e20230401009515_c20230401011084.nc
2023-02-09T11:05:06,G16,0.0,58,0.0,243,0.0066,1509,ABI-L2-ACMF/2023/040/11/OR_ABI-L2-ACMF-M6_G16_s20230401100207_e20230401109515_c20230401110596.nc
2023-02-09T22:05:05,G16,0.0,58,0.0,243,0.0292,1509,ABI-L2-ACMF/2023/040/22/OR_ABI-L2-ACMF-M6_G16_s20230402200205_e20230402209513_c20230402211163.nc
2023-02-09T07:05:06,G16,0.0,58,0.0,243,0.0139,1509,ABI-L2-ACMF/2023/040/07/OR_ABI-L2-ACMF-M6_G16_s20230400700207_e20230400709514_c20230400711144.nc
2023-02-09T23:05:05,G16,0.0,58,0.0,243,0.0338,1509,ABI-L2-ACMF/2023/040/23/OR_ABI-L2-ACMF-M6_G16_s20230402300205_e20230402309513_c20230402311041.nc
2023-02-10T01:05:05,G16,0.0,58,0.0,243,0.0278,1509,ABI-L2-ACMF/2023/041/01/OR_ABI-L2-ACMF-M6_G16_s20230410100205_e20230410109513_c20230410111154.nc
2023-02-10T00:05:05,G16,0.0,58,0.0,243,0.0066,1509,ABI-L2-ACMF/2023/041/00/OR_ABI-L2-ACMF-M6_G16_s20230410000205_e20230410009513_c20230410011105.nc
2023-02-10T02:05:05,G16,0.0,58,0.0,243,0.0133,1509,ABI-L2-ACMF/2023/041/02/OR_ABI-L2-ACMF-M6_G16_s20230410200205_e20230410209513_c20230410211006.nc
2023-02-10T03:05:05,G16,0.0,58,0.0,243,0.0232,1509,ABI-L2-ACMF/2023/041/03/OR_ABI-L2-ACMF-M6_G16_s20230410300205_e20230410309513_c20230410311063.nc
2023-02-10T05:05:05,G16,0.0,58,0.0,243,0.061,1509,ABI-L2-ACMF/2023/041/05/OR_ABI-L2-ACMF-M6_G16_s20230410500205_e20230410509513_c20230410511154.nc
2023-02-10T08:05:06,G16,0.0,58,0.0,243,0.0325,1509,ABI-L2-ACMF/2023/041/08/OR_ABI-L2-ACMF-M6_G16_s20230410800207_e20230410809515_c20230410811018.nc
2023-02-10T07:05:06,G16,0.0,58,0.0,243,0.0404,1509,ABI-L2-ACMF/2023/041/07/OR_ABI-L2-ACMF-M6_G16_s20230410700207_e20230410709515_c20230410711013.nc
2023-02-10T06:05:06,G16,0.0,58,0.0,243,0.0451,1509,ABI-L2-ACMF/2023/041/06/OR_ABI-L2-ACMF-M6_G16_s20230410600207_e20230410609515_c20230410611130.nc
2023-02-10T04:05:05,G16,0.0,58,0.0,243,0.0683,1509,ABI-L2-ACMF/2023/041/04/OR_ABI-L2-ACMF-M6_G16_s20230410400205_e20230410409513_c20230410411053.nc
2023-02-10T11:05:06,G16,0.0,58,0.0,243,0.0663,1509,ABI-L2-ACMF/2023/041/11/OR_ABI-L2-ACMF-M6_G16_s20230411100207_e20230411109515_c20230411111178.nc
2023-02-10T22:05:05,G16,0.0,58,0.0,243,0.1166,1509,ABI-L2-ACMF/2023/041/22/OR_ABI-L2-ACMF-M6_G16_s20230412200205_e20230412209513_c20230412211150.nc
2023-02-11T00:05:05,G16,0.0,58,0.0,243,0.0053,1509,ABI-L2-ACMF/2023/042/00/OR_ABI-L2-ACMF-M6_G16_s20230420000205_e20230420009513_c20230420011134.nc
2023-02-10T10:05:06,G16,0.0,58,0.0,243,0.053,1509,ABI-L2-ACMF/2023/041/10/OR_ABI-L2-ACMF-M6_G16_s20230411000207_e20230411009515_c20230411011143.nc
2023-02-11T01:05:05,G16,0.0,58,0.0,243,0.0033,1509,ABI-L2-ACMF/2023/042/01/OR_ABI-L2-ACMF-M6_G16_s20230420100205_e20230420109513_c20230420111092.nc
2023-02-10T23:05:05,G16,0.0,58,0.0,243,0.051,1509,ABI-L2-ACMF/2023/041/23/OR_ABI-L2-ACMF-M6_G16_s20230412300205_e20230412309513_c20230412311031.nc
2023-02-11T02:05:05,G16,0.0,58,0.0,243,0.006,1509,ABI-L2-ACMF/2023/042/02/OR_ABI-L2-ACMF-M6_G16_s20230420200205_e20230420209513_c20230420211048.nc
2023-02-11T06:05:06,G16,0.0,58,0.0,243,0.0358,1509,ABI-L2-ACMF/2023/042/06/OR_ABI-L2-ACMF-M6_G16_s20230420600208_e20230420609515_c20230420611093.nc
2023-02-11T03:05:05,G16,0.0,58,0.0,243,0.006,1509,ABI-L2-ACMF/2023/042/03/OR_ABI-L2-ACMF-M6_G16_s20230420300205_e20230420309513_c20230420311069.nc
2023-02-11T04:05:05,G16,0.0,58,0.0,243,0.0027,1509,ABI-L2-ACMF/2023/042/04/OR_ABI-L2-ACMF-M6_G16_s20230420400205_e20230420409513_c20230420411036.nc
2023-02-11T07:05:06,G16,0.0,58,0.0947,243,0.1829,1509,ABI-L2-ACMF/2023/042/07/OR_ABI-L2-ACMF-M6_G16_s20230420700208_e20230420709515_c20230420711038.nc
2023-02-11T08:05:06,G16,0.0,58,0.0576,243,0.1902,1509,ABI-L2-ACMF/2023/042/08/OR_ABI-L2-ACMF-M6_G16_s20230420800208_e20230420809515_c20230420811160.nc
2023-02-11T10:05:06,G16,0.0,58,0.0,243,0.049,1509,ABI-L2-ACMF/2023/042/10/OR_ABI-L2-ACMF-M6_G16_s20230421000208_e20230421009516_c20230421011158.nc
2023-02-11T05:05:05,G16,0.0,58,0.0,243,0.0027,1509,ABI-L2-ACMF/2023/042/05/OR_ABI-L2-ACMF-M6_G16_s20230420500205_e20230420509513_c20230420511105.nc
2023-02-11T09:05:06,G16,0.0,58,0.0206,243,0.1272,1509,ABI-L2-ACMF/2023/042/09/OR_ABI-L2-ACMF-M6_G16_s20230420900208_e20230420909516_c20230420911077.nc
2023-02-11T11:05:06,G16,0.0,58,0.0,243,0.1074,1509,ABI-L2-ACMF/2023/042/11/OR_ABI-L2-ACMF-M6_G16_s20230421100208_e20230421109515_c20230421111162.nc
2023-02-11T22:05:06,G16,0.0,58,0.0,243,0.0345,1509,ABI-L2-ACMF/2023/042/22/OR_ABI-L2-ACMF-M6_G16_s20230422200206_e20230422209514_c20230422211050.nc
2023-02-12T04:05:06,G16,0.0,58,0.0,243,0.0119,1509,ABI-L2-ACMF/2023/043/04/OR_ABI-L2-ACMF-M6_G16_s20230430400206_e20230430409514_c20230430411030.nc
2023-02-12T02:05:06,G16,0.0,58,0.0,243,0.0139,1509,ABI-L2-ACMF/2023/043/02/OR_ABI-L2-ACMF-M6_G16_s20230430200206_e20230430209514_c20230430211053.nc
2023-02-12T06:05:06,G16,0.0,58,0.0,243,0.004,1509,ABI-L2-ACMF/2023/043/06/OR_ABI-L2-ACMF-M6_G16_s20230430600208_e20230430609516_c20230430611119.nc
2023-02-12T01:05:06,G16,0.0,58,0.0,243,0.0292,1509,ABI-L2-ACMF/2023/043/01/OR_ABI-L2-ACMF-M6_G16_s20230430100206_e20230430109514_c20230430111109.nc
2023-02-12T00:05:06,G16,0.0,58,0.0,243,0.0225,1509,ABI-L2-ACMF/2023/043/00/OR_ABI-L2-ACMF-M6_G16_s20230430000206_e20230430009514_c20230430011074.nc
2023-02-12T05:05:06,G16,0.0,58,0.0,243,0.006,1509,ABI-L2-ACMF/2023/043/05/OR_ABI-L2-ACMF-M6_G16_s20230430500206_e20230430509514_c20230430511042.nc
2023-02-12T03:05:06,G16,0.0,58,0.0,243,0.0119,1509,ABI-L2-ACMF/2023/043/03/OR_ABI-L2-ACMF-M6_G16_s20230430300206_e20230430309514_c20230430311105.nc
2023-02-12T08:05:06,G16,0.0,58,0.0,243,0.0027,1509,ABI-L2-ACMF/2023/043/08/OR_ABI-L2-ACMF-M6_G16_s20230430800208_e20230430809516_c20230430811072.nc
2023-02-12T07:05:06,G16,0.0,58,0.0,243,0.0033,1509,ABI-L2-ACMF/2023/043/07/OR_ABI-L2-ACMF-M6_G16_s20230430700208_e20230430709516_c20230430711104.nc
2023-02-11T23:05:06,G16,0.0,58,0.0,243,0.0311,1509,ABI-L2-ACMF/2023/042/23/OR_ABI-L2-ACMF-M6_G16_s20230422300206_e20230422309514_c20230422311033.nc
2023-02-12T09:05:06,G16,0.0,58,0.0,243,0.0033,1509,ABI-L2-ACMF/2023/043/09/OR_ABI-L2-ACMF-M6_G16_s20230430900208_e20230430909516_c20230430911107.nc
2023-02-13T01:05:06,G16,0.0,58,0.0,243,0.0046,1509,ABI-L2-ACMF/2023/044/01/OR_ABI-L2-ACMF-M6_G16_s20230440100206_e20230440109514_c20230440111124.nc
2023-02-12T11:05:06,G16,0.0,58,0.0,243,0.0066,1509,ABI-L2-ACMF/2023/043/11/OR_ABI-L2-ACMF-M6_G16_s20230431100208_e20230431109516_c20230431111114.nc
2023-02-13T00:05:06,G16,0.0,58,0.0,243,0.0013,1509,ABI-L2-ACMF/2023/044/00/OR_ABI-L2-ACMF-M6_G16_s20230440000206_e20230440009514_c20230440011125.nc
2023-02-12T22:05:06,G16,0.0,58,0.0,243,0.0139,1509,ABI-L2-ACMF/2023/043/22/OR_ABI-L2-ACMF-M6_G16_s20230432200206_e20230432209514_c20230432211010.nc
2023-02-12T10:05:06,G16,0.0,58,0.0,243,0.0371,1509,ABI-L2-ACMF/2023/043/10/OR_ABI-L2-ACMF-M6_G16_s20230431000208_e20230431009516_c20230431011123.nc
2023-02-13T03:05:06,G16,0.0,58,0.0,243,0.0152,1509,ABI-L2-ACMF/2023/044/03/OR_ABI-L2-ACMF-M6_G16_s20230440300206_e20230440309514_c20230440311017.nc
2023-02-13T06:05:06,G16,0.0,58,0.0,243,0.0239,1509,ABI-L2-ACMF/2023/044/06/OR_ABI-L2-ACMF-M6_G16_s20230440600208_e20230440609516_c20230440611042.nc
2023-02-13T02:05:06,G16,0.0,58,0.0,243,0.0073,1509,ABI-L2-ACMF/2023/044/02/OR_ABI-L2-ACMF-M6_G16_s20230440200206_e20230440209514_c20230440211070.nc
2023-02-13T04:05:06,G16,0.0,58,0.0,243,0.0166,1509,ABI-L2-ACMF/2023/044/04/OR_ABI-L2-ACMF-M6_G16_s20230440400206_e20230440409514_c20230440411060.nc
2023-02-13T05:05:06,G16,0.0,58,0.0,243,0.0146,1509,ABI-L2-ACMF/2023/044/05/OR_ABI-L2-ACMF-M6_G16_s20230440500206_e20230440509514_c20230440511092.nc
2023-02-12T23:05:06,G16,0.0,58,0.0,243,0.0013,1509,ABI-L2-ACMF/2023/043/23/OR_ABI-L2-ACMF-M6_G16_s20230432300206_e20230432309514_c20230432311061.nc
2023-02-13T08:05:06,G16,0.0,58,0.0,243,0.0239,1509,ABI-L2-ACMF/2023/044/08/OR_ABI-L2-ACMF-M6_G16_s20230440800208_e20230440809516_c20230440811084.nc
2023-02-13T07:05:06,G16,0.0,58,0.0,243,0.0225,1509,ABI-L2-ACMF/2023/044/07/OR_ABI-L2-ACMF-M6_G16_s20230440700208_e20230440709516_c20230440711043.nc
2023-02-13T09:05:06,G16,0.0,58,0.0,243,0.0265,1509,ABI-L2-ACMF/2023/044/09/OR_ABI-L2-ACMF-M6_G16_s20230440900208_e20230440909516_c20230440911066.nc
2023-02-10T09:05:06,G16,0.0,58,0.0,243,0.0318,1509,ABI-L2-ACMF/2023/041/09/OR_ABI-L2-ACMF-M6_G16_s20230410900207_e20230410909515_c20230410911104.nc
2023-02-13T23:05:06,G16,0.0,58,0.0,243,0.0013,1509,ABI-L2-ACMF/2023/044/23/OR_ABI-L2-ACMF-M6_G16_s20230442300207_e20230442309514_c20230442311189.nc
2023-02-13T11:05:06,G16,0.0,58,0.0,243,0.002,1509,ABI-L2-ACMF/2023/044/11/OR_ABI-L2-ACMF-M6_G16_s20230441100209_e20230441109516_c20230441111112.nc
2023-02-14T06:05:06,G16,0.0,58,0.0,243,0.0152,1509,ABI-L2-ACMF/2023/045/06/OR_ABI-L2-ACMF-M6_G16_s20230450600209_e20230450609517_c20230450611107.nc
2023-02-14T05:05:06,G16,0.0,58,0.0,243,0.0093,1509,ABI-L2-ACMF/2023/045/05/OR_ABI-L2-ACMF-M6_G16_s20230450500207_e20230450509514_c20230450511158.nc
2023-02-14T03:05:06,G16,0.0,58,0.0,243,0.0133,1509,ABI-L2-ACMF/2023/045/03/OR_ABI-L2-ACMF-M6_G16_s20230450300207_e20230450309515_c20230450311118.nc
2023-02-14T00:05:06,G16,0.0,58,0.0,243,0.0027,1509,ABI-L2-ACMF/2023/045/00/OR_ABI-L2-ACMF-M6_G16_s20230450000207_e20230450009515_c20230450011041.nc
2023-02-14T04:05:06,G16,0.0,58,0.0,243,0.0106,1509,ABI-L2-ACMF/2023/045/04/OR_ABI-L2-ACMF-M6_G16_s20230450400207_e20230450409514_c20230450411107.nc
2023-02-14T01:05:06,G16,0.0,58,0.0,243,0.0046,1509,ABI-L2-ACMF/2023/045/01/OR_ABI-L2-ACMF-M6_G16_s20230450100207_e20230450109514_c20230450111082.nc
2023-02-13T22:05:06,G16,0.0,58,0.0,243,0.0212,1509,ABI-L2-ACMF/2023/044/22/OR_ABI-L2-ACMF-M6_G16_s20230442200207_e20230442209514_c20230442211056.nc
2023-02-13T10:05:06,G16,0.0,58,0.0,243,0.0431,1509,ABI-L2-ACMF/2023/044/10/OR_ABI-L2-ACMF-M6_G16_s20230441000208_e20230441009516_c20230441011148.nc
2023-02-14T07:05:06,G16,0.0,58,0.0,243,0.0212,1509,ABI-L2-ACMF/2023/045/07/OR_ABI-L2-ACMF-M6_G16_s20230450700209_e20230450709517_c20230450711033.nc
2023-02-14T02:05:06,G16,0.0,58,0.0,243,0.008,1509,ABI-L2-ACMF/2023/045/02/OR_ABI-L2-ACMF-M6_G16_s20230450200207_e20230450209514_c20230450211048.nc
2023-02-15T00:05:06,G16,0.0,58,0.0,243,0.0,1509,ABI-L2-ACMF/2023/046/00/OR_ABI-L2-ACMF-M6_G16_s20230460000207_e20230460009515_c20230460011043.nc
2023-02-14T11:05:06,G16,0.0,58,0.0,243,0.0013,1509,ABI-L2-ACMF/2023/045/11/OR_ABI-L2-ACMF-M6_G16_s20230451100209_e20230451109517_c20230451111146.nc
2023-02-15T01:05:06,G16,0.0,58,0.0,243,0.0,1509,ABI-L2-ACMF/2023/046/01/OR_ABI-L2-ACMF-M6_G16_s20230460100207_e20230460109515_c20230460111095.nc
2023-02-14T10:05:06,G16,0.0,58,0.0,243,0.0411,1509,ABI-L2-ACMF/2023/045/10/OR_ABI-L2-ACMF-M6_G16_s20230451000209_e20230451009517_c20230451011153.nc
2023-02-15T04:05:06,G16,0.0,58,0.0,243,0.0013,1509,ABI-L2-ACMF/2023/046/04/OR_ABI-L2-ACMF-M6_G16_s20230460400207_e20230460409515_c20230460411165.nc
2023-02-15T05:05:06,G16,0.0,58,0.0,243,0.0033,1509,ABI-L2-ACMF/2023/046/05/OR_ABI-L2-ACMF-M6_G16_s20230460500207_e20230460509515_c20230460511127.nc
2023-02-15T03:05:06,G16,0.0,58,0.0,243,0.0013,1509,ABI-L2-ACMF/2023/046/03/OR_ABI-L2-ACMF-M6_G16_s20230460300207_e20230460309515_c20230460311174.nc
2023-02-14T22:05:06,G16,0.0,58,0.0,243,0.0199,1509,ABI-L2-ACMF/2023/045/22/OR_ABI-L2-ACMF-M6_G16_s20230452200207_e20230452209515_c20230452211033.nc
2023-02-14T23:05:06,G16,0.0,58,0.0,243,0.002,1509,ABI-L2-ACMF/2023/045/23/OR_ABI-L2-ACMF-M6_G16_s20230452300207_e20230452309515_c20230452311003.nc
2023-02-15T02:05:06,G16,0.0,58,0.0,243,0.0,1509,ABI-L2-ACMF/2023/046/02/OR_ABI-L2-ACMF-M6_G16_s20230460200207_e20230460209515_c20230460211009.nc
2023-02-14T09:05:06,G16,0.0,58,0.0,243,0.0225,1509,ABI-L2-ACMF/2023/045/09/OR_ABI-L2-ACMF-M6_G16_s20230450900209_e20230450909517_c20230450911096.nc
2023-02-14T08:05:06,G16,0.0,58,0.0,243,0.0205,1509,ABI-L2-ACMF/2023/045/08/OR_ABI-L2-ACMF-M6_G16_s20230450800209_e20230450809517_c20230450811126.nc
2023-02-15T07:05:06,G16,0.0,58,0.0,243,0.0046,1509,ABI-L2-ACMF/2023/046/07/OR_ABI-L2-ACMF-M6_G16_s20230460700209_e20230460709517_c20230460711123.nc
2023-02-15T23:05:06,G16,0.0,58,0.0,243,0.0186,1509,ABI-L2-ACMF/2023/046/23/OR_ABI-L2-ACMF-M6_G16_s20230462300208_e20230462309515_c20230462311110.nc
2023-02-15T09:05:06,G16,0.0,58,0.0,243,0.006,1509,ABI-L2-ACMF/2023/046/09/OR_ABI-L2-ACMF-M6_G16_s20230460900209_e20230460909517_c20230460911087.nc
2023-02-15T08:05:06,G16,0.0,58,0.0,243,0.0066,1509,ABI-L2-ACMF/2023/046/08/OR_ABI-L2-ACMF-M6_G16_s20230460800209_e20230460809517_c20230460811014.nc
2023-02-15T06:05:06,G16,0.0,58,0.0,243,0.0053,1509,ABI-L2-ACMF/2023/046/06/OR_ABI-L2-ACMF-M6_G16_s20230460600209_e20230460609517_c20230460611118.nc
2023-02-16T02:05:06,G16,0.0,58,0.0,243,0.0046,1509,ABI-L2-ACMF/2023/047/02/OR_ABI-L2-ACMF-M6_G16_s20230470200208_e20230470209515_c20230470211048.nc
2023-02-15T22:05:06,G16,0.0,58,0.0,243,0.0311,1509,ABI-L2-ACMF/2023/046/22/OR_ABI-L2-ACMF-M6_G16_s20230462200208_e20230462209515_c20230462211098.nc
2023-02-16T03:05:06,G16,0.0,58,0.0,243,0.0053,1509,ABI-L2-ACMF/2023/047/03/OR_ABI-L2-ACMF-M6_G16_s20230470300208_e20230470309515_c20230470311139.nc
2023-02-16T01:05:06,G16,0.0,58,0.0,243,0.0027,1509,ABI-L2-ACMF/2023/047/01/OR_ABI-L2-ACMF-M6_G16_s20230470100208_e20230470109515_c20230470110582.nc
2023-02-16T00:05:06,G16,0.0,58,0.0,243,0.0,1509,ABI-L2-ACMF/2023/047/00/OR_ABI-L2-ACMF-M6_G16_s20230470000208_e20230470009515_c20230470011175.nc
2023-02-15T10:05:06,G16,0.0,58,0.0,243,0.0331,1509,ABI-L2-ACMF/2023/046/10/OR_ABI-L2-ACMF-M6_G16_s20230461000209_e20230461009517_c20230461011089.nc
2023-02-15T11:05:06,G16,0.0,58,0.0,243,0.0013,1509,ABI-L2-ACMF/2023/046/11/OR_ABI-L2-ACMF-M6_G16_s20230461100209_e20230461109517_c20230461111035.nc
2023-02-16T07:05:06,G16,0.0,58,0.0,243,0.0278,1509,ABI-L2-ACMF/2023/047/07/OR_ABI-L2-ACMF-M6_G16_s20230470700210_e20230470709518_c20230470711158.nc
2023-02-16T04:05:06,G16,0.0,58,0.0,243,0.0086,1509,ABI-L2-ACMF/2023/047/04/OR_ABI-L2-ACMF-M6_G16_s20230470400208_e20230470409515_c20230470411120.nc
2023-02-16T09:05:06,G16,0.0,58,0.0,243,0.0398,1509,ABI-L2-ACMF/2023/047/09/OR_ABI-L2-ACMF-M6_G16_s20230470900210_e20230470909518_c20230470911069.nc
2023-02-16T05:05:06,G16,0.0,58,0.0,243,0.004,1509,ABI-L2-ACMF/2023/047/05/OR_ABI-L2-ACMF-M6_G16_s20230470500208_e20230470509515_c20230470511081.nc
2023-02-16T06:05:06,G16,0.0,58,0.0,243,0.0126,1509,ABI-L2-ACMF/2023/047/06/OR_ABI-L2-ACMF-M6_G16_s20230470600210_e20230470609518_c20230470611165.nc
2023-02-16T10:05:06,G16,0.0,58,0.0,243,0.0663,1509,ABI-L2-ACMF/2023/047/10/OR_ABI-L2-ACMF-M6_G16_s20230471000210_e20230471009518_c20230471011114.nc
2023-02-16T11:05:06,G16,0.0,58,0.0,243,0.0205,1509,ABI-L2-ACMF/2023/047/11/OR_ABI-L2-ACMF-M6_G16_s20230471100210_e20230471109518_c20230471111032.nc
2023-02-16T22:05:06,G16,0.0,58,0.0247,243,0.1763,1509,ABI-L2-ACMF/2023/047/22/OR_ABI-L2-ACMF-M6_G16_s20230472200208_e20230472209516_c20230472211202.nc
2023-02-16T08:05:06,G16,0.0,58,0.0,243,0.0311,1509,ABI-L2-ACMF/2023/047/08/OR_ABI-L2-ACMF-M6_G16_s20230470800210_e20230470809518_c20230470811090.nc
2023-02-17T01:05:06,G16,0.0,58,0.0,243,0.0517,1509,ABI-L2-ACMF/2023/048/01/OR_ABI-L2-ACMF-M6_G16_s20230480100208_e20230480109516_c20230480111056.nc
2023-02-17T00:05:06,G16,0.0,58,0.0,243,0.059,1509,ABI-L2-ACMF/2023/048/00/OR_ABI-L2-ACMF-M6_G16_s20230480000208_e20230480009516_c20230480011095.nc
2023-02-16T23:05:06,G16,0.0,58,0.0,243,0.1014,1509,ABI-L2-ACMF/2023/047/23/OR_ABI-L2-ACMF-M6_G16_s20230472300208_e20230472309516_c20230472311191.nc
2023-02-17T22:05:06,G16,0.0,58,0.0412,243,0.2313,1509,ABI-L2-ACMF/2023/048/22/OR_ABI-L2-ACMF-M6_G16_s20230482200208_e20230482209516_c20230482211112.nc
2023-02-17T10:05:06,G16,0.0,58,0.0,243,0.0517,1509,ABI-L2-ACMF/2023/048/10/OR_ABI-L2-ACMF-M6_G16_s20230481000210_e20230481009518_c20230481011102.nc
2023-02-17T09:05:06,G16,0.0,58,0.0,243,0.0245,1509,ABI-L2-ACMF/2023/048/09/OR_ABI-L2-ACMF-M6_G16_s20230480900210_e20230480909518_c20230480911148.nc
2023-02-17T06:05:06,G16,0.0,58,0.0,243,0.0245,1509,ABI-L2-ACMF/2023/048/06/OR_ABI-L2-ACMF-M6_G16_s20230480600210_e20230480609518_c20230480611063.nc
2023-02-17T05:05:06,G16,0.0,58,0.0,243,0.0152,1509,ABI-L2-ACMF/2023/048/05/OR_ABI-L2-ACMF-M6_G16_s20230480500208_e20230480509516_c20230480511052.nc
2023-02-17T02:05:06,G16,0.0,58,0.0,243,0.0504,1509,ABI-L2-ACMF/2023/048/02/OR_ABI-L2-ACMF-M6_G16_s20230480200208_e20230480209516_c20230480211122.nc
2023-02-17T07:05:06,G16,0.0,58,0.0,243,0.0325,1509,ABI-L2-ACMF/2023/048/07/OR_ABI-L2-ACMF-M6_G16_s20230480700210_e20230480709518_c20230480711143.nc
2023-02-17T04:05:06,G16,0.0,58,0.0,243,0.0258,1509,ABI-L2-ACMF/2023/048/04/OR_ABI-L2-ACMF-M6_G16_s20230480400208_e20230480409516_c20230480411207.nc
2023-02-17T23:05:06,G16,0.0,58,0.0041,243,0.1266,1509,ABI-L2-ACMF/2023/048/23/OR_ABI-L2-ACMF-M6_G16_s20230482300208_e20230482309516_c20230482311138.nc
2023-02-17T03:05:06,G16,0.0,58,0.0,243,0.0444,1509,ABI-L2-ACMF/2023/048/03/OR_ABI-L2-ACMF-M6_G16_s20230480300208_e20230480309516_c20230480311133.nc
2023-02-17T11:05:06,G16,0.0,58,0.0,243,0.0212,1509,ABI-L2-ACMF/2023/048/11/OR_ABI-L2-ACMF-M6_G16_s20230481100210_e20230481109518_c20230481111112.nc
2023-02-17T08:05:06,G16,0.0,58,0.0,243,0.0252,1509,ABI-L2-ACMF/2023/048/08/OR_ABI-L2-ACMF-M6_G16_s20230480800210_e20230480809518_c20230480811156.nc
2023-02-18T03:05:06,G16,0.0,58,0.0,243,0.0451,1509,ABI-L2-ACMF/2023/049/03/OR_ABI-L2-ACMF-M6_G16_s20230490300208_e20230490309516_c20230490311050.nc
2023-02-18T04:05:06,G16,0.0,58,0.0,243,0.049,1509,ABI-L2-ACMF/2023/049/04/OR_ABI-L2-ACMF-M6_G16_s20230490400208_e20230490409516_c20230490411004.nc
2023-02-18T01:05:06,G16,0.0,58,0.0,243,0.055,1509,ABI-L2-ACMF/2023/049/01/OR_ABI-L2-ACMF-M6_G16_s20230490100208_e20230490109516_c20230490111210.nc
2023-02-18T00:05:06,G16,0.0,58,0.0,243,0.0782,1509,ABI-L2-ACMF/2023/049/00/OR_ABI-L2-ACMF-M6_G16_s20230490000208_e20230490009516_c20230490011070.nc
2023-02-18T02:05:06,G16,0.0,58,0.0,243,0.0563,1509,ABI-L2-ACMF/2023/049/02/OR_ABI-L2-ACMF-M6_G16_s20230490200208_e20230490209516_c20230490211053.nc
2023-02-18T05:05:06,G16,0.0,58,0.0,243,0.0411,1509,ABI-L2-ACMF/2023/049/05/OR_ABI-L2-ACMF-M6_G16_s20230490500208_e20230490509516_c20230490511148.nc
2023-02-18T06:05:06,G16,0.0,58,0.0,243,0.0616,1509,ABI-L2-ACMF/2023/049/06/OR_ABI-L2-ACMF-M6_G16_s20230490600211_e20230490609519_c20230490611129.nc
2023-02-18T08:05:06,G16,0.0,58,0.0,243,0.0371,1509,ABI-L2-ACMF/2023/049/08/OR_ABI-L2-ACMF-M6_G16_s20230490800211_e20230490809519_c20230490811018.nc
2023-02-18T10:05:06,G16,0.0,58,0.0,243,0.0656,1509,ABI-L2-ACMF/2023/049/10/OR_ABI-L2-ACMF-M6_G16_s20230491000211_e20230491009519_c20230491011088.nc
2023-02-18T07:05:06,G16,0.0,58,0.0,243,0.0378,1509,ABI-L2-ACMF/2023/049/07/OR_ABI-L2-ACMF-M6_G16_s20230490700211_e20230490709519_c20230490711020.nc
2023-02-18T11:05:06,G16,0.0,58,0.0041,243,0.0172,1509,ABI-L2-ACMF/2023/049/11/OR_ABI-L2-ACMF-M6_G16_s20230491100211_e20230491109519_c20230491111169.nc
2023-02-18T09:05:06,G16,0.0,58,0.0,243,0.0325,1509,ABI-L2-ACMF/2023/049/09/OR_ABI-L2-ACMF-M6_G16_s20230490900211_e20230490909519_c20230490911117.nc
2023-02-18T22:05:05,G16,0.0,58,0.1399,243,0.3433,1509,ABI-L2-ACMF/2023/049/22/OR_ABI-L2-ACMF-M6_G16_s20230492200202_e20230492209510_c20230492211120.nc
2023-02-18T23:05:05,G16,0.0,58,0.0617,243,0.22,1509,ABI-L2-ACMF/2023/049/23/OR_ABI-L2-ACMF-M6_G16_s20230492300202_e20230492309510_c20230492311044.nc
2023-02-19T02:05:05,G16,0.0,58,0.0041,243,0.0815,1509,ABI-L2-ACMF/2023/050/02/OR_ABI-L2-ACMF-M6_G16_s20230500200202_e20230500209510_c20230500211036.nc
2023-02-19T00:05:05,G16,0.0,58,0.0123,243,0.1259,1509,ABI-L2-ACMF/2023/050/00/OR_ABI-L2-ACMF-M6_G16_s20230500000202_e20230500009510_c20230500011073.nc
2023-02-19T01:05:05,G16,0.0,58,0.0082,243,0.0941,1509,ABI-L2-ACMF/2023/050/01/OR_ABI-L2-ACMF-M6_G16_s20230500100202_e20230500109510_c20230500111040.nc
2023-02-19T04:05:05,G16,0.0,58,0.0,243,0.0583,1509,ABI-L2-ACMF/2023/050/04/OR_ABI-L2-ACMF-M6_G16_s20230500400202_e20230500409510_c20230500411096.nc
2023-02-19T08:05:05,G16,0.0,58,0.0,243,0.0471,1509,ABI-L2-ACMF/2023/050/08/OR_ABI-L2-ACMF-M6_G16_s20230500800205_e20230500809513_c20230500811125.nc
2023-02-19T06:05:05,G16,0.0,58,0.0,243,0.0457,1509,ABI-L2-ACMF/2023/050/06/OR_ABI-L2-ACMF-M6_G16_s20230500600205_e20230500609513_c20230500611047.nc
2023-02-19T03:05:05,G16,0.0,58,0.0,243,0.0722,1509,ABI-L2-ACMF/2023/050/03/OR_ABI-L2-ACMF-M6_G16_s20230500300202_e20230500309510_c20230500311180.nc
2023-02-19T05:05:05,G16,0.0,58,0.0,243,0.0424,1509,ABI-L2-ACMF/2023/050/05/OR_ABI-L2-ACMF-M6_G16_s20230500500202_e20230500509510_c20230500511020.nc
2023-02-19T09:05:05,G16,0.0,58,0.0,243,0.0464,1509,ABI-L2-ACMF/2023/050/09/OR_ABI-L2-ACMF-M6_G16_s20230500900205_e20230500909513_c20230500911072.nc
2023-02-19T07:05:05,G16,0.0,58,0.0,243,0.049,1509,ABI-L2-ACMF/2023/050/07/OR_ABI-L2-ACMF-M6_G16_s20230500700205_e20230500709513_c20230500711100.nc
2023-02-19T11:05:05,G16,0.0,58,0.0,243,0.0113,1509,ABI-L2-ACMF/2023/050/11/OR_ABI-L2-ACMF-M6_G16_s20230501100205_e20230501109513_c20230501111103.nc
2023-02-19T10:05:05,G16,0.0,58,0.0,243,0.063,1509,ABI-L2-ACMF/2023/050/10/OR_ABI-L2-ACMF-M6_G16_s20230501000205_e20230501009513_c20230501011184.nc
2023-02-19T22:05:05,G16,0.0,58,0.0782,243,0.175,1509,ABI-L2-ACMF/2023/050/22/OR_ABI-L2-ACMF-M6_G16_s20230502200203_e20230502209511_c20230502211094.nc
2023-02-20T00:05:05,G16,0.0,58,0.0,243,0.1001,1509,ABI-L2-ACMF/2023/051/00/OR_ABI-L2-ACMF-M6_G16_s20230510000203_e20230510009511_c20230510011222.nc
2023-02-20T01:05:05,G16,0.0,58,0.0,243,0.1127,1509,ABI-L2-ACMF/2023/051/01/OR_ABI-L2-ACMF-M6_G16_s20230510100203_e20230510109511_c20230510111107.nc
2023-02-20T05:05:05,G16,0.0,58,0.0,243,0.0471,1509,ABI-L2-ACMF/2023/051/05/OR_ABI-L2-ACMF-M6_G16_s20230510500203_e20230510509511_c20230510511159.nc
2023-02-20T04:05:05,G16,0.0,58,0.0,243,0.055,1509,ABI-L2-ACMF/2023/051/04/OR_ABI-L2-ACMF-M6_G16_s20230510400203_e20230510409511_c20230510411162.nc
2023-02-20T03:05:05,G16,0.0,58,0.0041,243,0.0583,1509,ABI-L2-ACMF/2023/051/03/OR_ABI-L2-ACMF-M6_G16_s20230510300203_e20230510309511_c20230510311111.nc
2023-02-19T23:05:05,G16,0.0,58,0.0206,243,0.1345,1509,ABI-L2-ACMF/2023/050/23/OR_ABI-L2-ACMF-M6_G16_s20230502300203_e20230502309511_c20230502311093.nc
2023-02-20T07:05:05,G16,0.0,58,0.0494,243,0.1206,1509,ABI-L2-ACMF/2023/051/07/OR_ABI-L2-ACMF-M6_G16_s20230510700205_e20230510709513_c20230510711026.nc
2023-02-20T02:05:05,G16,0.0,58,0.0,243,0.0649,1509,ABI-L2-ACMF/2023/051/02/OR_ABI-L2-ACMF-M6_G16_s20230510200203_e20230510209511_c20230510211155.nc
2023-02-20T06:05:05,G16,0.0,58,0.0,243,0.0702,1509,ABI-L2-ACMF/2023/051/06/OR_ABI-L2-ACMF-M6_G16_s20230510600205_e20230510609513_c20230510611178.nc
2023-02-20T08:05:05,G16,0.0,58,0.107,243,0.1392,1509,ABI-L2-ACMF/2023/051/08/OR_ABI-L2-ACMF-M6_G16_s20230510800205_e20230510809513_c20230510811146.nc
2023-02-20T22:05:05,G16,0.8621,58,0.8272,243,0.8502,1509,ABI-L2-ACMF/2023/051/22/OR_ABI-L2-ACMF-M6_G16_s20230512200203_e20230512209511_c20230512211146.nc
2023-02-20T23:05:05,G16,0.9828,58,0.8272,243,0.9218,1509,ABI-L2-ACMF/2023/051/23/OR_ABI-L2-ACMF-M6_G16_s20230512300203_e20230512309511_c20230512311049.nc
2023-02-21T05:05:05,G16,0.7414,58,0.5514,243,0.3472,1509,ABI-L2-ACMF/2023/052/05/OR_ABI-L2-ACMF-M6_G16_s20230520500203_e20230520509511_c20230520511060.nc
2023-02-21T01:05:05,G16,1.0,58,0.9053,243,0.5706,1509,ABI-L2-ACMF/2023/052/01/OR_ABI-L2-ACMF-M6_G16_s20230520100203_e20230520109511_c20230520111171.nc
2023-02-21T04:05:05,G16,0.2759,58,0.3663,243,0.3572,1509,ABI-L2-ACMF/2023/052/04/OR_ABI-L2-ACMF-M6_G16_s20230520400203_e20230520409511_c20230520411045.nc
2023-02-21T03:05:05,G16,0.1379,58,0.2181,243,0.3956,1509,ABI-L2-ACMF/2023/052/03/OR_ABI-L2-ACMF-M6_G16_s20230520300203_e20230520309511_c20230520311169.nc
2023-02-21T00:05:05,G16,0.9828,58,0.963,243,0.7594,1509,ABI-L2-ACMF/2023/052/00/OR_ABI-L2-ACMF-M6_G16_s20230520000203_e20230520009511_c20230520011058.nc
2023-02-20T11:05:05,G16,0.2586,58,0.251,243,0.4785,1509,ABI-L2-ACMF/2023/051/11/OR_ABI-L2-ACMF-M6_G16_s20230511100205_e20230511109513_c20230511111111.nc
2023-02-21T02:05:05,G16,0.6034,58,0.3457,243,0.4228,1509,ABI-L2-ACMF/2023/052/02/OR_ABI-L2-ACMF-M6_G16_s20230520200203_e20230520209511_c20230520211024.nc
2023-02-20T09:05:05,G16,0.6379,58,0.3457,243,0.3413,1509,ABI-L2-ACMF/2023/051/09/OR_ABI-L2-ACMF-M6_G16_s20230510900205_e20230510909513_c20230510911113.nc
2023-02-20T10:05:05,G16,0.8793,58,0.7613,243,0.5136,1509,ABI-L2-ACMF/2023/051/10/OR_ABI-L2-ACMF-M6_G16_s20230511000205_e20230511009513_c20230511011103.nc
2023-02-21T07:05:05,G16,0.0172,58,0.0741,243,0.34,1509,ABI-L2-ACMF/2023/052/07/OR_ABI-L2-ACMF-M6_G16_s20230520700206_e20230520709513_c20230520711177.nc
2023-02-21T06:05:05,G16,0.0862,58,0.2469,243,0.1677,1509,ABI-L2-ACMF/2023/052/06/OR_ABI-L2-ACMF-M6_G16_s20230520600206_e20230520609513_c20230520611163.nc
2023-02-21T09:05:06,G16,0.7586,58,0.6667,243,0.6282,1509,ABI-L2-ACMF/2023/052/09/OR_ABI-L2-ACMF-M6_G16_s20230520900206_e20230520909514_c20230520911139.nc
2023-02-22T03:05:05,G16,0.0,58,0.0,243,0.0822,1509,ABI-L2-ACMF/2023/053/03/OR_ABI-L2-ACMF-M6_G16_s20230530300204_e20230530309512_c20230530311098.nc
2023-02-21T22:05:05,G16,0.3448,58,0.3827,243,0.4573,1509,ABI-L2-ACMF/2023/052/22/OR_ABI-L2-ACMF-M6_G16_s20230522200204_e20230522209512_c20230522211053.nc
2023-02-21T10:05:06,G16,0.3448,58,0.4403,243,0.4513,1509,ABI-L2-ACMF/2023/052/10/OR_ABI-L2-ACMF-M6_G16_s20230521000206_e20230521009514_c20230521011048.nc
2023-02-21T08:05:06,G16,0.8966,58,0.6337,243,0.6938,1509,ABI-L2-ACMF/2023/052/08/OR_ABI-L2-ACMF-M6_G16_s20230520800206_e20230520809514_c20230520811102.nc
2023-02-21T11:05:06,G16,0.2241,58,0.5514,243,0.4871,1509,ABI-L2-ACMF/2023/052/11/OR_ABI-L2-ACMF-M6_G16_s20230521100206_e20230521109514_c20230521111135.nc
2023-02-21T23:05:05,G16,0.1207,58,0.2346,243,0.3585,1509,ABI-L2-ACMF/2023/052/23/OR_ABI-L2-ACMF-M6_G16_s20230522300204_e20230522309512_c20230522311229.nc
2023-02-22T02:05:05,G16,0.0,58,0.0,243,0.0729,1509,ABI-L2-ACMF/2023/053/02/OR_ABI-L2-ACMF-M6_G16_s20230530200204_e20230530209512_c20230530211080.nc
2023-02-22T00:05:05,G16,0.0,58,0.107,243,0.2505,1509,ABI-L2-ACMF/2023/053/00/OR_ABI-L2-ACMF-M6_G16_s20230530000204_e20230530009512_c20230530011042.nc
2023-02-22T01:05:05,G16,0.0,58,0.0123,243,0.1306,1509,ABI-L2-ACMF/2023/053/01/OR_ABI-L2-ACMF-M6_G16_s20230530100204_e20230530109512_c20230530111064.nc
2023-02-22T06:05:06,G16,0.1897,58,0.2428,243,0.2604,1509,ABI-L2-ACMF/2023/053/06/OR_ABI-L2-ACMF-M6_G16_s20230530600206_e20230530609514_c20230530611186.nc
2023-02-22T04:05:05,G16,0.0,58,0.0,243,0.1431,1509,ABI-L2-ACMF/2023/053/04/OR_ABI-L2-ACMF-M6_G16_s20230530400204_e20230530409512_c20230530411023.nc
2023-02-22T10:05:06,G16,0.0,58,0.0,243,0.1034,1509,ABI-L2-ACMF/2023/053/10/OR_ABI-L2-ACMF-M6_G16_s20230531000206_e20230531009514_c20230531011071.nc
2023-02-23T00:05:05,G16,0.0,58,0.0,243,0.0199,1509,ABI-L2-ACMF/2023/054/00/OR_ABI-L2-ACMF-M6_G16_s20230540000204_e20230540009512_c20230540011034.nc
2023-02-22T07:05:06,G16,0.5345,58,0.3621,243,0.277,1509,ABI-L2-ACMF/2023/053/07/OR_ABI-L2-ACMF-M6_G16_s20230530700206_e20230530709514_c20230530711114.nc
2023-02-22T05:05:05,G16,0.0,58,0.0123,243,0.1723,1509,ABI-L2-ACMF/2023/053/05/OR_ABI-L2-ACMF-M6_G16_s20230530500204_e20230530509512_c20230530511058.nc
2023-02-22T08:05:06,G16,0.0172,58,0.0041,243,0.0722,1509,ABI-L2-ACMF/2023/053/08/OR_ABI-L2-ACMF-M6_G16_s20230530800206_e20230530809514_c20230530811106.nc
2023-02-22T11:05:06,G16,0.0,58,0.0,243,0.0504,1509,ABI-L2-ACMF/2023/053/11/OR_ABI-L2-ACMF-M6_G16_s20230531100206_e20230531109514_c20230531111094.nc
2023-02-22T23:05:05,G16,0.0,58,0.0,243,0.0239,1509,ABI-L2-ACMF/2023/053/23/OR_ABI-L2-ACMF-M6_G16_s20230532300204_e20230532309512_c20230532311048.nc
2023-02-22T09:05:06,G16,0.0,58,0.0041,243,0.0683,1509,ABI-L2-ACMF/2023/053/09/OR_ABI-L2-ACMF-M6_G16_s20230530900206_e20230530909514_c20230530911231.nc
2023-02-22T22:05:05,G16,0.0,58,0.0,243,0.0444,1509,ABI-L2-ACMF/2023/053/22/OR_ABI-L2-ACMF-M6_G16_s20230532200204_e20230532209512_c20230532211196.nc
2023-02-23T01:05:05,G16,0.0,58,0.0,243,0.0272,1509,ABI-L2-ACMF/2023/054/01/OR_ABI-L2-ACMF-M6_G16_s20230540100204_e20230540109512_c20230540111178.nc
2023-02-23T02:05:05,G16,0.0,58,0.0,243,0.0272,1509,ABI-L2-ACMF/2023/054/02/OR_ABI-L2-ACMF-M6_G16_s20230540200204_e20230540209512_c20230540211165.nc
2023-02-23T03:05:05,G16,0.0,58,0.0,243,0.0265,1509,ABI-L2-ACMF/2023/054/03/OR_ABI-L2-ACMF-M6_G16_s20230540300204_e20230540309512_c20230540311159.nc
2023-02-23T08:05:06,G16,0.0,58,0.0,243,0.0212,1509,ABI-L2-ACMF/2023/054/08/OR_ABI-L2-ACMF-M6_G16_s20230540800207_e20230540809514_c20230540811016.nc
2023-02-23T10:05:06,G16,0.0,58,0.0,243,0.0504,1509,ABI-L2-ACMF/2023/054/10/OR_ABI-L2-ACMF-M6_G16_s20230541000207_e20230541009514_c20230541011157.nc
2023-02-23T04:05:05,G16,0.0,58,0.0,243,0.0318,1509,ABI-L2-ACMF/2023/054/04/OR_ABI-L2-ACMF-M6_G16_s20230540400204_e20230540409512_c20230540411111.nc
2023-02-23T05:05:05,G16,0.0,58,0.0,243,0.0126,1509,ABI-L2-ACMF/2023/054/05/OR_ABI-L2-ACMF-M6_G16_s20230540500204_e20230540509512_c20230540511045.nc
2023-02-23T09:05:06,G16,0.0,58,0.0,243,0.0205,1509,ABI-L2-ACMF/2023/054/09/OR_ABI-L2-ACMF-M6_G16_s20230540900207_e20230540909514_c20230540911110.nc
2023-02-23T06:05:06,G16,0.0,58,0.0,243,0.0205,1509,ABI-L2-ACMF/2023/054/06/OR_ABI-L2-ACMF-M6_G16_s20230540600207_e20230540609514_c20230540611231.nc
2023-02-23T07:05:06,G16,0.0,58,0.0,243,0.0252,1509,ABI-L2-ACMF/2023/054/07/OR_ABI-L2-ACMF-M6_G16_s20230540700207_e20230540709514_c20230540711091.nc
2023-02-23T11:05:06,G16,0.0,58,0.0,243,0.0106,1509,ABI-L2-ACMF/2023/054/11/OR_ABI-L2-ACMF-M6_G16_s20230541100207_e20230541109515_c20230541111029.nc
2023-02-23T22:05:05,G16,0.0,58,0.0082,243,0.0689,1509,ABI-L2-ACMF/2023/054/22/OR_ABI-L2-ACMF-M6_G16_s20230542200205_e20230542209513_c20230542211081.nc
2023-02-23T23:05:05,G16,0.0,58,0.0,243,0.057,1509,ABI-L2-ACMF/2023/054/23/OR_ABI-L2-ACMF-M6_G16_s20230542300205_e20230542309512_c20230542311087.nc
2023-02-24T06:05:06,G16,0.0,58,0.0,243,0.0166,1509,ABI-L2-ACMF/2023/055/06/OR_ABI-L2-ACMF-M6_G16_s20230550600207_e20230550609515_c20230550611203.nc
2023-02-24T05:05:05,G16,0.0,58,0.0,243,0.006,1509,ABI-L2-ACMF/2023/055/05/OR_ABI-L2-ACMF-M6_G16_s20230550500205_e20230550509513_c20230550511172.nc
2023-02-24T01:05:05,G16,0.0,58,0.0,243,0.0265,1509,ABI-L2-ACMF/2023/055/01/OR_ABI-L2-ACMF-M6_G16_s20230550100205_e20230550109513_c20230550111163.nc
2023-02-24T03:05:05,G16,0.0,58,0.0,243,0.0172,1509,ABI-L2-ACMF/2023/055/03/OR_ABI-L2-ACMF-M6_G16_s20230550300205_e20230550309512_c20230550311111.nc
2023-02-24T02:05:05,G16,0.0,58,0.0,243,0.0199,1509,ABI-L2-ACMF/2023/055/02/OR_ABI-L2-ACMF-M6_G16_s20230550200205_e20230550209513_c20230550211098.nc
2023-02-24T00:05:05,G16,0.0,58,0.0,243,0.0484,1509,ABI-L2-ACMF/2023/055/00/OR_ABI-L2-ACMF-M6_G16_s20230550000205_e20230550009513_c20230550011029.nc
2023-02-24T09:05:06,G16,0.0,58,0.0,243,0.0232,1509,ABI-L2-ACMF/2023/055/09/OR_ABI-L2-ACMF-M6_G16_s20230550900207_e20230550909515_c20230550911058.nc
2023-02-24T07:05:06,G16,0.0,58,0.0,243,0.0285,1509,ABI-L2-ACMF/2023/055/07/OR_ABI-L2-ACMF-M6_G16_s20230550700207_e20230550709515_c20230550711195.nc
2023-02-24T04:05:05,G16,0.0,58,0.0,243,0.0152,1509,ABI-L2-ACMF/2023/055/04/OR_ABI-L2-ACMF-M6_G16_s20230550400205_e20230550409513_c20230550411100.nc
2023-02-24T10:05:06,G16,0.0,58,0.0,243,0.0689,1509,ABI-L2-ACMF/2023/055/10/OR_ABI-L2-ACMF-M6_G16_s20230551000207_e20230551009515_c20230551011172.nc
2023-02-24T08:05:06,G16,0.0,58,0.0,243,0.0239,1509,ABI-L2-ACMF/2023/055/08/OR_ABI-L2-ACMF-M6_G16_s20230550800207_e20230550809515_c20230550811108.nc
2023-02-24T11:05:06,G16,0.0,58,0.0,243,0.0033,1509,ABI-L2-ACMF/2023/055/11/OR_ABI-L2-ACMF-M6_G16_s20230551100207_e20230551109515_c20230551111091.nc
2023-02-25T01:05:05,G16,0.0,58,0.0,243,0.0755,1509,ABI-L2-ACMF/2023/056/01/OR_ABI-L2-ACMF-M6_G16_s20230560100205_e20230560109513_c20230560111163.nc
2023-02-25T00:05:05,G16,0.0,58,0.0,243,0.1021,1509,ABI-L2-ACMF/2023/056/00/OR_ABI-L2-ACMF-M6_G16_s20230560000205_e20230560009513_c20230560011116.nc
2023-02-24T22:05:05,G16,0.0,58,0.0041,243,0.1663,1509,ABI-L2-ACMF/2023/055/22/OR_ABI-L2-ACMF-M6_G16_s20230552200205_e20230552209513_c20230552211157.nc
2023-02-25T03:05:05,G16,0.0,58,0.0,243,0.0464,1509,ABI-L2-ACMF/2023/056/03/OR_ABI-L2-ACMF-M6_G16_s20230560300205_e20230560309513_c20230560311106.nc
2023-02-25T04:05:05,G16,0.0,58,0.0,243,0.0451,1509,ABI-L2-ACMF/2023/056/04/OR_ABI-L2-ACMF-M6_G16_s20230560400205_e20230560409513_c20230560411113.nc
2023-02-25T06:05:06,G16,0.0,58,0.0,243,0.0464,1509,ABI-L2-ACMF/2023/056/06/OR_ABI-L2-ACMF-M6_G16_s20230560600207_e20230560609515_c20230560611073.nc
2023-02-25T02:05:05,G16,0.0,58,0.0,243,0.0497,1509,ABI-L2-ACMF/2023/056/02/OR_ABI-L2-ACMF-M6_G16_s20230560200205_e20230560209513_c20230560211115.nc
2023-02-24T23:05:05,G16,0.0,58,0.0,243,0.1465,1509,ABI-L2-ACMF/2023/055/23/OR_ABI-L2-ACMF-M6_G16_s20230552300205_e20230552309513_c20230552311125.nc
2023-02-25T08:05:06,G16,0.0,58,0.0,243,0.0477,1509,ABI-L2-ACMF/2023/056/08/OR_ABI-L2-ACMF-M6_G16_s20230560800207_e20230560809515_c20230560811090.nc
2023-02-25T07:05:06,G16,0.0,58,0.0,243,0.0451,1509,ABI-L2-ACMF/2023/056/07/OR_ABI-L2-ACMF-M6_G16_s20230560700207_e20230560709515_c20230560711191.nc
2023-02-25T09:05:06,G16,0.0,58,0.0,243,0.0358,1509,ABI-L2-ACMF/2023/056/09/OR_ABI-L2-ACMF-M6_G16_s20230560900207_e20230560909515_c20230560911126.nc
2023-02-25T10:05:06,G16,0.0,58,0.0,243,0.0689,1509,ABI-L2-ACMF/2023/056/10/OR_ABI-L2-ACMF-M6_G16_s20230561000207_e20230561009515_c20230561011044.nc
2023-02-25T23:05:05,G16,0.0,58,0.0,243,0.0543,1509,ABI-L2-ACMF/2023/056/23/OR_ABI-L2-ACMF-M6_G16_s20230562300205_e20230562309513_c20230562311098.nc
2023-02-25T11:05:06,G16,0.0,58,0.0,243,0.0053,1509,ABI-L2-ACMF/2023/056/11/OR_ABI-L2-ACMF-M6_G16_s20230561100207_e20230561109515_c20230561111093.nc
2023-02-26T04:05:05,G16,0.0,58,0.0,243,0.0371,1509,ABI-L2-ACMF/2023/057/04/OR_ABI-L2-ACMF-M6_G16_s20230570400206_e20230570409513_c20230570411049.nc
2023-02-25T22:05:05,G16,0.0,58,0.0,243,0.104,1509,ABI-L2-ACMF/2023/056/22/OR_ABI-L2-ACMF-M6_G16_s20230562200205_e20230562209513_c20230562211084.nc
2023-02-26T01:05:05,G16,0.0,58,0.0,243,0.0331,1509,ABI-L2-ACMF/2023/057/01/OR_ABI-L2-ACMF-M6_G16_s20230570100206_e20230570109513_c20230570111151.nc
2023-02-26T02:05:05,G16,0.0,58,0.0,243,0.0305,1509,ABI-L2-ACMF/2023/057/02/OR_ABI-L2-ACMF-M6_G16_s20230570200206_e20230570209513_c20230570211187.nc
2023-02-26T00:05:05,G16,0.0,58,0.0,243,0.0338,1509,ABI-L2-ACMF/2023/057/00/OR_ABI-L2-ACMF-M6_G16_s20230570000206_e20230570009513_c20230570011099.nc
2023-02-26T03:05:05,G16,0.0,58,0.0,243,0.0358,1509,ABI-L2-ACMF/2023/057/03/OR_ABI-L2-ACMF-M6_G16_s20230570300206_e20230570309513_c20230570311189.nc
2023-02-26T05:05:05,G16,0.0,58,0.0,243,0.0239,1509,ABI-L2-ACMF/2023/057/05/OR_ABI-L2-ACMF-M6_G16_s20230570500206_e20230570509513_c20230570511119.nc
2023-02-26T06:05:06,G16,0.0,58,0.0,243,0.0252,1509,ABI-L2-ACMF/2023/057/06/OR_ABI-L2-ACMF-M6_G16_s20230570600208_e20230570609516_c20230570611078.nc
2023-02-26T07:05:06,G16,0.0,58,0.0,243,0.0311,1509,ABI-L2-ACMF/2023/057/07/OR_ABI-L2-ACMF-M6_G16_s20230570700208_e20230570709516_c20230570711106.nc
2023-02-26T09:05:06,G16,0.0,58,0.0,243,0.0292,1509,ABI-L2-ACMF/2023/057/09/OR_ABI-L2-ACMF-M6_G16_s20230570900208_e20230570909516_c20230570911028.nc
2023-02-26T11:05:06,G16,0.0,58,0.0,243,0.0033,1509,ABI-L2-ACMF/2023/057/11/OR_ABI-L2-ACMF-M6_G16_s20230571100208_e20230571109516_c20230571111077.nc
2023-02-26T08:05:06,G16,0.0,58,0.0,243,0.0325,1509,ABI-L2-ACMF/2023/057/08/OR_ABI-L2-ACMF-M6_G16_s20230570800208_e20230570809516_c20230570811031.nc
2023-02-27T00:05:06,G16,0.0,58,0.0,243,0.0133,1509,ABI-L2-ACMF/2023/058/00/OR_ABI-L2-ACMF-M6_G16_s20230580000206_e20230580009514_c20230580011011.nc
2023-02-26T22:05:06,G16,0.0,58,0.0,243,0.0305,1509,ABI-L2-ACMF/2023/057/22/OR_ABI-L2-ACMF-M6_G16_s20230572200206_e20230572209514_c20230572211113.nc
2023-02-26T23:05:06,G16,0.0,58,0.0,243,0.0212,1509,ABI-L2-ACMF/2023/057/23/OR_ABI-L2-ACMF-M6_G16_s20230572300206_e20230572309514_c20230572311177.nc
2023-02-27T02:05:06,G16,0.0,58,0.0,243,0.0152,1509,ABI-L2-ACMF/2023/058/02/OR_ABI-L2-ACMF-M6_G16_s20230580200206_e20230580209514_c20230580211141.nc
2023-02-26T10:05:06,G16,0.0,58,0.0,243,0.0596,1509,ABI-L2-ACMF/2023/057/10/OR_ABI-L2-ACMF-M6_G16_s20230571000208_e20230571009516_c20230571011205.nc
2023-02-27T01:05:06,G16,0.0,58,0.0,243,0.0133,1509,ABI-L2-ACMF/2023/058/01/OR_ABI-L2-ACMF-M6_G16_s20230580100206_e20230580109514_c20230580111046.nc
2023-02-27T03:05:06,G16,0.0,58,0.0,243,0.0166,1509,ABI-L2-ACMF/2023/058/03/OR_ABI-L2-ACMF-M6_G16_s20230580300206_e20230580309514_c20230580311031.nc
2023-02-27T04:05:06,G16,0.0,58,0.0,243,0.0199,1509,ABI-L2-ACMF/2023/058/04/OR_ABI-L2-ACMF-M6_G16_s20230580400206_e20230580409514_c20230580411068.nc
2023-02-27T05:05:06,G16,0.0,58,0.0,243,0.0099,1509,ABI-L2-ACMF/2023/058/05/OR_ABI-L2-ACMF-M6_G16_s20230580500206_e20230580509514_c20230580511156.nc
2023-02-25T05:05:05,G16,0.0,58,0.0,243,0.0411,1509,ABI-L2-ACMF/2023/056/05/OR_ABI-L2-ACMF-M6_G16_s20230560500205_e20230560509513_c20230560510580.nc
2023-02-28T00:05:06,G16,0.0,58,0.0,243,0.004,1509,ABI-L2-ACMF/2023/059/00/OR_ABI-L2-ACMF-M6_G16_s20230590000206_e20230590009514_c20230590011217.nc
2023-02-27T10:05:06,G16,0.0,58,0.0,243,0.0384,1509,ABI-L2-ACMF/2023/058/10/OR_ABI-L2-ACMF-M6_G16_s20230581000208_e20230581009516_c20230581011146.nc
2023-02-28T02:05:06,G16,0.0,58,0.0,243,0.0186,1509,ABI-L2-ACMF/2023/059/02/OR_ABI-L2-ACMF-M6_G16_s20230590200206_e20230590209514_c20230590211076.nc
2023-02-27T08:05:06,G16,0.0,58,0.0,243,0.0179,1509,ABI-L2-ACMF/2023/058/08/OR_ABI-L2-ACMF-M6_G16_s20230580800208_e20230580809516_c20230580811125.nc
2023-02-27T22:05:06,G16,0.0,58,0.0,243,0.0066,1509,ABI-L2-ACMF/2023/058/22/OR_ABI-L2-ACMF-M6_G16_s20230582200206_e20230582209514_c20230582211066.nc
2023-02-28T03:05:06,G16,0.0,58,0.0,243,0.0252,1509,ABI-L2-ACMF/2023/059/03/OR_ABI-L2-ACMF-M6_G16_s20230590300206_e20230590309514_c20230590311185.nc
2023-02-28T01:05:06,G16,0.0,58,0.0,243,0.0139,1509,ABI-L2-ACMF/2023/059/01/OR_ABI-L2-ACMF-M6_G16_s20230590100206_e20230590109514_c20230590111046.nc
2023-02-27T07:05:06,G16,0.0,58,0.0,243,0.0119,1509,ABI-L2-ACMF/2023/058/07/OR_ABI-L2-ACMF-M6_G16_s20230580700208_e20230580709516_c20230580711206.nc
2023-02-27T23:05:06,G16,0.0,58,0.0,243,0.0007,1509,ABI-L2-ACMF/2023/058/23/OR_ABI-L2-ACMF-M6_G16_s20230582300206_e20230582309514_c20230582311138.nc
2023-02-27T09:05:06,G16,0.0,58,0.0,243,0.0119,1509,ABI-L2-ACMF/2023/058/09/OR_ABI-L2-ACMF-M6_G16_s20230580900208_e20230580909516_c20230580911164.nc
2023-02-27T06:05:06,G16,0.0,58,0.0,243,0.0139,1509,ABI-L2-ACMF/2023/058/06/OR_ABI-L2-ACMF-M6_G16_s20230580600208_e20230580609516_c20230580611124.nc
2023-02-27T11:05:06,G16,0.0,58,0.0,243,0.0013,1509,ABI-L2-ACMF/2023/058/11/OR_ABI-L2-ACMF-M6_G16_s20230581100208_e20230581109516_c20230581111135.nc
2023-02-28T04:05:06,G16,0.0,58,0.0,243,0.0272,1509,ABI-L2-ACMF/2023/059/04/OR_ABI-L2-ACMF-M6_G16_s20230590400206_e20230590409514_c20230590411085.nc
2023-02-28T05:05:06,G16,0.0,58,0.0,243,0.053,1509,ABI-L2-ACMF/2023/059/05/OR_ABI-L2-ACMF-M6_G16_s20230590500206_e20230590509514_c20230590511083.nc
2023-02-28T11:05:06,G16,0.0,58,0.0,243,0.002,1509,ABI-L2-ACMF/2023/059/11/OR_ABI-L2-ACMF-M6_G16_s20230591100209_e20230591109517_c20230591111060.nc
2023-02-28T07:05:06,G16,0.0,58,0.0,243,0.0225,1509,ABI-L2-ACMF/2023/059/07/OR_ABI-L2-ACMF-M6_G16_s20230590700209_e20230590709517_c20230590711177.nc
2023-03-01T00:05:06,G16,0.0,58,0.0,243,0.0086,1509,ABI-L2-ACMF/2023/060/00/OR_ABI-L2-ACMF-M6_G16_s20230600000207_e20230600009515_c20230600011184.nc
2023-02-28T08:05:06,G16,0.0,58,0.0,243,0.0292,1509,ABI-L2-ACMF/2023/059/08/OR_ABI-L2-ACMF-M6_G16_s20230590800209_e20230590809517_c20230590811170.nc
2023-02-28T22:05:06,G16,0.0,58,0.0,243,0.0431,1509,ABI-L2-ACMF/2023/059/22/OR_ABI-L2-ACMF-M6_G16_s20230592200207_e20230592209515_c20230592211057.nc
2023-02-28T10:05:06,G16,0.0,58,0.0,243,0.0563,1509,ABI-L2-ACMF/2023/059/10/OR_ABI-L2-ACMF-M6_G16_s20230591000209_e20230591009517_c20230591011258.nc
2023-02-28T09:05:06,G16,0.0,58,0.0,243,0.0272,1509,ABI-L2-ACMF/2023/059/09/OR_ABI-L2-ACMF-M6_G16_s20230590900209_e20230590909517_c20230590911149.nc
2023-02-28T23:05:06,G16,0.0,58,0.0,243,0.0113,1509,ABI-L2-ACMF/2023/059/23/OR_ABI-L2-ACMF-M6_G16_s20230592300207_e20230592309515_c20230592311061.nc
2023-03-01T01:05:06,G16,0.0,58,0.0,243,0.0066,1509,ABI-L2-ACMF/2023/060/01/OR_ABI-L2-ACMF-M6_G16_s20230600100207_e20230600109515_c20230600111127.nc
2023-02-28T06:05:06,G16,0.0,58,0.0,243,0.0199,1509,ABI-L2-ACMF/2023/059/06/OR_ABI-L2-ACMF-M6_G16_s20230590600209_e20230590609517_c20230590611177.nc
2023-03-01T02:05:06,G16,0.0,58,0.0,243,0.0106,1509,ABI-L2-ACMF/2023/060/02/OR_ABI-L2-ACMF-M6_G16_s20230600200207_e20230600209515_c20230600211186.nc
2023-03-01T03:05:06,G16,0.0,58,0.0,243,0.0126,1509,ABI-L2-ACMF/2023/060/03/OR_ABI-L2-ACMF-M6_G16_s20230600300207_e20230600309515_c20230600311199.nc
2023-03-01T08:05:06,G16,0.0,58,0.0,243,0.0186,1509,ABI-L2-ACMF/2023/060/08/OR_ABI-L2-ACMF-M6_G16_s20230600800209_e20230600809517_c20230600811238.nc
2023-03-01T07:05:06,G16,0.0,58,0.0,243,0.0172,1509,ABI-L2-ACMF/2023/060/07/OR_ABI-L2-ACMF-M6_G16_s20230600700209_e20230600709517_c20230600711130.nc
2023-03-01T04:05:06,G16,0.0,58,0.0,243,0.0126,1509,ABI-L2-ACMF/2023/060/04/OR_ABI-L2-ACMF-M6_G16_s20230600400207_e20230600409515_c20230600411104.nc
2023-03-01T05:05:06,G16,,0,,0,,0,ABI-L2-ACMF/2023/060/05/OR_ABI-L2-ACMF-M6_G16_s20230600500207_e20230600509515_c20230600511117.nc
2023-03-01T23:05:06,G16,0.0,58,0.0,243,0.008,1509,ABI-L2-ACMF/2023/060/23/OR_ABI-L2-ACMF-M6_G16_s20230602300207_e20230602309516_c20230602311105.nc
2023-03-01T09:05:06,G16,0.0,58,0.0,243,0.0285,1509,ABI-L2-ACMF/2023/060/09/OR_ABI-L2-ACMF-M6_G16_s20230600900209_e20230600909517_c20230600911111.nc
2023-03-01T06:05:06,G16,0.0,58,0.0,243,0.0186,1509,ABI-L2-ACMF/2023/060/06/OR_ABI-L2-ACMF-M6_G16_s20230600600209_e20230600609517_c20230600611068.nc
2023-03-01T22:05:06,G16,0.0,58,0.0,243,0.0119,1509,ABI-L2-ACMF/2023/060/22/OR_ABI-L2-ACMF-M6_G16_s20230602200207_e20230602209515_c20230602211071.nc
2023-03-01T10:05:06,G16,0.0,58,0.0,243,0.0411,1509,ABI-L2-ACMF/2023/060/10/OR_ABI-L2-ACMF-M6_G16_s20230601000209_e20230601009517_c20230601011203.nc
2023-03-01T11:05:06,G16,0.0,58,0.0,243,0.0007,1509,ABI-L2-ACMF/2023/060/11/OR_ABI-L2-ACMF-M6_G16_s20230601100209_e20230601109517_c20230601111148.nc
2023-03-02T01:05:06,G16,0.0,58,0.0,243,0.0093,1509,ABI-L2-ACMF/2023/061/01/OR_ABI-L2-ACMF-M6_G16_s20230610100207_e20230610109515_c20230610111258.nc
2023-03-02T02:05:06,G16,0.0,58,0.0,243,0.0066,1509,ABI-L2-ACMF/2023/061/02/OR_ABI-L2-ACMF-M6_G16_s20230610200207_e20230610209515_c20230610211065.nc
2023-03-02T04:05:06,G16,0.0,58,0.0,243,0.008,1509,ABI-L2-ACMF/2023/061/04/OR_ABI-L2-ACMF-M6_G16_s20230610400207_e20230610409515_c20230610411101.nc
2023-03-02T00:05:06,G16,0.0,58,0.0,243,0.0113,1509,ABI-L2-ACMF/2023/061/00/OR_ABI-L2-ACMF-M6_G16_s20230610000207_e20230610009515_c20230610011182.nc
2023-03-02T03:05:06,G16,0.0,58,0.0,243,0.0046,1509,ABI-L2-ACMF/2023/061/03/OR_ABI-L2-ACMF-M6_G16_s20230610300207_e20230610309515_c20230610311096.nc
2023-03-02T05:05:06,G16,,0,,0,,0,ABI-L2-ACMF/2023/061/05/OR_ABI-L2-ACMF-M6_G16_s20230610500207_e20230610509515_c20230610511175.nc
2023-03-02T08:05:06,G16,0.0,58,0.0,243,0.0066,1509,ABI-L2-ACMF/2023/061/08/OR_ABI-L2-ACMF-M6_G16_s20230610800209_e20230610809518_c20230610811221.nc
2023-03-02T09:05:06,G16,0.0,58,0.0,243,0.0099,1509,ABI-L2-ACMF/2023/061/09/OR_ABI-L2-ACMF-M6_G16_s20230610900209_e20230610909520_c20230610911263.nc
2023-03-02T06:05:06,G16,0.0,58,0.0,243,0.0053,1509,ABI-L2-ACMF/2023/061/06/OR_ABI-L2-ACMF-M6_G16_s20230610600209_e20230610609517_c20230610611081.nc
2023-03-02T11:05:06,G16,0.0,58,0.0,243,0.0007,1509,ABI-L2-ACMF/2023/061/11/OR_ABI-L2-ACMF-M6_G16_s20230611100209_e20230611109517_c20230611111287.nc
2023-03-02T10:05:06,G16,0.0,58,0.0,243,0.0199,1509,ABI-L2-ACMF/2023/061/10/OR_ABI-L2-ACMF-M6_G16_s20230611000209_e20230611009518_c20230611011184.nc
2023-03-02T07:05:06,G16,0.0,58,0.0,243,0.0086,1509,ABI-L2-ACMF/2023/061/07/OR_ABI-L2-ACMF-M6_G16_s20230610700209_e20230610709517_c20230610711175.nc
2023-03-03T02:05:06,G16,0.0,58,0.0,243,0.0457,1509,ABI-L2-ACMF/2023/062/02/OR_ABI-L2-ACMF-M6_G16_s20230620200208_e20230620209515_c20230620211110.nc
2023-03-03T03:05:06,G16,0.0,58,0.0,243,0.051,1509,ABI-L2-ACMF/2023/062/03/OR_ABI-L2-ACMF-M6_G16_s20230620300208_e20230620309516_c20230620311220.nc
2023-03-03T04:05:06,G16,0.0,58,0.0,243,0.0557,1509,ABI-L2-ACMF/2023/062/04/OR_ABI-L2-ACMF-M6_G16_s20230620400208_e20230620409516_c20230620411204.nc
2023-03-03T05:05:06,G16,,0,,0,,0,ABI-L2-ACMF/2023/062/05/OR_ABI-L2-ACMF-M6_G16_s20230620500208_e20230620509516_c20230620511200.nc
2023-03-03T01:05:06,G16,0.0,58,0.0453,243,0.0941,1509,ABI-L2-ACMF/2023/062/01/OR_ABI-L2-ACMF-M6_G16_s20230620100208_e20230620109516_c20230620111175.nc
2023-03-03T08:05:06,G16,0.0,58,0.0082,243,0.0325,1509,ABI-L2-ACMF/2023/062/08/OR_ABI-L2-ACMF-M6_G16_s20230620800210_e20230620809519_c20230620811119.nc
2023-03-02T22:05:06,G16,0.2759,58,0.2881,243,0.3943,1509,ABI-L2-ACMF/2023/061/22/OR_ABI-L2-ACMF-M6_G16_s20230612200207_e20230612209516_c20230612211222.nc
2023-03-03T00:05:06,G16,0.6207,58,0.5514,243,0.4301,1509,ABI-L2-ACMF/2023/062/00/OR_ABI-L2-ACMF-M6_G16_s20230620000208_e20230620009515_c20230620011208.nc
2023-03-03T09:05:06,G16,0.0,58,0.0041,243,0.0272,1509,ABI-L2-ACMF/2023/062/09/OR_ABI-L2-ACMF-M6_G16_s20230620900210_e20230620909518_c20230620911243.nc
2023-03-03T06:05:06,G16,0.0,58,0.0041,243,0.0563,1509,ABI-L2-ACMF/2023/062/06/OR_ABI-L2-ACMF-M6_G16_s20230620600210_e20230620609519_c20230620611165.nc
2023-03-03T07:05:06,G16,0.0,58,0.0041,243,0.0563,1509,ABI-L2-ACMF/2023/062/07/OR_ABI-L2-ACMF-M6_G16_s20230620700210_e20230620709518_c20230620711129.nc
2023-03-03T10:05:06,G16,0.0,58,0.0123,243,0.0669,1509,ABI-L2-ACMF/2023/062/10/OR_ABI-L2-ACMF-M6_G16_s20230621000210_e20230621009519_c20230621011270.nc
2023-03-03T11:05:06,G16,0.0,58,0.0,243,0.0093,1509,ABI-L2-ACMF/2023/062/11/OR_ABI-L2-ACMF-M6_G16_s20230621100210_e20230621109518_c20230621111158.nc
2023-03-03T22:05:06,G16,0.0,58,0.0,243,0.0172,1509,ABI-L2-ACMF/2023/062/22/OR_ABI-L2-ACMF-M6_G16_s20230622200208_e20230622209516_c20230622211196.nc
2023-03-04T00:05:06,G16,0.0,58,0.0,243,0.0066,1509,ABI-L2-ACMF/2023/063/00/OR_ABI-L2-ACMF-M6_G16_s20230630000208_e20230630009516_c20230630011153.nc
2023-03-04T01:05:06,G16,0.0,58,0.0,243,0.0093,1509,ABI-L2-ACMF/2023/063/01/OR_ABI-L2-ACMF-M6_G16_s20230630100208_e20230630109516_c20230630111196.nc
2023-03-03T23:05:06,G16,0.0,58,0.0,243,0.0139,1509,ABI-L2-ACMF/2023/062/23/OR_ABI-L2-ACMF-M6_G16_s20230622300208_e20230622309517_c20230622311177.nc
2023-03-04T04:05:06,G16,0.0,58,0.0,243,0.0073,1509,ABI-L2-ACMF/2023/063/04/OR_ABI-L2-ACMF-M6_G16_s20230630400208_e20230630409516_c20230630411222.nc
2023-03-04T02:05:06,G16,0.0,58,0.0,243,0.0106,1509,ABI-L2-ACMF/2023/063/02/OR_ABI-L2-ACMF-M6_G16_s20230630200208_e20230630209517_c20230630211021.nc
2023-03-04T06:05:06,G16,0.0,58,0.0,243,0.0046,1509,ABI-L2-ACMF/2023/063/06/OR_ABI-L2-ACMF-M6_G16_s20230630600210_e20230630609518_c20230630611187.nc
2023-03-04T05:05:06,G16,0.0,58,0.0,243,0.0053,1509,ABI-L2-ACMF/2023/063/05/OR_ABI-L2-ACMF-M6_G16_s20230630500208_e20230630509516_c20230630511280.nc
2023-03-04T03:05:06,G16,0.0,58,0.0,243,0.0106,1509,ABI-L2-ACMF/2023/063/03/OR_ABI-L2-ACMF-M6_G16_s20230630300208_e20230630309516_c20230630311062.nc
2023-03-02T23:05:06,G16,0.5,58,0.4897,243,0.4745,1509,ABI-L2-ACMF/2023/061/23/OR_ABI-L2-ACMF-M6_G16_s20230612300208_e20230612309516_c20230612311140.nc
2023-03-04T10:05:06,G16,0.0,58,0.0,243,0.008,1509,ABI-L2-ACMF/2023/063/10/OR_ABI-L2-ACMF-M6_G16_s20230631000210_e20230631009518_c20230631011096.nc
2023-03-04T07:05:06,G16,0.0,58,0.0,243,0.006,1509,ABI-L2-ACMF/2023/063/07/OR_ABI-L2-ACMF-M6_G16_s20230630700210_e20230630709518_c20230630711254.nc
2023-03-04T09:05:06,G16,0.0,58,0.0,243,0.0,1509,ABI-L2-ACMF/2023/063/09/OR_ABI-L2-ACMF-M6_G16_s20230630900210_e20230630909518_c20230630911085.nc
2023-03-04T22:05:05,G16,0.0,58,0.0,243,0.0186,1509,ABI-L2-ACMF/2023/063/22/OR_ABI-L2-ACMF-M6_G16_s20230632200202_e20230632209510_c20230632211064.nc
2023-03-04T11:05:06,G16,0.0,58,0.0,243,0.0013,1509,ABI-L2-ACMF/2023/063/11/OR_ABI-L2-ACMF-M6_G16_s20230631100210_e20230631109518_c20230631111202.nc
2023-03-04T08:05:06,G16,0.0,58,0.0,243,0.0027,1509,ABI-L2-ACMF/2023/063/08/OR_ABI-L2-ACMF-M6_G16_s20230630800210_e20230630809520_c20230630811124.nc
2023-03-05T01:05:05,G16,0.0,58,0.0,243,0.0113,1509,ABI-L2-ACMF/2023/064/01/OR_ABI-L2-ACMF-M6_G16_s20230640100202_e20230640109510_c20230640111217.nc
2023-03-05T00:05:05,G16,0.0,58,0.0,243,0.0066,1509,ABI-L2-ACMF/2023/064/00/OR_ABI-L2-ACMF-M6_G16_s20230640000202_e20230640009515_c20230640011254.nc
2023-03-05T03:05:05,G16,0.0,58,0.0,243,0.0086,1509,ABI-L2-ACMF/2023/064/03/OR_ABI-L2-ACMF-M6_G16_s20230640300202_e20230640309510_c20230640311067.nc
2023-03-05T04:05:05,G16,0.0,58,0.0,243,0.0086,1509,ABI-L2-ACMF/2023/064/04/OR_ABI-L2-ACMF-M6_G16_s20230640400202_e20230640409510_c20230640411009.nc
2023-03-04T23:05:05,G16,0.0,58,0.0,243,0.0033,1509,ABI-L2-ACMF/2023/063/23/OR_ABI-L2-ACMF-M6_G16_s20230632300202_e20230632309510_c20230632311233.nc
2023-03-05T02:05:05,G16,0.0,58,0.0,243,0.0166,1509,ABI-L2-ACMF/2023/064/02/OR_ABI-L2-ACMF-M6_G16_s20230640200202_e20230640209510_c20230640211146.nc
2023-03-05T07:05:05,G16,0.1207,58,0.2058,243,0.338,1509,ABI-L2-ACMF/2023/064/07/OR_ABI-L2-ACMF-M6_G16_s20230640700205_e20230640709513_c20230640711183.nc
2023-03-05T06:05:05,G16,0.0,58,0.0,243,0.0126,1509,ABI-L2-ACMF/2023/064/06/OR_ABI-L2-ACMF-M6_G16_s20230640600205_e20230640609513_c20230640611270.nc
2023-03-05T09:05:06,G16,1.0,58,1.0,243,0.9927,1509,ABI-L2-ACMF/2023/064/09/OR_ABI-L2-ACMF-M6_G16_s20230640900205_e20230640909519_c20230640911039.nc
2023-03-05T08:05:05,G16,1.0,58,1.0,243,0.9682,1509,ABI-L2-ACMF/2023/064/08/OR_ABI-L2-ACMF-M6_G16_s20230640800205_e20230640809513_c20230640811101.nc
2023-03-05T05:05:05,G16,0.0,58,0.0,243,0.0093,1509,ABI-L2-ACMF/2023/064/05/OR_ABI-L2-ACMF-M6_G16_s20230640500202_e20230640509510_c20230640511137.nc
2023-03-05T22:05:05,G16,0.0,58,0.0658,243,0.0537,1509,ABI-L2-ACMF/2023/064/22/OR_ABI-L2-ACMF-M6_G16_s20230642200203_e20230642209511_c20230642211080.nc
2023-03-05T10:05:05,G16,1.0,58,1.0,243,0.9854,1509,ABI-L2-ACMF/2023/064/10/OR_ABI-L2-ACMF-M6_G16_s20230641000205_e20230641009513_c20230641011242.nc
2023-03-05T11:05:05,G16,1.0,58,1.0,243,0.996,1509,ABI-L2-ACMF/2023/064/11/OR_ABI-L2-ACMF-M6_G16_s20230641100205_e20230641109513_c20230641111089.nc
2023-03-05T23:05:05,G16,0.0,58,0.0041,243,0.0351,1509,ABI-L2-ACMF/2023/064/23/OR_ABI-L2-ACMF-M6_G16_s20230642300203_e20230642309511_c20230642311194.nc
2023-03-06T00:05:05,G16,0.0,58,0.0,243,0.008,1509,ABI-L2-ACMF/2023/065/00/OR_ABI-L2-ACMF-M6_G16_s20230650000203_e20230650009511_c20230650011240.nc
2023-03-06T01:05:05,G16,0.0,58,0.0,243,0.0086,1509,ABI-L2-ACMF/2023/065/01/OR_ABI-L2-ACMF-M6_G16_s20230650100203_e20230650109511_c20230650111179.nc
2023-03-06T02:05:05,G16,0.0,58,0.0,243,0.0066,1509,ABI-L2-ACMF/2023/065/02/OR_ABI-L2-ACMF-M6_G16_s20230650200203_e20230650209511_c20230650211155.nc
2023-03-06T03:05:05,G16,0.0,58,0.0,243,0.0205,1509,ABI-L2-ACMF/2023/065/03/OR_ABI-L2-ACMF-M6_G16_s20230650300203_e20230650309511_c20230650311083.nc
2023-03-06T06:05:05,G16,0.0,58,0.0123,243,0.0497,1509,ABI-L2-ACMF/2023/065/06/OR_ABI-L2-ACMF-M6_G16_s20230650600205_e20230650609513_c20230650611139.nc
2023-03-06T10:05:06,G16,0.0,58,0.0,243,0.0755,1509,ABI-L2-ACMF/2023/065/10/OR_ABI-L2-ACMF-M6_G16_s20230651000205_e20230651009516_c20230651011206.nc
2023-03-06T08:05:05,G16,0.0,58,0.0082,243,0.0258,1509,ABI-L2-ACMF/2023/065/08/OR_ABI-L2-ACMF-M6_G16_s20230650800205_e20230650809513_c20230650811217.nc
2023-03-06T07:05:05,G16,0.0,58,0.0247,243,0.0398,1509,ABI-L2-ACMF/2023/065/07/OR_ABI-L2-ACMF-M6_G16_s20230650700205_e20230650709513_c20230650711247.nc
2023-03-06T04:05:05,G16,0.0,58,0.0,243,0.0417,1509,ABI-L2-ACMF/2023/065/04/OR_ABI-L2-ACMF-M6_G16_s20230650400203_e20230650409511_c20230650411188.nc
2023-03-06T23:05:05,G16,0.0,58,0.0,243,0.0166,1509,ABI-L2-ACMF/2023/065/23/OR_ABI-L2-ACMF-M6_G16_s20230652300203_e20230652309511_c20230652311072.nc
2023-03-06T22:05:05,G16,0.0,58,0.0,243,0.0258,1509,ABI-L2-ACMF/2023/065/22/OR_ABI-L2-ACMF-M6_G16_s20230652200203_e20230652209512_c20230652211175.nc
2023-03-07T00:05:05,G16,0.0,58,0.0,243,0.008,1509,ABI-L2-ACMF/2023/066/00/OR_ABI-L2-ACMF-M6_G16_s20230660000203_e20230660009511_c20230660011211.nc
2023-03-06T05:05:05,G16,0.0,58,0.0,243,0.0497,1509,ABI-L2-ACMF/2023/065/05/OR_ABI-L2-ACMF-M6_G16_s20230650500203_e20230650509511_c20230650511103.nc
2023-03-07T01:05:05,G16,0.0,58,0.0,243,0.0099,1509,ABI-L2-ACMF/2023/066/01/OR_ABI-L2-ACMF-M6_G16_s20230660100203_e20230660109511_c20230660111074.nc
2023-03-06T11:05:05,G16,0.0,58,0.0905,243,0.0901,1509,ABI-L2-ACMF/2023/065/11/OR_ABI-L2-ACMF-M6_G16_s20230651100205_e20230651109513_c20230651111144.nc
2023-03-06T09:05:05,G16,0.0,58,0.0,243,0.0252,1509,ABI-L2-ACMF/2023/065/09/OR_ABI-L2-ACMF-M6_G16_s20230650900205_e20230650909513_c20230650911141.nc
2023-03-07T05:05:05,G16,0.0,58,0.0,243,0.008,1509,ABI-L2-ACMF/2023/066/05/OR_ABI-L2-ACMF-M6_G16_s20230660500203_e20230660509511_c20230660511079.nc
2023-03-07T06:05:05,G16,0.0,58,0.0,243,0.008,1509,ABI-L2-ACMF/2023/066/06/OR_ABI-L2-ACMF-M6_G16_s20230660600205_e20230660609513_c20230660611215.nc
2023-03-07T03:05:05,G16,0.0,58,0.0,243,0.0093,1509,ABI-L2-ACMF/2023/066/03/OR_ABI-L2-ACMF-M6_G16_s20230660300203_e20230660309511_c20230660311262.nc
2023-03-07T09:05:05,G16,0.0,58,0.0,243,0.0113,1509,ABI-L2-ACMF/2023/066/09/OR_ABI-L2-ACMF-M6_G16_s20230660900205_e20230660909513_c20230660911217.nc
2023-03-07T07:05:05,G16,0.0,58,0.0,243,0.0113,1509,ABI-L2-ACMF/2023/066/07/OR_ABI-L2-ACMF-M6_G16_s20230660700205_e20230660709513_c20230660711259.nc
2023-03-07T08:05:05,G16,0.0,58,0.0,243,0.0093,1509,ABI-L2-ACMF/2023/066/08/OR_ABI-L2-ACMF-M6_G16_s20230660800205_e20230660809513_c20230660811277.nc
2023-03-07T02:05:05,G16,0.0,58,0.0,243,0.008,1509,ABI-L2-ACMF/2023/066/02/OR_ABI-L2-ACMF-M6_G16_s20230660200203_e20230660209511_c20230660211167.nc
2023-03-07T22:05:06,G16,0.0,58,0.0,243,0.104,1509,ABI-L2-ACMF/2023/066/22/OR_ABI-L2-ACMF-M6_G16_s20230662200203_e20230662209518_c20230662211017.nc
2023-03-07T10:05:05,G16,0.0,58,0.0,243,0.0199,1509,ABI-L2-ACMF/2023/066/10/OR_ABI-L2-ACMF-M6_G16_s20230661000205_e20230661009513_c20230661011132.nc
2023-03-07T11:05:05,G16,0.0,58,0.0,243,0.0013,1509,ABI-L2-ACMF/2023/066/11/OR_ABI-L2-ACMF-M6_G16_s20230661100205_e20230661109513_c20230661111136.nc
2023-03-07T04:05:05,G16,0.0,58,0.0,243,0.0073,1509,ABI-L2-ACMF/2023/066/04/OR_ABI-L2-ACMF-M6_G16_s20230660400203_e20230660409511_c20230660411090.nc
2023-03-07T23:05:05,G16,0.0,58,0.0165,243,0.0921,1509,ABI-L2-ACMF/2023/066/23/OR_ABI-L2-ACMF-M6_G16_s20230662300203_e20230662309511_c20230662311140.nc
2023-03-08T00:05:05,G16,0.0,58,0.0,243,0.0093,1509,ABI-L2-ACMF/2023/067/00/OR_ABI-L2-ACMF-M6_G16_s20230670000203_e20230670009511_c20230670011212.nc
2023-03-08T01:05:05,G16,0.0,58,0.0,243,0.0252,1509,ABI-L2-ACMF/2023/067/01/OR_ABI-L2-ACMF-M6_G16_s20230670100203_e20230670109514_c20230670111007.nc
2023-03-08T02:05:05,G16,0.0,58,0.0,243,0.0172,1509,ABI-L2-ACMF/2023/067/02/OR_ABI-L2-ACMF-M6_G16_s20230670200203_e20230670209511_c20230670211126.nc
2023-03-08T03:05:05,G16,0.0,58,0.0,243,0.0073,1509,ABI-L2-ACMF/2023/067/03/OR_ABI-L2-ACMF-M6_G16_s20230670300203_e20230670309511_c20230670311180.nc
2023-03-08T08:05:06,G16,0.0,58,0.0,243,0.0159,1509,ABI-L2-ACMF/2023/067/08/OR_ABI-L2-ACMF-M6_G16_s20230670800206_e20230670809514_c20230670811158.nc
2023-03-08T05:05:05,G16,0.0,58,0.0,243,0.0325,1509,ABI-L2-ACMF/2023/067/05/OR_ABI-L2-ACMF-M6_G16_s20230670500203_e20230670509511_c20230670511075.nc
2023-03-08T04:05:05,G16,0.0,58,0.0,243,0.0186,1509,ABI-L2-ACMF/2023/067/04/OR_ABI-L2-ACMF-M6_G16_s20230670400203_e20230670409511_c20230670411185.nc
2023-03-08T06:05:06,G16,0.0,58,0.0,243,0.0186,1509,ABI-L2-ACMF/2023/067/06/OR_ABI-L2-ACMF-M6_G16_s20230670600206_e20230670609514_c20230670611094.nc
2023-03-08T07:05:06,G16,0.0,58,0.0,243,0.0205,1509,ABI-L2-ACMF/2023/067/07/OR_ABI-L2-ACMF-M6_G16_s20230670700206_e20230670709514_c20230670711127.nc
2023-03-08T09:05:06,G16,0.0,58,0.0,243,0.0113,1509,ABI-L2-ACMF/2023/067/09/OR_ABI-L2-ACMF-M6_G16_s20230670900206_e20230670909514_c20230670911207.nc
2023-03-08T10:05:06,G16,0.0,58,0.0,243,0.0205,1509,ABI-L2-ACMF/2023/067/10/OR_ABI-L2-ACMF-M6_G16_s20230671000206_e20230671009514_c20230671011075.nc
2023-03-08T22:05:05,G16,0.0,58,0.0,243,0.0212,1509,ABI-L2-ACMF/2023/067/22/OR_ABI-L2-ACMF-M6_G16_s20230672200204_e20230672209512_c20230672211228.nc
2023-03-08T11:05:06,G16,0.0,58,0.0,243,0.002,1509,ABI-L2-ACMF/2023/067/11/OR_ABI-L2-ACMF-M6_G16_s20230671100206_e20230671109514_c20230671111243.nc
2023-03-08T23:05:05,G16,0.0,58,0.0,243,0.0053,1509,ABI-L2-ACMF/2023/067/23/OR_ABI-L2-ACMF-M6_G16_s20230672300204_e20230672309512_c20230672311083.nc
2023-03-09T00:05:05,G16,0.0,58,0.0,243,0.0007,1509,ABI-L2-ACMF/2023/068/00/OR_ABI-L2-ACMF-M6_G16_s20230680000204_e20230680009512_c20230680011236.nc
2023-03-09T03:05:05,G16,0.0,58,0.0,243,0.0027,1509,ABI-L2-ACMF/2023/068/03/OR_ABI-L2-ACMF-M6_G16_s20230680300204_e20230680309512_c20230680311179.nc
2023-03-09T04:05:05,G16,0.0,58,0.0,243,0.004,1509,ABI-L2-ACMF/2023/068/04/OR_ABI-L2-ACMF-M6_G16_s20230680400204_e20230680409512_c20230680411211.nc
2023-03-09T01:05:05,G16,0.0,58,0.0,243,0.002,1509,ABI-L2-ACMF/2023/068/01/OR_ABI-L2-ACMF-M6_G16_s20230680100204_e20230680109512_c20230680111063.nc
2023-03-09T02:05:05,G16,0.0,58,0.0,243,0.0027,1509,ABI-L2-ACMF/2023/068/02/OR_ABI-L2-ACMF-M6_G16_s20230680200204_e20230680209512_c20230680211085.nc
2023-03-09T07:05:06,G16,0.0,58,0.0,243,0.0119,1509,ABI-L2-ACMF/2023/068/07/OR_ABI-L2-ACMF-M6_G16_s20230680700206_e20230680709514_c20230680711180.nc
2023-03-09T06:05:06,G16,0.0,58,0.0,243,0.008,1509,ABI-L2-ACMF/2023/068/06/OR_ABI-L2-ACMF-M6_G16_s20230680600206_e20230680609514_c20230680611117.nc
2023-03-09T08:05:06,G16,0.0,58,0.0,243,0.0126,1509,ABI-L2-ACMF/2023/068/08/OR_ABI-L2-ACMF-M6_G16_s20230680800206_e20230680809514_c20230680811170.nc
2023-03-09T05:05:05,G16,0.0,58,0.0041,243,0.0066,1509,ABI-L2-ACMF/2023/068/05/OR_ABI-L2-ACMF-M6_G16_s20230680500204_e20230680509512_c20230680511222.nc
2023-03-09T09:05:06,G16,0.0,58,0.0,243,0.0166,1509,ABI-L2-ACMF/2023/068/09/OR_ABI-L2-ACMF-M6_G16_s20230680900206_e20230680909514_c20230680911138.nc
2023-03-10T01:05:05,G16,0.0,58,0.0,243,0.0046,1509,ABI-L2-ACMF/2023/069/01/OR_ABI-L2-ACMF-M6_G16_s20230690100204_e20230690109512_c20230690111064.nc
2023-03-10T06:05:06,G16,0.0,58,0.0,243,0.0027,1509,ABI-L2-ACMF/2023/069/06/OR_ABI-L2-ACMF-M6_G16_s20230690600206_e20230690609514_c20230690611116.nc
2023-03-10T00:05:05,G16,0.0,58,0.0,243,0.0007,1509,ABI-L2-ACMF/2023/069/00/OR_ABI-L2-ACMF-M6_G16_s20230690000204_e20230690009512_c20230690011080.nc
2023-03-10T02:05:05,G16,0.0,58,0.0,243,0.0007,1509,ABI-L2-ACMF/2023/069/02/OR_ABI-L2-ACMF-M6_G16_s20230690200204_e20230690209512_c20230690211049.nc
2023-03-10T05:05:05,G16,0.0,58,0.0,243,0.0046,1509,ABI-L2-ACMF/2023/069/05/OR_ABI-L2-ACMF-M6_G16_s20230690500204_e20230690509512_c20230690511201.nc
2023-03-10T03:05:05,G16,0.0,58,0.0,243,0.002,1509,ABI-L2-ACMF/2023/069/03/OR_ABI-L2-ACMF-M6_G16_s20230690300204_e20230690309512_c20230690311050.nc
2023-03-10T04:05:06,G16,0.0,58,0.0,243,0.0027,1509,ABI-L2-ACMF/2023/069/04/OR_ABI-L2-ACMF-M6_G16_s20230690400204_e20230690409516_c20230690411037.nc
2023-03-09T23:05:05,G16,0.0,58,0.0,243,0.0007,1509,ABI-L2-ACMF/2023/068/23/OR_ABI-L2-ACMF-M6_G16_s20230682300204_e20230682309512_c20230682311239.nc
2023-03-09T11:05:06,G16,0.0,58,0.0,243,0.0,1509,ABI-L2-ACMF/2023/068/11/OR_ABI-L2-ACMF-M6_G16_s20230681100206_e20230681109514_c20230681111162.nc
2023-03-09T10:05:06,G16,0.0,58,0.0,243,0.0172,1509,ABI-L2-ACMF/2023/068/10/OR_ABI-L2-ACMF-M6_G16_s20230681000206_e20230681009514_c20230681011084.nc
2023-03-09T22:05:05,G16,0.0,58,0.0,243,0.0073,1509,ABI-L2-ACMF/2023/068/22/OR_ABI-L2-ACMF-M6_G16_s20230682200204_e20230682209514_c20230682211186.nc
2023-03-10T07:05:06,G16,0.0,58,0.0,243,0.0013,1509,ABI-L2-ACMF/2023/069/07/OR_ABI-L2-ACMF-M6_G16_s20230690700206_e20230690709514_c20230690711159.nc
2023-03-10T22:05:05,G16,0.0,58,0.0,243,0.0152,1509,ABI-L2-ACMF/2023/069/22/OR_ABI-L2-ACMF-M6_G16_s20230692200204_e20230692209512_c20230692211067.nc
2023-03-10T09:05:06,G16,0.0,58,0.0,243,0.0066,1509,ABI-L2-ACMF/2023/069/09/OR_ABI-L2-ACMF-M6_G16_s20230690900206_e20230690909514_c20230690911127.nc
2023-03-10T08:05:06,G16,0.0,58,0.0,243,0.004,1509,ABI-L2-ACMF/2023/069/08/OR_ABI-L2-ACMF-M6_G16_s20230690800206_e20230690809514_c20230690811102.nc
2023-03-10T11:05:06,G16,0.0,58,0.0,243,0.0,1509,ABI-L2-ACMF/2023/069/11/OR_ABI-L2-ACMF-M6_G16_s20230691100206_e20230691109514_c20230691111063.nc
2023-03-11T01:05:05,G16,0.0,58,0.0,243,0.0066,1509,ABI-L2-ACMF/2023/070/01/OR_ABI-L2-ACMF-M6_G16_s20230700100204_e20230700109512_c20230700111059.nc
2023-03-11T02:05:05,G16,0.0,58,0.0,243,0.0086,1509,ABI-L2-ACMF/2023/070/02/OR_ABI-L2-ACMF-M6_G16_s20230700200204_e20230700209512_c20230700211146.nc
2023-03-11T00:05:05,G16,0.0,58,0.0,243,0.0106,1509,ABI-L2-ACMF/2023/070/00/OR_ABI-L2-ACMF-M6_G16_s20230700000204_e20230700009512_c20230700011230.nc
2023-03-11T03:05:05,G16,0.0,58,0.0,243,0.0066,1509,ABI-L2-ACMF/2023/070/03/OR_ABI-L2-ACMF-M6_G16_s20230700300204_e20230700309512_c20230700311253.nc
2023-03-10T23:05:05,G16,0.0,58,0.0,243,0.0186,1509,ABI-L2-ACMF/2023/069/23/OR_ABI-L2-ACMF-M6_G16_s20230692300204_e20230692309512_c20230692311211.nc
2023-03-10T10:05:06,G16,0.0,58,0.0,243,0.0159,1509,ABI-L2-ACMF/2023/069/10/OR_ABI-L2-ACMF-M6_G16_s20230691000206_e20230691009514_c20230691011133.nc
2023-03-11T05:05:05,G16,0.0,58,0.0,243,0.0179,1509,ABI-L2-ACMF/2023/070/05/OR_ABI-L2-ACMF-M6_G16_s20230700500204_e20230700509512_c20230700511094.nc
2023-03-11T04:05:05,G16,0.0,58,0.0,243,0.008,1509,ABI-L2-ACMF/2023/070/04/OR_ABI-L2-ACMF-M6_G16_s20230700400204_e20230700409512_c20230700411061.nc
2023-03-11T07:05:06,G16,0.0,58,0.0,243,0.0272,1509,ABI-L2-ACMF/2023/070/07/OR_ABI-L2-ACMF-M6_G16_s20230700700207_e20230700709515_c20230700711200.nc
2023-03-11T06:05:06,G16,0.0,58,0.0,243,0.0258,1509,ABI-L2-ACMF/2023/070/06/OR_ABI-L2-ACMF-M6_G16_s20230700600207_e20230700609515_c20230700611228.nc
2023-03-11T22:05:05,G16,0.0,58,0.0,243,0.0159,1509,ABI-L2-ACMF/2023/070/22/OR_ABI-L2-ACMF-M6_G16_s20230702200205_e20230702209513_c20230702211104.nc
2023-03-11T09:05:06,G16,0.0,58,0.0082,243,0.0325,1509,ABI-L2-ACMF/2023/070/09/OR_ABI-L2-ACMF-M6_G16_s20230700900207_e20230700909516_c20230700911159.nc
2023-03-11T08:05:06,G16,0.0,58,0.0041,243,0.0391,1509,ABI-L2-ACMF/2023/070/08/OR_ABI-L2-ACMF-M6_G16_s20230700800207_e20230700809515_c20230700811178.nc
2023-03-11T11:05:06,G16,0.0,58,0.0,243,0.0013,1509,ABI-L2-ACMF/2023/070/11/OR_ABI-L2-ACMF-M6_G16_s20230701100207_e20230701109515_c20230701111163.nc
2023-03-12T00:05:05,G16,0.0,58,0.0,243,0.0007,1509,ABI-L2-ACMF/2023/071/00/OR_ABI-L2-ACMF-M6_G16_s20230710000205_e20230710009513_c20230710011130.nc
2023-03-12T01:05:05,G16,0.0,58,0.0,243,0.0007,1509,ABI-L2-ACMF/2023/071/01/OR_ABI-L2-ACMF-M6_G16_s20230710100205_e20230710109513_c20230710111126.nc
2023-03-11T10:05:06,G16,0.0,58,0.0082,243,0.0364,1509,ABI-L2-ACMF/2023/070/10/OR_ABI-L2-ACMF-M6_G16_s20230701000207_e20230701009515_c20230701011120.nc
2023-03-11T23:05:05,G16,0.0,58,0.0,243,0.0106,1509,ABI-L2-ACMF/2023/070/23/OR_ABI-L2-ACMF-M6_G16_s20230702300205_e20230702309513_c20230702311214.nc
2023-03-12T03:05:05,G16,0.0,58,0.0,243,0.0013,1509,ABI-L2-ACMF/2023/071/03/OR_ABI-L2-ACMF-M6_G16_s20230710300205_e20230710309513_c20230710311193.nc
2023-03-12T05:05:05,G16,0.0,58,0.0,243,0.0033,1509,ABI-L2-ACMF/2023/071/05/OR_ABI-L2-ACMF-M6_G16_s20230710500205_e20230710509514_c20230710511138.nc
2023-03-12T04:05:05,G16,0.0,58,0.0,243,0.0,1509,ABI-L2-ACMF/2023/071/04/OR_ABI-L2-ACMF-M6_G16_s20230710400205_e20230710409513_c20230710411177.nc
2023-03-12T09:05:06,G16,0.0,58,0.0,243,0.0027,1509,ABI-L2-ACMF/2023/071/09/OR_ABI-L2-ACMF-M6_G16_s20230710900207_e20230710909515_c20230710911104.nc
2023-03-12T10:05:06,G16,0.0,58,0.0,243,0.0126,1509,ABI-L2-ACMF/2023/071/10/OR_ABI-L2-ACMF-M6_G16_s20230711000207_e20230711009516_c20230711011196.nc
2023-03-12T06:05:06,G16,0.0,58,0.0,243,0.0027,1509,ABI-L2-ACMF/2023/071/06/OR_ABI-L2-ACMF-M6_G16_s20230710600207_e20230710609515_c20230710611268.nc
2023-03-12T08:05:06,G16,0.0,58,0.0,243,0.004,1509,ABI-L2-ACMF/2023/071/08/OR_ABI-L2-ACMF-M6_G16_s20230710800207_e20230710809515_c20230710811085.nc
2023-03-12T22:05:05,G16,0.0,58,0.0,243,0.0769,1509,ABI-L2-ACMF/2023/071/22/OR_ABI-L2-ACMF-M6_G16_s20230712200205_e20230712209513_c20230712211217.nc
2023-03-12T11:05:06,G16,0.0172,58,0.0041,243,0.0345,1509,ABI-L2-ACMF/2023/071/11/OR_ABI-L2-ACMF-M6_G16_s20230711100207_e20230711109515_c20230711111101.nc
2023-03-12T23:05:06,G16,0.0,58,0.0041,243,0.0351,1509,ABI-L2-ACMF/2023/071/23/OR_ABI-L2-ACMF-M6_G16_s20230712300205_e20230712309516_c20230712311258.nc
2023-03-13T00:05:05,G16,0.0,58,0.0,243,0.0027,1509,ABI-L2-ACMF/2023/072/00/OR_ABI-L2-ACMF-M6_G16_s20230720000205_e20230720009513_c20230720011155.nc
2023-03-12T07:05:06,G16,0.0,58,0.0,243,0.0066,1509,ABI-L2-ACMF/2023/071/07/OR_ABI-L2-ACMF-M6_G16_s20230710700207_e20230710709515_c20230710711052.nc
2023-03-13T01:05:05,G16,0.0,58,0.0,243,0.0,1509,ABI-L2-ACMF/2023/072/01/OR_ABI-L2-ACMF-M6_G16_s20230720100205_e20230720109513_c20230720111141.nc
2023-03-12T02:05:05,G16,0.0,58,0.0,243,0.0007,1509,ABI-L2-ACMF/2023/071/02/OR_ABI-L2-ACMF-M6_G16_s20230710200205_e20230710209513_c20230710211074.nc
2023-03-13T09:05:06,G16,0.0,58,0.0,243,0.0119,1509,ABI-L2-ACMF/2023/072/09/OR_ABI-L2-ACMF-M6_G16_s20230720900207_e20230720909515_c20230720911150.nc
2023-03-13T06:05:06,G16,0.0,58,0.0,243,0.0033,1509,ABI-L2-ACMF/2023/072/06/OR_ABI-L2-ACMF-M6_G16_s20230720600207_e20230720609516_c20230720611240.nc
2023-03-13T23:05:05,G16,0.7759,58,0.7202,243,0.45,1509,ABI-L2-ACMF/2023/072/23/OR_ABI-L2-ACMF-M6_G16_s20230722300205_e20230722309513_c20230722311181.nc
2023-03-13T05:05:05,G16,0.0,58,0.0,243,0.0033,1509,ABI-L2-ACMF/2023/072/05/OR_ABI-L2-ACMF-M6_G16_s20230720500205_e20230720509513_c20230720511079.nc
2023-03-13T04:05:05,G16,0.0,58,0.0,243,0.0027,1509,ABI-L2-ACMF/2023/072/04/OR_ABI-L2-ACMF-M6_G16_s20230720400205_e20230720409513_c20230720411204.nc
2023-03-13T10:05:06,G16,0.0,58,0.0,243,0.0172,1509,ABI-L2-ACMF/2023/072/10/OR_ABI-L2-ACMF-M6_G16_s20230721000207_e20230721009515_c20230721011106.nc
2023-03-13T11:05:06,G16,0.0,58,0.0,243,0.002,1509,ABI-L2-ACMF/2023/072/11/OR_ABI-L2-ACMF-M6_G16_s20230721100207_e20230721109515_c20230721111104.nc
2023-03-13T22:05:05,G16,0.3276,58,0.4033,243,0.4579,1509,ABI-L2-ACMF/2023/072/22/OR_ABI-L2-ACMF-M6_G16_s20230722200205_e20230722209513_c20230722211217.nc
2023-03-13T02:05:05,G16,0.0,58,0.0,243,0.004,1509,ABI-L2-ACMF/2023/072/02/OR_ABI-L2-ACMF-M6_G16_s20230720200205_e20230720209513_c20230720211125.nc
2023-03-13T08:05:06,G16,0.0,58,0.0,243,0.0046,1509,ABI-L2-ACMF/2023/072/08/OR_ABI-L2-ACMF-M6_G16_s20230720800207_e20230720809515_c20230720811135.nc
2023-03-13T07:05:06,G16,0.0,58,0.0,243,0.0053,1509,ABI-L2-ACMF/2023/072/07/OR_ABI-L2-ACMF-M6_G16_s20230720700207_e20230720709515_c20230720711093.nc
2023-03-13T03:05:05,G16,0.0,58,0.0,243,0.006,1509,ABI-L2-ACMF/2023/072/03/OR_ABI-L2-ACMF-M6_G16_s20230720300205_e20230720309513_c20230720311225.nc
2023-03-14T00:05:05,G16,0.0,58,0.0453,243,0.2657,1509,ABI-L2-ACMF/2023/073/00/OR_ABI-L2-ACMF-M6_G16_s20230730000205_e20230730009513_c20230730011176.nc
2023-03-14T08:05:06,G16,0.0,58,0.0,243,0.0139,1509,ABI-L2-ACMF/2023/073/08/OR_ABI-L2-ACMF-M6_G16_s20230730800208_e20230730809516_c20230730811240.nc
2023-03-14T07:05:06,G16,0.0,58,0.0,243,0.0086,1509,ABI-L2-ACMF/2023/073/07/OR_ABI-L2-ACMF-M6_G16_s20230730700208_e20230730709517_c20230730711132.nc
2023-03-14T03:05:05,G16,0.0,58,0.0,243,0.0066,1509,ABI-L2-ACMF/2023/073/03/OR_ABI-L2-ACMF-M6_G16_s20230730300205_e20230730309514_c20230730311214.nc
2023-03-14T06:05:06,G16,0.0,58,0.0,243,0.0099,1509,ABI-L2-ACMF/2023/073/06/OR_ABI-L2-ACMF-M6_G16_s20230730600208_e20230730609516_c20230730611095.nc
2023-03-14T11:05:06,G16,0.0,58,0.0,243,0.0027,1509,ABI-L2-ACMF/2023/073/11/OR_ABI-L2-ACMF-M6_G16_s20230731100208_e20230731109516_c20230731111107.nc
2023-03-14T05:05:05,G16,0.0,58,0.0,243,0.0106,1509,ABI-L2-ACMF/2023/073/05/OR_ABI-L2-ACMF-M6_G16_s20230730500205_e20230730509513_c20230730511274.nc
2023-03-14T02:05:05,G16,0.0,58,0.0,243,0.0225,1509,ABI-L2-ACMF/2023/073/02/OR_ABI-L2-ACMF-M6_G16_s20230730200205_e20230730209513_c20230730211229.nc
2023-03-14T01:05:05,G16,0.0,58,0.0,243,0.0113,1509,ABI-L2-ACMF/2023/073/01/OR_ABI-L2-ACMF-M6_G16_s20230730100205_e20230730109514_c20230730111219.nc
2023-03-14T04:05:05,G16,0.0,58,0.0,243,0.0086,1509,ABI-L2-ACMF/2023/073/04/OR_ABI-L2-ACMF-M6_G16_s20230730400205_e20230730409514_c20230730411130.nc
2023-03-14T10:05:06,G16,0.0,58,0.0,243,0.0159,1509,ABI-L2-ACMF/2023/073/10/OR_ABI-L2-ACMF-M6_G16_s20230731000208_e20230731009516_c20230731011288.nc
2023-03-14T09:05:06,G16,0.0,58,0.0,243,0.0166,1509,ABI-L2-ACMF/2023/073/09/OR_ABI-L2-ACMF-M6_G16_s20230730900208_e20230730909518_c20230730911127.nc
2023-03-14T22:05:06,G16,0.0,58,0.0041,243,0.0802,1509,ABI-L2-ACMF/2023/073/22/OR_ABI-L2-ACMF-M6_G16_s20230732200206_e20230732209514_c20230732211186.nc
2023-03-15T03:05:06,G16,0.0,58,0.0,243,0.0093,1509,ABI-L2-ACMF/2023/074/03/OR_ABI-L2-ACMF-M6_G16_s20230740300206_e20230740309514_c20230740311132.nc
2023-03-15T01:05:06,G16,0.0,58,0.0,243,0.0119,1509,ABI-L2-ACMF/2023/074/01/OR_ABI-L2-ACMF-M6_G16_s20230740100206_e20230740109514_c20230740111289.nc
2023-03-15T00:05:06,G16,0.0,58,0.0,243,0.0245,1509,ABI-L2-ACMF/2023/074/00/OR_ABI-L2-ACMF-M6_G16_s20230740000206_e20230740009514_c20230740011184.nc
2023-03-15T06:05:06,G16,0.0,58,0.0,243,0.008,1509,ABI-L2-ACMF/2023/074/06/OR_ABI-L2-ACMF-M6_G16_s20230740600208_e20230740609516_c20230740611177.nc
2023-03-15T04:05:06,G16,0.0,58,0.0,243,0.0126,1509,ABI-L2-ACMF/2023/074/04/OR_ABI-L2-ACMF-M6_G16_s20230740400206_e20230740409514_c20230740411209.nc
2023-03-14T23:05:06,G16,0.0,58,0.0,243,0.057,1509,ABI-L2-ACMF/2023/073/23/OR_ABI-L2-ACMF-M6_G16_s20230732300206_e20230732309514_c20230732311210.nc
2023-03-15T07:05:06,G16,0.0,58,0.0,243,0.0106,1509,ABI-L2-ACMF/2023/074/07/OR_ABI-L2-ACMF-M6_G16_s20230740700208_e20230740709519_c20230740711247.nc
2023-03-15T02:05:06,G16,0.0,58,0.0,243,0.0099,1509,ABI-L2-ACMF/2023/074/02/OR_ABI-L2-ACMF-M6_G16_s20230740200206_e20230740209514_c20230740211339.nc
2023-03-15T08:05:06,G16,0.0,58,0.0,243,0.0166,1509,ABI-L2-ACMF/2023/074/08/OR_ABI-L2-ACMF-M6_G16_s20230740800208_e20230740809516_c20230740811205.nc
2023-03-15T05:05:06,G16,0.0,58,0.0,243,0.0073,1509,ABI-L2-ACMF/2023/074/05/OR_ABI-L2-ACMF-M6_G16_s20230740500206_e20230740509514_c20230740511114.nc
2023-03-15T09:05:06,G16,0.0,58,0.0,243,0.0205,1509,ABI-L2-ACMF/2023/074/09/OR_ABI-L2-ACMF-M6_G16_s20230740900208_e20230740909516_c20230740911288.nc
2023-03-16T03:05:06,G16,0.0,58,0.0,243,0.006,1509,ABI-L2-ACMF/2023/075/03/OR_ABI-L2-ACMF-M6_G16_s20230750300206_e20230750309514_c20230750311101.nc
2023-03-16T01:05:06,G16,0.0,58,0.0,243,0.0053,1509,ABI-L2-ACMF/2023/075/01/OR_ABI-L2-ACMF-M6_G16_s20230750100206_e20230750109514_c20230750111236.nc
2023-03-15T11:05:06,G16,0.0,58,0.0,243,0.004,1509,ABI-L2-ACMF/2023/074/11/OR_ABI-L2-ACMF-M6_G16_s20230741100208_e20230741109516_c20230741111167.nc
2023-03-15T23:05:06,G16,0.0,58,0.0,243,0.0338,1509,ABI-L2-ACMF/2023/074/23/OR_ABI-L2-ACMF-M6_G16_s20230742300206_e20230742309514_c20230742311134.nc
2023-03-15T22:05:06,G16,0.0,58,0.0,243,0.0371,1509,ABI-L2-ACMF/2023/074/22/OR_ABI-L2-ACMF-M6_G16_s20230742200206_e20230742209514_c20230742211188.nc
2023-03-16T02:05:06,G16,0.0,58,0.0,243,0.0073,1509,ABI-L2-ACMF/2023/075/02/OR_ABI-L2-ACMF-M6_G16_s20230750200206_e20230750209514_c20230750211185.nc
2023-03-16T06:05:06,G16,0.0,58,0.0,243,0.0066,1509,ABI-L2-ACMF/2023/075/06/OR_ABI-L2-ACMF-M6_G16_s20230750600208_e20230750609517_c20230750611166.nc
2023-03-16T05:05:06,G16,0.0,58,0.0,243,0.0027,1509,ABI-L2-ACMF/2023/075/05/OR_ABI-L2-ACMF-M6_G16_s20230750500206_e20230750509514_c20230750511157.nc
2023-03-16T04:05:06,G16,0.0,58,0.0,243,0.0066,1509,ABI-L2-ACMF/2023/075/04/OR_ABI-L2-ACMF-M6_G16_s20230750400206_e20230750409514_c20230750411216.nc
2023-03-16T00:05:06,G16,0.0,58,0.0,243,0.0099,1509,ABI-L2-ACMF/2023/075/00/OR_ABI-L2-ACMF-M6_G16_s20230750000206_e20230750009514_c20230750011074.nc
2023-03-16T07:05:06,G16,0.0,58,0.0,243,0.006,1509,ABI-L2-ACMF/2023/075/07/OR_ABI-L2-ACMF-M6_G16_s20230750700208_e20230750709517_c20230750711192.nc
2023-03-15T10:05:06,G16,0.0,58,0.0,243,0.0219,1509,ABI-L2-ACMF/2023/074/10/OR_ABI-L2-ACMF-M6_G16_s20230741000208_e20230741009516_c20230741011135.nc
2023-03-16T22:05:06,G16,0.0,58,0.0,243,0.0166,1509,ABI-L2-ACMF/2023/075/22/OR_ABI-L2-ACMF-M6_G16_s20230752200207_e20230752209514_c20230752211178.nc
2023-03-16T08:05:06,G16,0.0,58,0.0,243,0.0073,1509,ABI-L2-ACMF/2023/075/08/OR_ABI-L2-ACMF-M6_G16_s20230750800208_e20230750809517_c20230750811120.nc
2023-03-17T02:05:06,G16,0.0,58,0.0,243,0.0046,1509,ABI-L2-ACMF/2023/076/02/OR_ABI-L2-ACMF-M6_G16_s20230760200207_e20230760209515_c20230760211058.nc
2023-03-16T23:05:06,G16,0.0,58,0.0,243,0.006,1509,ABI-L2-ACMF/2023/075/23/OR_ABI-L2-ACMF-M6_G16_s20230752300207_e20230752309515_c20230752311180.nc
2023-03-16T09:05:06,G16,0.0,58,0.0,243,0.008,1509,ABI-L2-ACMF/2023/075/09/OR_ABI-L2-ACMF-M6_G16_s20230750900208_e20230750909516_c20230750911178.nc
2023-03-17T04:05:06,G16,0.0,58,0.0,243,0.0073,1509,ABI-L2-ACMF/2023/076/04/OR_ABI-L2-ACMF-M6_G16_s20230760400207_e20230760409515_c20230760411059.nc
2023-03-17T03:05:06,G16,0.0,58,0.0,243,0.008,1509,ABI-L2-ACMF/2023/076/03/OR_ABI-L2-ACMF-M6_G16_s20230760300207_e20230760309515_c20230760311166.nc
2023-03-16T11:05:06,G16,0.0,58,0.0,243,0.0,1509,ABI-L2-ACMF/2023/075/11/OR_ABI-L2-ACMF-M6_G16_s20230751100209_e20230751109519_c20230751111174.nc
2023-03-16T10:05:06,G16,0.0,58,0.0,243,0.0186,1509,ABI-L2-ACMF/2023/075/10/OR_ABI-L2-ACMF-M6_G16_s20230751000209_e20230751009517_c20230751011122.nc
2023-03-17T00:05:06,G16,0.0,58,0.0,243,0.0007,1509,ABI-L2-ACMF/2023/076/00/OR_ABI-L2-ACMF-M6_G16_s20230760000207_e20230760009514_c20230760011115.nc
2023-03-17T05:05:06,G16,0.0,58,0.0,243,0.006,1509,ABI-L2-ACMF/2023/076/05/OR_ABI-L2-ACMF-M6_G16_s20230760500207_e20230760509519_c20230760511121.nc
2023-03-17T01:05:06,G16,0.0,58,0.0,243,0.0033,1509,ABI-L2-ACMF/2023/076/01/OR_ABI-L2-ACMF-M6_G16_s20230760100207_e20230760109515_c20230760111128.nc
2023-03-17T09:05:06,G16,0.0,58,0.0,243,0.0119,1509,ABI-L2-ACMF/2023/076/09/OR_ABI-L2-ACMF-M6_G16_s20230760900209_e20230760909517_c20230760911139.nc
2023-03-17T10:05:06,G16,0.0,58,0.0,243,0.0126,1509,ABI-L2-ACMF/2023/076/10/OR_ABI-L2-ACMF-M6_G16_s20230761000209_e20230761009517_c20230761011226.nc
2023-03-17T06:05:06,G16,0.0,58,0.0,243,0.0086,1509,ABI-L2-ACMF/2023/076/06/OR_ABI-L2-ACMF-M6_G16_s20230760600209_e20230760609517_c20230760611068.nc
2023-03-17T07:05:06,G16,0.0,58,0.0,243,0.008,1509,ABI-L2-ACMF/2023/076/07/OR_ABI-L2-ACMF-M6_G16_s20230760700209_e20230760709517_c20230760711040.nc
2023-03-17T08:05:06,G16,0.0,58,0.0,243,0.0126,1509,ABI-L2-ACMF/2023/076/08/OR_ABI-L2-ACMF-M6_G16_s20230760800209_e20230760809517_c20230760811111.nc
2023-03-17T23:05:06,G16,0.0,58,0.0,243,0.0033,1509,ABI-L2-ACMF/2023/076/23/OR_ABI-L2-ACMF-M6_G16_s20230762300207_e20230762309515_c20230762311108.nc
2023-03-18T01:05:06,G16,0.0,58,0.0,243,0.0013,1509,ABI-L2-ACMF/2023/077/01/OR_ABI-L2-ACMF-M6_G16_s20230770100207_e20230770109515_c20230770111199.nc
2023-03-17T22:05:06,G16,0.0,58,0.0,243,0.006,1509,ABI-L2-ACMF/2023/076/22/OR_ABI-L2-ACMF-M6_G16_s20230762200207_e20230762209515_c20230762211140.nc
2023-03-18T00:05:06,G16,0.0,58,0.0,243,0.0,1509,ABI-L2-ACMF/2023/077/00/OR_ABI-L2-ACMF-M6_G16_s20230770000207_e20230770009515_c20230770011166.nc
2023-03-17T11:05:06,G16,0.0,58,0.0,243,0.0,1509,ABI-L2-ACMF/2023/076/11/OR_ABI-L2-ACMF-M6_G16_s20230761100209_e20230761109517_c20230761111080.nc
2023-03-18T02:05:06,G16,0.0,58,0.0,243,0.0007,1509,ABI-L2-ACMF/2023/077/02/OR_ABI-L2-ACMF-M6_G16_s20230770200207_e20230770209515_c20230770211147.nc
2023-03-18T03:05:06,G16,0.0,58,0.0,243,0.0013,1509,ABI-L2-ACMF/2023/077/03/OR_ABI-L2-ACMF-M6_G16_s20230770300207_e20230770309515_c20230770311291.nc
2023-03-18T06:05:06,G16,0.0,58,0.0,243,0.0007,1509,ABI-L2-ACMF/2023/077/06/OR_ABI-L2-ACMF-M6_G16_s20230770600209_e20230770609517_c20230770611027.nc
2023-03-18T08:05:06,G16,0.0,58,0.0,243,0.0033,1509,ABI-L2-ACMF/2023/077/08/OR_ABI-L2-ACMF-M6_G16_s20230770800209_e20230770809517_c20230770811125.nc
2023-03-18T09:05:06,G16,0.0,58,0.0,243,0.0027,1509,ABI-L2-ACMF/2023/077/09/OR_ABI-L2-ACMF-M6_G16_s20230770900209_e20230770909517_c20230770911073.nc
2023-03-18T04:05:06,G16,0.0,58,0.0,243,0.0013,1509,ABI-L2-ACMF/2023/077/04/OR_ABI-L2-ACMF-M6_G16_s20230770400207_e20230770409517_c20230770411176.nc
2023-03-18T05:05:06,G16,0.0,58,0.0,243,0.0013,1509,ABI-L2-ACMF/2023/077/05/OR_ABI-L2-ACMF-M6_G16_s20230770500207_e20230770509515_c20230770511145.nc
2023-03-18T07:05:06,G16,0.0,58,0.0,243,0.0033,1509,ABI-L2-ACMF/2023/077/07/OR_ABI-L2-ACMF-M6_G16_s20230770700209_e20230770709517_c20230770711124.nc
2023-03-18T10:05:06,G16,0.0,58,0.0,243,0.0027,1509,ABI-L2-ACMF/2023/077/10/OR_ABI-L2-ACMF-M6_G16_s20230771000209_e20230771009517_c20230771011073.nc
2023-03-18T22:05:05,G16,0.0,58,0.0,243,0.0073,1509,ABI-L2-ACMF/2023/077/22/OR_ABI-L2-ACMF-M6_G16_s20230772200202_e20230772209510_c20230772211158.nc
2023-03-18T23:05:05,G16,0.0,58,0.0,243,0.0053,1509,ABI-L2-ACMF/2023/077/23/OR_ABI-L2-ACMF-M6_G16_s20230772300202_e20230772309510_c20230772311053.nc
2023-03-19T00:05:05,G16,0.0,58,0.0,243,0.0007,1509,ABI-L2-ACMF/2023/078/00/OR_ABI-L2-ACMF-M6_G16_s20230780000202_e20230780009511_c20230780011138.nc
2023-03-18T11:05:06,G16,0.0,58,0.0,243,0.0,1509,ABI-L2-ACMF/2023/077/11/OR_ABI-L2-ACMF-M6_G16_s20230771100209_e20230771109517_c20230771111119.nc
2023-03-19T01:05:05,G16,0.0,58,0.0,243,0.0,1509,ABI-L2-ACMF/2023/078/01/OR_ABI-L2-ACMF-M6_G16_s20230780100202_e20230780109510_c20230780111095.nc
2023-03-19T03:05:05,G16,0.0,58,0.0,243,0.0013,1509,ABI-L2-ACMF/2023/078/03/OR_ABI-L2-ACMF-M6_G16_s20230780300202_e20230780309510_c20230780311042.nc
2023-03-19T05:05:05,G16,0.0,58,0.0,243,0.0007,1509,ABI-L2-ACMF/2023/078/05/OR_ABI-L2-ACMF-M6_G16_s20230780500202_e20230780509510_c20230780511148.nc
2023-03-19T07:05:05,G16,0.0,58,0.0,243,0.0007,1509,ABI-L2-ACMF/2023/078/07/OR_ABI-L2-ACMF-M6_G16_s20230780700205_e20230780709513_c20230780711176.nc
2023-03-19T02:05:05,G16,0.0,58,0.0,243,0.0013,1509,ABI-L2-ACMF/2023/078/02/OR_ABI-L2-ACMF-M6_G16_s20230780200202_e20230780209514_c20230780211082.nc
2023-03-19T04:05:05,G16,0.0,58,0.0,243,0.002,1509,ABI-L2-ACMF/2023/078/04/OR_ABI-L2-ACMF-M6_G16_s20230780400202_e20230780409510_c20230780411184.nc
2023-03-19T08:05:05,G16,0.0,58,0.0,243,0.0,1509,ABI-L2-ACMF/2023/078/08/OR_ABI-L2-ACMF-M6_G16_s20230780800205_e20230780809513_c20230780811054.nc
2023-03-19T09:05:05,G16,0.0,58,0.0,243,0.0013,1509,ABI-L2-ACMF/2023/078/09/OR_ABI-L2-ACMF-M6_G16_s20230780900205_e20230780909513_c20230780911186.nc
2023-03-19T22:05:05,G16,0.0,58,0.0,243,0.0285,1509,ABI-L2-ACMF/2023/078/22/OR_ABI-L2-ACMF-M6_G16_s20230782200203_e20230782209511_c20230782211054.nc
2023-03-19T06:05:05,G16,0.0,58,0.0,243,0.002,1509,ABI-L2-ACMF/2023/078/06/OR_ABI-L2-ACMF-M6_G16_s20230780600205_e20230780609513_c20230780611151.nc
2023-03-19T11:05:05,G16,0.0,58,0.0,243,0.0,1509,ABI-L2-ACMF/2023/078/11/OR_ABI-L2-ACMF-M6_G16_s20230781100205_e20230781109513_c20230781111204.nc
2023-03-19T10:05:05,G16,0.0,58,0.0,243,0.006,1509,ABI-L2-ACMF/2023/078/10/OR_ABI-L2-ACMF-M6_G16_s20230781000205_e20230781009513_c20230781011209.nc
2023-03-19T23:05:05,G16,0.0,58,0.0,243,0.0179,1509,ABI-L2-ACMF/2023/078/23/OR_ABI-L2-ACMF-M6_G16_s20230782300203_e20230782309511_c20230782311172.nc
